time_s,slot_index,distance_m,area_m2,diameter_m,perimeter_m,prev_regression_m_per_s,totalregression_m,totalflux,fuelflux,OF,mdotfuel,mdot_from_fit,mdot_fullgrain,total_fuel_mass_kg
0.0,0,0.0,0.0007079391664978963,0.030022926940123144,0.09431980671435396,0.0011463470061573195,2.254289964148694e-05,147.12990294717437,5.658842421045168,25.0,0.0,,0.05280233408186178,0.0005280233408186179
0.0,1,0.0665,0.0007080638461580591,0.030025570587845878,0.09432811197861837,0.0012785293922940083,2.3864723502853826e-05,151.46843440593042,9.997373879801213,14.150822228621324,0.007066727175594144,,0.05280233408186178,0.0005280233408186179
0.0,2,0.133,0.0007082804061785707,0.030030161869487808,0.09434253591529522,0.0015080934743904196,2.616036432381794e-05,162.95765894183188,21.486598415702687,6.584153423872823,0.01518798144001627,,0.05280233408186178,0.0005280233408186179
0.0,3,0.1995,0.0007083245223594632,0.03003109708907942,0.09434547399429373,0.0015548544539710967,2.662797411962471e-05,175.58615344834436,34.11509292221517,4.146876013167933,0.024114538192716972,,0.05280233408186178,0.0005280233408186179
0.0,4,0.266,0.0007083613087172406,0.030031876901371705,0.09434792384686234,0.0015938450685854043,2.7017880265767785e-05,188.56820223785235,47.097141711723125,3.0038141463458516,0.033291007741491026,,0.05280233408186178,0.0005280233408186179
0.0,5,0.3325,0.0007084165397984091,0.030033047674449986,0.0943516019389641,0.001652383722499315,2.7603266804906893e-05,201.95222583207152,60.48116530594232,2.339092836761688,0.04275161653628211,,0.05280233408186178,0.0005280233408186179
0.0,6,0.399,0.0007085523430988575,0.03003592620093847,0.09436064509663349,0.0017963100469237262,2.9042530049151005e-05,216.17108253428881,74.70002200815962,1.893855673973912,0.05280233408186178,,0.05280233408186178,0.0005280233408186179
0.01,0,0.0,0.0007090195665639905,0.030045827499675517,0.09439175094400679,0.0011450279776185658,3.39931794176726e-05,146.90527791318218,5.650202996660853,25.0,0.0,0.0,0.05278295564793979,0.0010558528972980158
0.01,1,0.0665,0.0007092706335805746,0.030051146710136558,0.09440846173651408,0.0012788061145340831,3.665278464819466e-05,151.25662383895508,10.02642186974271,14.085802872050555,0.007099346832293302,0.007099346832293302,0.05278295564793979,0.0010558528972980158
0.01,2,0.133,0.0007097019470248708,0.030060282499131726,0.09443716266410605,0.0015060314821959695,4.1220679145777635e-05,162.66476284725096,21.47774266757916,6.573643346271898,0.015212264300391787,0.015212264300391787,0.05278295564793979,0.0010558528972980158
0.01,3,0.1995,0.0007097899623363208,0.03006214643871401,0.0944430184030045,0.0015524674817295173,4.215264893691988e-05,175.2394785026221,34.061251795328126,4.144833770515096,0.0241264199088912,0.0241264199088912,0.05278295564793979,0.0010558528972980158
0.01,4,0.266,0.0007098640940932151,0.030063716270399506,0.09444795017469503,0.001591968451390009,4.293756477966787e-05,188.35077448952808,47.179879397744635,2.992184314454435,0.03342040111530797,0.03342040111530797,0.05278295564793979,0.0010558528972980158
0.01,5,0.3325,0.0007099747806178113,0.030066060041968736,0.09445531335023861,0.001650618375937475,4.410945056428164e-05,201.65830166241068,60.49841283703604,2.3332825144622484,0.04285807628530873,0.04285807628530873,0.05278295564793979,0.0010558528972980158
0.01,6,0.399,0.0007102448943822839,0.030071778896064213,0.09447327966025192,0.0017926347562870198,4.6968877612021204e-05,215.6269147029318,74.49408101184629,1.8945509733671608,0.05278295564793979,0.05278295564793979,0.05278295564793979,0.0010558528972980158
0.02,0,0.0,0.0007100995482388812,0.030068701759742102,0.09446361255138827,0.0011437130033293214,4.543030945096581e-05,146.68142446900129,5.641593248807742,25.0,0.0,0.0,0.05278069829845971,0.0015836598802826127
0.02,1,0.0665,0.0007104771289749993,0.030076694902214134,0.09448872374905751,0.0012774096038788553,4.942688068698321e-05,151.00519681230827,10.015290751803379,14.077465103558566,0.007103551617025252,0.007103551617025252,0.05278069829845971,0.0015836598802826127
0.02,2,0.133,0.000711122818292241,0.0300903588116393,0.09453165018652691,0.0015038156253786923,5.625883539956456e-05,162.34926477011655,21.445043752817305,6.570479530907378,0.015219589305407984,0.015219589305407984,0.05278069829845971,0.0015836598802826127
0.02,3,0.1995,0.0007112546318714441,0.030093147453777135,0.09454041096418063,0.0015500507531561953,5.765315646848183e-05,174.88305884894515,33.996310224262785,4.144177638552465,0.024130239753653363,0.024130239753653363,0.05278069829845971,0.0015836598802826127
0.02,4,0.266,0.0007113660399634291,0.03009550419685791,0.0945478148909296,0.0015893963229202856,5.883152800887072e-05,187.95105349585512,47.079017803247474,2.992246700671194,0.033419704323700616,0.033419704323700616,0.05278069829845971,0.0015836598802826127
0.02,5,0.3325,0.0007115321091813761,0.03009901690684507,0.09455885039481945,0.0016478432438167276,6.058788300244892e-05,201.21465845448623,60.36458500119929,2.3333229815211785,0.04285733299331169,0.04285733299331169,0.05278069829845971,0.0015836598802826127
0.02,6,0.399,0.000711936327143527,0.030107565246174396,0.09458570579485685,0.001789317505509205,6.486205266711325e-05,215.1098860504116,74.31337939340526,1.8946320004053128,0.05278069829845971,0.05278069829845971,0.05278069829845971,0.0015836598802826127
0.03,0,0.0,0.0007111791125012766,0.030091549801003644,0.09453539178996445,0.0011424020630770625,5.6854330081736434e-05,146.45833849342748,5.63301301897798,25.0,0.0,0.0,0.05278069829845971,0.0021114668632672097
0.03,1,0.0665,0.0007116830997985997,0.030102210317238805,0.0945688827894523,0.0012757707512336194,6.218458819931941e-05,150.74876762260152,9.998283304732833,14.077465103558566,0.007103551617025252,0.007103551617025252,0.05278069829845971,0.0021114668632672097
0.03,2,0.133,0.0007125429562817642,0.030120389593437207,0.09462599467000478,0.0015015390898954386,7.127422629851894e-05,162.0248800089237,21.402195111609238,6.570479530907378,0.015219589305407984,0.015219589305407984,0.05278069829845971,0.0021114668632672097
0.03,3,0.1995,0.0007127185155041724,0.030124099956759763,0.09463765112016108,0.0015476251491313995,7.312940795979583e-05,174.52292637735584,33.926302441310206,4.144177638552465,0.024130239753653363,0.024130239753653363,0.05278069829845971,0.0021114668632672097
0.03,4,0.266,0.0007128671526611283,0.030127240977409576,0.09464751892755931,0.0015868390275833395,7.469991828470412e-05,187.55422219840526,46.97961730843758,2.992246700671194,0.033419704323700616,0.033419704323700616,0.05278069829845971,0.0021114668632672097
0.03,5,0.3325,0.0007130885352011386,0.030131918656390963,0.09466221428948308,0.0016450874772946673,7.703875777539559e-05,200.77426043031326,60.232465183643534,2.3333229815211785,0.04285733299331169,0.04285733299331169,0.05278069829845971,0.0021114668632672097
0.03,6,0.399,0.0007136266878013337,0.030143286467919056,0.09469792732266713,0.0017860610872330682,8.272266353944394e-05,214.59882362156662,74.13682415986489,1.8946320004053128,0.05278069829845971,0.05278069829845971,0.05278069829845971,0.0021114668632672097
0.04,0,0.0,0.0007122582603257218,0.030114371703739415,0.09460708891194008,0.001141095136788521,6.826528144962165e-05,146.2360158951003,5.62446214981155,25.0,0.0,0.0,0.05272680915139085,0.002638734954781118
0.04,1,0.0665,0.0007128882705022657,0.030127687215937143,0.09464892082723926,0.0012738449349168916,7.492303754848833e-05,150.48631201038003,9.974334097318481,14.08735425764784,0.0070985650088064844,0.0070985650088064844,0.05272680915139085,0.002638734954781118
0.04,2,0.133,0.0007139622578654232,0.030150372803046072,0.09472018970104304,0.0014991604804433449,8.626583110295238e-05,161.6855080160386,21.343091999709962,6.57554285097191,0.015207869869667007,0.015207869869667007,0.05272680915139085,0.002638734954781118
0.04,3,0.1995,0.0007141815184626959,0.030155002096264396,0.09473473305460904,0.001545106975231703,8.858047771211285e-05,174.13528381707505,33.827437416788015,4.147752744955327,0.02410944097900345,0.02410944097900345,0.05272680915139085,0.002638734954781118
0.04,4,0.266,0.0007143672755831508,0.030158923467809483,0.09474705240664708,0.001584124519995278,9.054116348465691e-05,187.115538347503,46.83694699047288,2.9950413161123466,0.0333885210404386,0.0333885210404386,0.05272680915139085,0.002638734954781118
0.04,5,0.3325,0.0007146436849344823,0.030164757583210234,0.09476538082073027,0.0016419463409635443,9.345822118503104e-05,200.27724956770064,60.042208526417674,2.335607641407488,0.04281541052834449,0.04281541052834449,0.05272680915139085,0.002638734954781118
0.04,6,0.399,0.0007153149702727064,0.030178921569404483,0.09480987829570367,0.0017817550742713721,0.00010054021428215766,214.01499097789969,73.88570250061815,1.896568398684565,0.05272680915139085,0.05272680915139085,0.05272680915139085,0.002638734954781118
0.05,0,0.0,0.0007133369926826261,0.030137167547829986,0.0946787041682674,0.001139792204528464,7.966320349490628e-05,146.0144526122307,5.6159404850857975,25.0,0.0,0.0,0.0526896891438603,0.003165631846219721
0.05,1,0.0665,0.0007140927041507656,0.03015312702741827,0.09472884235209708,0.0012719905740562999,8.764294328905132e-05,150.22646359676398,9.952027702980844,14.095060833860817,0.0070946838171686505,0.0070946838171686505,0.0526896891438603,0.003165631846219721
0.05,2,0.133,0.000715380749129125,0.03018030913250338,0.09481423745374155,0.0014968164728653543,0.00010123399583160592,161.3513892033463,21.287963023121932,6.579465871304567,0.015198802145343774,0.015198802145343774,0.0526896891438603,0.003165631846219721
0.05,3,0.1995,0.0007156436730559453,0.030185854708362183,0.0948316593941195,0.0015426306048893074,0.00010400678376100593,173.75827990338928,33.73785454254548,4.150246874301671,0.02409495218686869,0.02409495218686869,0.0526896891438603,0.003165631846219721
0.05,4,0.266,0.0007158664682547648,0.030190553094169466,0.09484641980845539,0.0015814813179992311,0.00010635597666464923,186.69446587639777,46.71045006552765,2.9968457939175037,0.0333684169545738,0.0333684169545738,0.0526896891438603,0.003165631846219721
0.05,5,0.3325,0.0007161976975452464,0.030197536826087012,0.0948683598493422,0.0016389621438388606,0.00010984784262341964,199.8037266829885,59.873853785324975,2.337078107572227,0.04278847150037304,0.04278847150037304,0.0526896891438603,0.003165631846219721
0.05,6,0.399,0.0007170014946425731,0.030214477599540605,0.09492158085877013,0.0017778015068061711,0.00011831822935021937,213.45798073490474,73.65942463607732,1.8979045354958708,0.0526896891438603,0.0526896891438603,0.0526896891438603,0.003165631846219721
0.060000000000000005,0,0.0,0.0007144153105382864,0.030159937412759956,0.09475023780865463,0.0011384932464984809,9.104813595989109e-05,145.79364461233138,5.6074478697050525,25.0,0.0,0.0,0.0526554872743138,0.003692186718962859
0.060000000000000005,1,0.0665,0.0007152964147770619,0.030178530141500272,0.0948086485886754,0.001270155704099995,0.00010034450033005127,149.96795932247747,9.930119111065482,14.10233237337132,0.007091025608559947,0.007091025608559947,0.0526554872743138,0.003692186718962859
0.060000000000000005,2,0.133,0.0007167984370597027,0.0302101988684082,0.09490813882847789,0.0014944867952410097,0.00011617886378401602,161.01951694278057,21.233815242342178,6.583164641165985,0.015190262654936181,0.015190262654936181,0.0526554872743138,0.003692186718962859
0.060000000000000005,3,0.1995,0.000717104985159376,0.030216658068549535,0.09492843100418996,0.0015401680093676258,0.0001194084638546822,173.3840389581602,33.64969382941828,4.152618619268952,0.024081190489292876,0.024081190489292876,0.0526554872743138,0.003692186718962859
0.060000000000000005,4,0.266,0.0007173647384850928,0.030222130186964298,0.09494562217120137,0.0015788546397416969,0.00012214452306206618,186.27671948655134,46.58586311246612,2.9985675275962578,0.03334925729692105,0.03334925729692105,0.0526554872743138,0.003692186718962859
0.060000000000000005,5,0.3325,0.0007177505905746695,0.030230256948572013,0.09497115314576564,0.0016360061242501193,0.00012620790386592084,199.33470093775796,59.70844921599448,2.3384672279239322,0.042763053852492516,0.042763053852492516,0.0526554872743138,0.003692186718962859
0.060000000000000005,6,0.399,0.0007186863221076415,0.030249956125054496,0.09503303993388477,0.001773926275694606,0.00013605749210716543,212.90818556858505,73.43846235712896,1.8991373012852475,0.0526554872743138,0.0526554872743138,0.0526554872743138,0.003692186718962859
0.07,0,0.0,0.0007154932148549148,0.03018268137762067,0.09482169008157455,0.0011371982430357869,0.00010242011839024896,145.57358789195,5.598984149690385,25.0,0.0,0.0,0.0526217806479398,0.004218404525442257
0.07,1,0.0665,0.0007164994066240058,0.030203896740204954,0.09488834010881259,0.0012683299352341728,0.000113027799682393,149.71054378085003,9.908361169369668,14.109516217844332,0.00708741522076638,0.00708741522076638,0.0526217806479398,0.004218404525442257
0.07,2,0.133,0.0007182153249641252,0.03024004221854096,0.09500189447801348,0.001492167506638042,0.00013110053885039645,160.6893048962874,21.180072133171148,6.586815752370551,0.015181842601868842,0.015181842601868842,0.0526217806479398,0.004218404525442257
0.07,3,0.1995,0.0007185654582869852,0.03024741240125731,0.09502504858989076,0.0015377166353887776,0.00013478563020856996,173.01176181144777,33.56216646694591,4.154964056978873,0.024067596886195756,0.024067596886195756,0.0526217806479398,0.004218404525442257
0.07,4,0.266,0.0007188620901318485,0.030253654991865733,0.09504466026668557,0.0015762402450716971,0.00013790692551278314,185.8612313211916,46.46212981088219,3.0002736008382436,0.033330293601243934,0.033330293601243934,0.0526217806479398,0.004218404525442257
0.07,5,0.3325,0.000719302370137388,0.0302629182710566,0.09507376171653974,0.0016330661242294291,0.00014253856510821513,198.86838266953254,59.54422005207702,2.339843606912702,0.04273789910768636,0.04273789910768636,0.0526217806479398,0.004218404525442257
0.07,6,0.399,0.0007203694668401704,0.0302853577162412,0.0951442573126823,0.0017700795593352367,0.0001537582877005178,212.36216128387764,73.21939910254525,1.900353784472611,0.0526217806479398,0.0526217806479398,0.0526217806479398,0.004218404525442257
0.08,0,0.0,0.0007165707065906618,0.03020539952111291,0.09489306123427298,0.0011359071746120382,0.00011377919013636935,145.35427847640565,5.590549172169448,25.0,0.0,0.0,0.0525882482726271,0.004744287008168528
0.08,1,0.0665,0.000717701682218129,0.03022922696866513,0.09496791736845682,0.0012665114230087453,0.00012569291391248047,149.45416643195867,9.88670960575007,14.116674039362572,0.007083821565983784,0.007083821565983784,0.0525882482726271,0.004744287008168528
0.08,2,0.133,0.0007196314154274808,0.030269839374466565,0.09509550500416722,0.0014898577962802334,0.00014599911681319877,160.36063306036561,21.126622695862473,6.590452831430143,0.015173464184903328,0.015173464184903328,0.0525882482726271,0.004744287008168528
0.08,3,0.1995,0.0007200250952297506,0.030278117914563644,0.09512151280491865,0.0015352756653166221,0.00015013838686173619,172.64128976729697,33.47512355831484,4.157301046747439,0.024054067500893957,0.024054067500893957,0.0525882482726271,0.004744287008168528
0.08,4,0.266,0.0007203585265278753,0.030285127742217706,0.09514353482797959,0.0015736375175985772,0.0001536433006887689,185.44782956034845,46.33908899279574,3.001974004909327,0.033311414368166876,0.033311414368166876,0.0525882482726271,0.004744287008168528
0.08,5,0.3325,0.0007208530413772861,0.03029552109180783,0.0951761864986981,0.0016301410375615024,0.00015883997548383016,198.40454276814256,59.38094969851339,2.34121538600299,0.042712857859149696,0.042712857859149696,0.0525882482726271,0.004744287008168528
0.08,6,0.399,0.0007220509377743945,0.030320682830165077,0.09525523443107278,0.0017662556961938298,0.0001714208446624561,211.81942780270856,73.00177296977934,1.9015655262290105,0.0525882482726271,0.0525882482726271,0.0525882482726271,0.004744287008168528
0.09,0,0.0,0.000717647786699642,0.030228091921549554,0.09496435151277705,0.0011346200218321583,0.00012512539035469092,145.13571241952764,5.582142785366448,25.0,0.0,0.0,0.05255484705832418,0.00526983547875177
0.09,1,0.0665,0.0007189032437969708,0.030254520965315033,0.09504738080251209,0.0012646998324952023,0.0001383399122374325,149.19881347978227,9.865156505564272,14.123816170136706,0.007080239419388598,0.007080239419388598,0.05255484705832418,0.00526983547875177
0.09,2,0.133,0.0007210467108967171,0.030299590523882043,0.09518897099660674,0.0014875574707738412,0.00016087469152093717,160.0334715555134,21.073445830959294,6.594081805093592,0.01516511365126758,0.01516511365126758,0.05255484705832418,0.00526983547875177
0.09,3,0.1995,0.0007214838985300546,0.03030877481024525,0.09521782428317385,0.0015328447840803336,0.00016546683470253953,172.272582729542,33.38853457273253,4.159632937895757,0.024040582785313562,0.024040582785313562,0.05255484705832418,0.00526983547875177
0.09,4,0.266,0.0007218540508228142,0.030316548666279166,0.09524224657218007,0.0015710462030729606,0.00016935376271949852,185.0364688567748,46.21670575630936,3.0036706603978196,0.03329259805958738,0.03329259805958738,0.05255484705832418,0.00526983547875177
0.09,5,0.3325,0.0007224026086856101,0.0303280656916718,0.09527842837454478,0.0016272299931985362,0.00017511227541581553,197.94312695201597,59.2185960699146,2.3425839193877636,0.042687905083090935,0.042687905083090935,0.05255484705832418,0.00526983547875177
0.09,6,0.399,0.0007237307432829286,0.030355931909404412,0.09536597267945689,0.001762453961966671,0.0001890453842821228,211.27989602582596,72.78551180934134,1.9027740655209646,0.05255484705832418,0.05255484705832418,0.05255484705832418,0.00526983547875177
0.09999999999999999,0,0.0,0.0007187244561319586,0.030250758656858216,0.0950355611619036,0.0011333367654331808,0.00013645875800902274,144.91788580339795,5.573764838592228,25.0,0.0,0.0,0.05252156464652173,0.005795051125216987
0.09999999999999999,1,0.0665,0.0007201040935049035,0.030279778866037155,0.0951267308378658,0.001262895036106211,0.0001509688625984946,148.94447668732928,9.843699409098612,14.13094523687494,0.007076667436163316,0.007076667436163316,0.05252156464652173,0.005795051125216987
0.09999999999999999,2,0.133,0.0007224612137851699,0.0303292958528325,0.09528229303980996,0.0014852664475228823,0.00017572735599616598,159.70780588679384,21.02053571585476,6.597703885649978,0.015156788139204042,0.015156788139204042,0.05252156464652173,0.005795051125216987
0.09999999999999999,3,0.1995,0.0007229418711154807,0.030339383297111715,0.09531398368065104,0.0015304243433231907,0.00018077107813577143,171.9056230518956,33.30239129060583,4.161960339478322,0.024027139098719633,0.024027139098719633,0.05252156464652173,0.005795051125216987
0.09999999999999999,4,0.266,0.0007233486661474452,0.030347917990701773,0.0953407962113342,0.0015684662211304112,0.00018503842493080265,184.62712728905706,46.094968487684724,3.005363998423911,0.03327383972538519,0.03327383972538519,0.05252156464652173,0.005795051125216987
0.09999999999999999,5,0.3325,0.0007239510766411466,0.03036055235388685,0.09538048823389923,0.0016243331107523979,0.00019135560652333951,197.48410506190683,59.05714093182568,2.343949638365974,0.04266303267066459,0.04266303267066459,0.05252156464652173,0.005795051125216987
0.09999999999999999,6,0.399,0.0007254088906549879,0.030391105371216694,0.09547647336868767,0.001758673090614115,0.00020663211518826395,210.74352037978352,72.5705866912295,1.9039798351975137,0.05252156464652173,0.05252156464652173,0.05252156464652173,0.005795051125216987
0.10999999999999999,0,0.0,0.0007198007158337273,0.030273399804583878,0.09510669042526738,0.0011320573862830985,0.0001477793318718537,144.7007947380957,5.5654151822344495,25.0,0.0,0.0,0.05248840106703227,0.00631993513588731
0.10999999999999999,1,0.0665,0.0007213042334490791,0.030305000805349782,0.09520596789711964,0.0012610969656313017,0.00016357983225480762,148.69114940242955,9.822337376548388,14.138061716088222,0.007073105352638709,0.007073105352638709,0.05248840106703227,0.00631993513588731
0.10999999999999999,2,0.133,0.0007238749264934691,0.030358955546160412,0.09537547171447666,0.0014829846663956012,0.000190557202660122,159.3836249704853,20.96788985292385,6.601319259518152,0.015148487153657112,0.015148487153657112,0.05248840106703227,0.00631993513588731
0.10999999999999999,3,0.1995,0.0007243990154071646,0.030369943572282423,0.09540999161661902,0.0015280137585354267,0.0001960512157211257,171.54039819885452,33.21669058775352,4.164283231216863,0.024013736445774505,0.024013736445774505,0.05248840106703227,0.00631993513588731
0.10999999999999999,4,0.266,0.0007248423756447209,0.030379235941192437,0.09543918445452117,0.0015658975245332418,0.00020069740017613507,184.21979199580235,45.97387452891882,3.0070538731714485,0.03325514081812343,0.03325514081812343,0.05248840106703227,0.00631993513588731
0.10999999999999999,5,0.3325,0.000725498449931886,0.03039298136243532,0.0954823669689183,0.0016214504274234948,0.00020757011079757448,197.02746203586398,58.89658105981599,2.3453123846995596,0.04263824326873635,0.04263824326873635,0.05248840106703227,0.00631993513588731
0.10999999999999999,6,0.399,0.0007270853876595581,0.030426203640402546,0.09558673783331566,0.0017549134592926012,0.00022418124978118995,210.2102731734472,72.35698616767617,1.9051828207205488,0.05248840106703227,0.05248840106703227,0.05248840106703227,0.00631993513588731
0.11999999999999998,0,0.0,0.0007208765667471015,0.030296015441891474,0.09517773954528919,0.0011307818653797312,0.00015908715052565103,144.484435361445,5.557093667747885,25.0,0.0,0.0,0.052455355247565956,0.006844488688362969
0.11999999999999998,1,0.0665,0.0007225036657830137,0.03033018691816868,0.09528509240412397,0.0012593056409448261,0.0001761728886642559,148.43882579662602,9.801070238437456,14.145164985603758,0.0070695534553167115,0.0070695534553167115,0.052455355247565956,0.006844488688362969
0.11999999999999998,2,0.133,0.000725287851387771,0.030388569787058256,0.09546850759612296,0.001480712044892245,0.00020536432310904444,159.06091829905478,20.915506239527893,6.604927964805746,0.015140210541711947,0.015140210541711947,0.052455355247565956,0.006844488688362969
0.11999999999999998,3,0.1995,0.000725855334237896,0.03040045584047463,0.09550584873421603,0.0015256134096104175,0.00021130734981722989,171.17689353261454,33.131427051972274,4.166601887208012,0.024000373135483016,0.024000373135483016,0.052455355247565956,0.006844488688362969
0.11999999999999998,4,0.266,0.0007263351822965582,0.030410502738896002,0.09553741199648796,0.0015633398851782286,0.00021633079902791736,183.81444383955375,45.85341484886642,3.00874055826396,0.03323649815047526,0.03323649815047526,0.052455355247565956,0.006844488688362969
0.11999999999999998,5,0.3325,0.0007270447328958207,0.030425352992436632,0.09558406544391515,0.0016185815000655799,0.00022375592579823028,196.5731749137782,58.73690522996482,2.3466723203097146,0.042613533698135565,0.042613533698135565,0.052455355247565956,0.006844488688362969
0.11999999999999998,6,0.399,0.0007287602420227924,0.030461227138350602,0.09569676739717228,0.0017511748974029053,0.000241692998755219,209.6801253815733,72.14469735998468,1.9063830476038999,0.052455355247565956,0.052455355247565956,0.052455355247565956,0.006844488688362969
0.12999999999999998,0,0.0,0.0007219520098102953,0.030318605645568465,0.09524870876320392,0.0011295101838495988,0.000170382252364147,144.26880383876505,5.548800147644809,25.0,0.0,0.0,0.05242242570806189,0.007368712945443588
0.12999999999999998,1,0.0665,0.000723702392595336,0.030355337337473844,0.09536410477664778,0.001257520965258216,0.00018874809831683804,148.18749902242686,9.779896769468097,14.152255950702267,0.007066011266920153,0.007066011266920153,0.05242242570806189,0.007368712945443588
0.12999999999999998,2,0.133,0.0007266999908433311,0.030418138757991257,0.0955614012579803,0.0014784485466501315,0.00022014880857554575,158.73967551904929,20.863382942716623,6.608530023864855,0.015131958187203209,0.015131958187203209,0.05242242570806189,0.007368712945443588
0.12999999999999998,3,0.1995,0.0007273108303540898,0.03043092030354972,0.09560155566760828,0.0015232231537544248,0.00022653958135477413,170.81509847409302,33.04659932130535,4.168916075548127,0.023987050395791923,0.023987050395791923,0.05242242570806189,0.007368712945443588
0.12999999999999998,4,0.266,0.0007278270892479042,0.030441718607199564,0.09563547953902586,0.0015607934151781865,0.00023193873317969922,183.41107077186865,45.73358737664658,3.0104238764686495,0.03321791352429217,0.03321791352429217,0.05242242570806189,0.007368712945443588
0.12999999999999998,5,0.3325,0.0007285899299936416,0.030457667520079872,0.09568558452656338,0.0016157263821620508,0.0002399131896198508,196.1212259149314,58.57810721066706,2.348029413268883,0.04258890431052218,0.04258890431052218,0.05242242570806189,0.007368712945443588
0.12999999999999998,6,0.399,0.0007304334609150198,0.03049617627235862,0.09580656333982121,0.0017474567004010344,0.0002591675657592293,209.15304776367697,71.93370697961642,1.9075805563995736,0.05242242570806189,0.05242242570806189,0.05242242570806189,0.007368712945443588
0.13999999999999999,0,0.0,0.000723027045957608,0.030341170492027402,0.0953195983190687,0.0011282423229468123,0.00018166467559361512,144.05389636262348,5.540534475485519,25.0,0.0,0.0,0.05238961231135735,0.007892609068557162
0.13999999999999999,1,0.0665,0.0007249004159655485,0.030380452195487562,0.09544300543007962,0.0012557429006859549,0.0002013055273236976,147.9371629804126,9.758816434699574,14.15933453306798,0.0070624788026907685,0.0070624788026907685,0.05238961231135735,0.007892609068557162
0.13999999999999999,2,0.133,0.0007281113472012126,0.030447662639798444,0.0956541532681712,0.0014761940903593388,0.00023491074947913914,158.4198860907184,20.811517768117238,6.612125547777875,0.01512372977152662,0.01512372977152662,0.05238961231135735,0.007892609068557162
0.13999999999999999,3,0.1995,0.0007287655061377279,0.03046133715471944,0.0956971130237884,0.0015208425584860197,0.00024174800693963432,170.45499994974713,32.96220343616406,4.171225894526656,0.02397376755145692,0.02397376755145692,0.05238961231135735,0.007892609068557162
0.13999999999999999,4,0.266,0.0007293180995520325,0.0304728837664036,0.09573338777422921,0.0015582579602018308,0.0002475213127817175,183.00965795986284,45.61438719117738,3.012103838923438,0.033199386657181515,0.033199386657181515,0.05238961231135735,0.007892609068557162
0.13999999999999999,5,0.3325,0.000730134045500837,0.03048992521619442,0.09578692506769858,0.0016128848057273685,0.0002560420376771245,195.67159790056422,58.420181317202044,2.3493836117716396,0.04256435581611609,0.04256435581611609,0.05238961231135735,0.007892609068557162
0.13999999999999999,6,0.399,0.0007321050524948853,0.03053105146792197,0.09591612699799552,0.0017437597781672913,0.00027660516354090225,208.62901340863777,71.72400377952083,1.908775339005923,0.05238961231135735,0.05238961231135735,0.05238961231135735,0.007892609068557162
0.15,0,0.0,0.0007241016761194476,0.03036371005730844,0.09539040845177071,0.0011269782640519726,0.00019293445823413485,143.83970915259187,5.532296505868918,25.0,0.0,0.0,0.05235691302909127,0.008416178198848075
0.15,1,0.0665,0.0007260977379918708,0.030405531624262076,0.09552179477927386,0.0012539714387255747,0.00021384524171095336,147.6878114490482,9.737828530632308,14.166400905958278,0.007058955952456546,0.007058955952456546,0.05235691302909127,0.008416178198848075
0.15,2,0.133,0.0007295219228118816,0.030477141612613882,0.09574676419260356,0.001473948640771926,0.0002496502358868584,158.10153949505795,20.759908459653754,6.615714674384207,0.015115524916332345,0.015115524916332345,0.05235691302909127,0.008416178198848075
0.15,3,0.1995,0.0007302193643374892,0.030491706593857037,0.09579252143067672,0.0015184719568798583,0.0002569327265084329,170.09658437771478,32.87823477445952,4.173531533689553,0.02396052340632404,0.02396052340632404,0.05235691302909127,0.008416178198848075
0.15,4,0.266,0.0007308082161956471,0.030503998434265336,0.09583113738620254,0.0015557333930868032,0.00026307864671258553,182.61018726155308,45.49580594916992,3.013780687071988,0.03318091473243666,0.03318091473243666,0.05235691302909127,0.008416178198848075
0.15,5,0.3325,0.0007316770839817789,0.030522126356171707,0.09588808793248843,0.0016100569988642458,0.00027214260766576695,195.2242671943782,58.26311517549818,2.3507351367384026,0.042539883986567696,0.042539883986567696,0.05235691302909127,0.008416178198848075
0.15,6,0.399,0.0007337750238494785,0.030565853125737275,0.09602545963052084,0.001740082890765381,0.0002940059924485561,208.10799284868432,71.51557396123427,1.9099674563402282,0.05235691302909127,0.05235691302909127,0.05235691302909127,0.008416178198848075
0.16,0,0.0,0.0007251759012223546,0.030386224417081862,0.09546113939903517,0.001125717988671083,0.00020419163812084568,143.6262384550042,5.524086094423239,25.0,0.0,0.0,0.05232432939068375,0.008939421492754913
0.16,1,0.0665,0.0007272943607632638,0.03043057575509654,0.09560047323671896,0.001252206541723093,0.0002263673071281843,147.43943882704963,9.716932933332627,14.173454405687881,0.007055443023111535,0.007055443023111535,0.05232432939068375,0.008939421492754913
0.16,2,0.133,0.0007309317200131637,0.030506575855412714,0.09583923459354433,0.001471712139941566,0.0002643673572862741,157.78462665804648,20.70855413296278,6.6192971100234015,0.015107344229732946,0.015107344229732946,0.05232432939068375,0.008939421492754913
0.16,3,0.1995,0.000731672407562495,0.030522028816907822,0.09588778150385358,0.0015161111525392088,0.000272093838033825,169.73984128999706,32.79469181326735,4.175832791980301,0.023947319009527943,0.023947319009527943,0.05232432939068375,0.008939421492754913
0.16,4,0.266,0.000732297442284889,0.030535062829893378,0.09592872906329579,0.0015532197814020147,0.0002786108445266057,182.212647715416,45.3778423808949,3.0154541986802723,0.03316250004518904,0.03316250004518904,0.05232432939068375,0.008939421492754913
0.16,5,0.3325,0.0007332190496385953,0.03055427120637954,0.09598907395775211,0.0016072425103916587,0.00028821503276968354,194.77922112212826,58.10690735250591,2.35208377104806,0.04251549253088091,0.04251549253088091,0.05232432939068375,0.008939421492754913
0.16,6,0.399,0.0007354433820319929,0.030600581643441076,0.09613456248660916,0.0017364258851901087,0.00031137025130045716,207.5899620997873,71.30840883106592,1.9111568397435557,0.05232432939068375,0.05232432939068375,0.05232432939068375,0.008939421492754913
0.17,0,0.0,0.0007262497221890242,0.030408713646650553,0.09553179139743306,0.0011244614784344685,0.00021543625290519036,143.41348054271782,5.51590309779684,25.0,0.0,0.0,0.052291858474274984,0.009462340077497662
0.17,1,0.0665,0.000728490286304414,0.03045558471739166,0.09567904120893922,0.0012504481147561867,0.00023887178827574615,147.19203871265515,9.696128672799539,14.180495606001147,0.007051939704962095,0.007051939704962095,0.052291858474274984,0.009462340077497662
0.17,2,0.133,0.0007323407411090791,0.030535965545578143,0.09593156502825934,0.0014694845082714226,0.0002790622023689883,157.46913706730874,20.657452388746613,6.6228730486190965,0.015099187205596599,0.015099187205596599,0.052291858474274984,0.009462340077497662
0.17,3,0.1995,0.0007331246384977716,0.030552304020401367,0.09598289386073483,0.0015137601746772087,0.00028723143978059707,169.38475832883387,32.711571030242695,4.178129725785205,0.023934153930849238,0.023934153930849238,0.052291858474274984,0.009462340077497662
0.17,4,0.266,0.00073378578079676,0.03056607716856716,0.0960261634818293,0.0015507169336891737,0.00029411801386349743,181.81702433020644,45.26049111607493,3.017124424565324,0.03314414188085961,0.03314414188085961,0.052291858474274984,0.009462340077497662
0.17,5,0.3325,0.0007347599468268879,0.030586360034948572,0.09608988398584688,0.0016044414284516408,0.00030425944705419995,194.33643973693023,57.951548960715215,2.3534296014877705,0.042491179654060136,0.042491179654060136,0.052291858474274984,0.009462340077497662
0.17,6,0.399,0.0007371101345627698,0.03063523742604871,0.0962434368386537,0.0017327891303816228,0.0003286981426042734,207.07489141244332,71.10249374981827,1.9123435830683868,0.052291858474274984,0.052291858474274984,0.052291858474274984,0.009462340077497662
0.18000000000000002,0,0.0,0.0007273231399383307,0.030431177820952466,0.09560236468238892,0.0011232087150957154,0.0002266683400561475,143.2014317148771,5.507747373649119,25.0,0.0,0.0,0.05225950130838593,0.009984935090581522
0.18000000000000002,1,0.0665,0.0007296855166865803,0.030480558640974143,0.09575749910379726,0.0012486961791241483,0.0002513587500669876,146.9456048437885,9.675414863227727,14.187524971385805,0.00704844574382675,0.00704844574382675,0.05225950130838593,0.009984935090581522
0.18000000000000002,2,0.133,0.0007337489883916647,0.0305653108593662,0.09602375605047318,0.001467265689402869,0.000293734859263017,157.15506035836802,20.60660089596398,6.626442670083861,0.015091053371889273,0.015091053371889273,0.05225950130838593,0.009984935090581522
0.18000000000000002,3,0.1995,0.0007345760596672049,0.030582532396517162,0.09607785910507016,0.0015114188057897466,0.00030234562783849455,169.03132306298005,32.628868761474585,4.180422413619131,0.023921027615347288,0.023921027615347288,0.05225950130838593,0.009984935090581522
0.18000000000000002,4,0.266,0.0007352732346965594,0.030597041664203385,0.09612344131384218,0.0015482247818112069,0.0003096002616816095,181.4233023906687,45.143746944094204,3.0187914090370573,0.03312583959946351,0.03312583959946351,0.05225950130838593,0.009984935090581522
0.18000000000000002,5,0.3325,0.0007362997798566212,0.03061839310762805,0.09619051885164863,0.0016016536339738857,0.0003202759833939388,193.8959050050501,57.79703294233496,2.3547726437532392,0.04246694485146192,0.04246694485146192,0.05225950130838593,0.009984935090581522
0.18000000000000002,6,0.399,0.0007387752889256077,0.030669820875466963,0.0963520839492819,0.0017291724709126083,0.0003459898673133995,206.5627565936282,70.89781954956378,1.9135276360540643,0.05225950130838593,0.05225950130838593,0.05225950130838593,0.009984935090581522
0.19000000000000003,0,0.0,0.00072839615538535,0.03045361701456308,0.0956728594881885,0.0011219596805306126,0.00023788793686145364,142.9900882966794,5.499618780641515,25.0,0.0,0.0,0.052227256822745274,0.010507207658808974
0.19000000000000003,1,0.0665,0.0007308800539443658,0.03050549765435954,0.0958358473250366,0.0012469506692698905,0.0002638282567596865,146.70013171924506,9.654791345643103,14.194541908504952,0.007044961411546712,0.007044961411546712,0.052227256822745274,0.010507207658808974
0.19000000000000003,2,0.133,0.0007351564641624579,0.03059461197236075,0.09611580821179887,0.0014650556497274618,0.00030838541576029164,156.8423873490324,20.555998431217066,6.630005804575564,0.01508294305428617,0.01508294305428617,0.052227256822745274,0.010507207658808974
0.19000000000000003,3,0.1995,0.0007360266735230078,0.030612714134969653,0.09617267783286508,0.0015090869226245904,0.00031743649706474043,168.67952377885695,32.546581949382684,4.182710861656436,0.023907939924013306,0.023907939924013306,0.052227256822745274,0.010507207658808974
0.19000000000000003,4,0.266,0.000736759806862647,0.030627956527802556,0.09622056322221206,0.0015457431799586118,0.0003250576934811956,181.031467198145,45.02760457791908,3.0204552050925746,0.03310759246864417,0.03310759246864417,0.052227256822745274,0.010507207658808974
0.19000000000000003,5,0.3325,0.0007378385530107974,0.030650370688191014,0.09629097938382482,0.001598879028148324,0.00033626477367542203,193.4575984081693,57.643351635648344,2.356112941367022,0.04244278711952568,0.04244278711952568,0.052227256822745274,0.010507207658808974
0.19000000000000003,6,0.399,0.0007404388525610268,0.03070433239038146,0.09646050507100153,0.0017255757457248346,0.0003632456247706478,206.05353089723346,70.69437433228006,1.9147090252009833,0.052227256822745274,0.052227256822745274,0.052227256822745274,0.010507207658808974
0.20000000000000004,0,0.0,0.0007294687694413816,0.0304760313016978,0.09574327604798638,0.001120714356736108,0.0002490950804288147,142.7794466391437,5.491517178428604,25.0,0.0,0.0,0.052195123573542786,0.011029158894544401
0.20000000000000004,1,0.0665,0.0007320739001311369,0.030530401885914698,0.09591408627593358,0.001245211577757887,0.00027628037253726536,146.45561348445668,9.63425755836932,14.201546418823947,0.007041486683974883,0.007041486683974883,0.052195123573542786,0.011029158894544401
0.20000000000000004,2,0.133,0.000736563170711051,0.030623869059033453,0.09620772206035527,0.0014628543336351483,0.0003230139590966431,156.53110830274053,20.50564314692902,6.633562487221136,0.015074856111273474,0.015074856111273474,0.052195123573542786,0.011029158894544401
0.20000000000000004,3,0.1995,0.0007374764825211977,0.03064284942459136,0.09626735063735443,0.0015067644810852043,0.00033250414187559245,168.32934848490703,32.464707165119265,4.184995128055967,0.023894890421641293,0.023894890421641293,0.052195123573542786,0.011029158894544401
0.20000000000000004,4,0.266,0.0007382455002654805,0.030658821971184785,0.09631752987239146,0.001543272169111329,0.0003404904151723089,180.6415040881466,44.91205865893517,3.022115874490387,0.033089399663360955,0.033089399663360955,0.052195123573542786,0.011029158894544401
0.20000000000000004,5,0.3325,0.0007393762703940125,0.030682293035307107,0.09639126639501008,0.0015961173558045785,0.00035222594723346783,193.02150137711752,57.490497213749244,2.357450548035182,0.04241870527606402,0.04241870527606402,0.052195123573542786,0.011029158894544401
0.20000000000000004,6,0.399,0.0007421008323608905,0.030738772355817425,0.09656870141340504,0.0017219982717982917,0.0003804656074886307,205.54718738371298,70.49214583082791,1.9158877909178675,0.052195123573542786,0.052195123573542786,0.052195123573542786,0.011029158894544401
0.21000000000000005,0,0.0,0.0007305409830139723,0.030498420756214385,0.09581361459381357,0.0011194727258292776,0.0002602898076871075,142.5695031188819,5.483442427649305,25.0,0.0,0.0,0.052163099695466876,0.01155078989149907
0.21000000000000005,1,0.0665,0.0007332670572364108,0.03055527146213858,0.09599221635389642,0.001243478811194075,0.0002887151606492061,146.21204432707898,9.613812943489247,14.208538504600094,0.0070380215366713786,0.0070380215366713786,0.052163099695466876,0.01155078989149907
0.21000000000000005,2,0.133,0.0007379691102717374,0.030653082291851173,0.09629949813796303,0.0014606616408860704,0.00033762057550550383,156.22121371620537,20.45553335580439,6.637112706810775,0.015066792507136946,0.015066792507136946,0.052163099695466876,0.01155078989149907
0.21000000000000005,3,0.1995,0.0007389254894604276,0.03067293846037256,0.09636187813111825,0.0015044517890601024,0.0003475486597661935,167.98078603684652,32.38324174888255,4.187275175828963,0.023881879217599503,0.023881879217599503,0.052163099695466876,0.01155078989149907
0.21000000000000005,4,0.266,0.0007397303179631994,0.030689638206897473,0.09641434193211773,0.0015408117856343933,0.00035589853302865285,180.25340008102177,44.79710544185501,3.0237733733708323,0.03307126151736773,0.03307126151736773,0.052163099695466876,0.01155078989149907
0.21000000000000005,5,0.3325,0.0007409129363893724,0.030714160412044427,0.09649138071165722,0.0015933688368659634,0.00036815963560212747,192.58759729912327,57.33846366556732,2.358785446753699,0.04239469941516977,0.04239469941516977,0.052163099695466876,0.01155078989149907
0.21000000000000005,6,0.399,0.0007437612356884882,0.030773141164328232,0.09667667420973522,0.001718440425540359,0.0003976500117440343,205.04369899624174,70.2911213958853,1.9170639893681451,0.052163099695466876,0.052163099695466876,0.052163099695466876,0.01155078989149907
0.22000000000000006,0,0.0,0.000731612797006938,0.03052078545161531,0.0958838753565849,0.0011182347700463013,0.0002714721553875705,142.36025413787212,5.475394389918158,25.0,0.0,0.0,0.052131189787407904,0.012072101789373148
0.22000000000000006,1,0.0665,0.0007344595272962909,0.03058010650997037,0.09607023795771633,0.001241752391589596,0.00030113268456510205,145.96941778732253,9.593456242169877,14.215519214616933,0.007034565427422182,0.007034565427422182,0.052131189787407904,0.012072101789373148
0.22000000000000006,2,0.133,0.0007393742851107432,0.030682251843097974,0.09639113698586849,0.0014584775623400579,0.0003522053511289044,155.91269322016342,20.405666424451486,6.640656765482455,0.015058751495754327,0.015058751495754327,0.052131189787407904,0.012072101789373148
0.22000000000000006,3,0.1995,0.000740373696677224,0.030702981426747437,0.0964562608935736,0.00150214831874376,0.0003625701429536311,167.63382521957521,32.302182954776335,4.189550980324325,0.023868906350498383,0.023868906350498383,0.052131189787407904,0.012072101789373148
0.22000000000000006,4,0.266,0.0007412142626379681,0.030720405438606695,0.09651100004122672,0.001538361585461082,0.00037128214888326364,179.86714365012892,44.682742562792555,3.0254275662994954,0.03305317936344232,0.03305317936344232,0.052131189787407904,0.012072101789373148
0.22000000000000006,5,0.3325,0.000742448555030072,0.030745973072839446,0.096591323133102,0.001590633039750859,0.0003840659659996361,192.15587310066343,57.18724846398015,2.3601174783167678,0.04237077218347616,0.04237077218347616,0.052131189787407904,0.012072101789373148
0.22000000000000006,6,0.399,0.0007454200698630122,0.030807439205309404,0.09678442468331419,0.0017149020490585577,0.00041479903223461985,204.54304753673057,70.09129716091061,1.918237439195271,0.052131189787407904,0.052131189787407904,0.052131189787407904,0.012072101789373148
0.23000000000000007,0,0.0,0.0007326842123203858,0.03054312546105014,0.09595405856610648,0.0011170004717414514,0.00028264216010498504,142.15169612323464,5.467372927816717,25.0,0.0,0.0,0.05209938689310578,0.012593095658304207
0.23000000000000007,1,0.0665,0.0007356513123104929,0.030604907155063175,0.09614815148214416,0.0012400322546401146,0.0003135330071115032,145.72772892271416,9.573187680499919,14.222487408196738,0.007031118898538646,0.007031118898538646,0.05209938689310578,0.012593095658304207
0.23000000000000007,2,0.133,0.0007407786974823016,0.030711377883967897,0.09648263914189359,0.0014563020434961676,0.00036676837156386606,155.6055384520801,20.356041663018758,6.644194339352918,0.015050733752278996,0.015050733752278996,0.05209938689310578,0.012593095658304207
0.23000000000000007,3,0.1995,0.0007418211066224045,0.030732978509588765,0.09655049950865706,0.001499854142066353,0.0003775686843742946,167.28845404988635,32.22152710637505,4.191822643837021,0.02385597113633227,0.02385597113633227,0.05209938689310578,0.012593095658304207
0.23000000000000007,4,0.266,0.0007426973373289608,0.030751123876319442,0.09660750485947484,0.0015359218856373577,0.0003866413677396372,179.48271737050024,44.56896160425012,3.027078731701586,0.033035150012034165,0.033035150012034165,0.05209938689310578,0.012593095658304207
0.23000000000000007,5,0.3325,0.0007439831303266708,0.030777731270315745,0.0966910944529848,0.0015879098738150036,0.0003999450647377861,191.72630468323214,57.03683788785313,2.361446948728257,0.04234691787332102,0.04234691787332102,0.05209938689310578,0.012593095658304207
0.23000000000000007,6,0.399,0.0007470773416622493,0.03084166685475994,0.09689195401537765,0.0017113824725268087,0.00043191285695988793,204.04519953568928,69.8926538195842,1.9194083839253937,0.05209938689310578,0.05209938689310578,0.05209938689310578,0.012593095658304207
0.24000000000000007,0,0.0,0.0007337552298507362,0.030565440857317862,0.0960241644510831,0.0011157698133860922,0.00029379985823884595,141.94382552701057,5.459377904885022,25.0,0.0,0.0,0.05206769216566244,0.01311377257996083
0.24000000000000007,1,0.0665,0.0007368424142429153,0.030629673521802476,0.09622595731794846,0.0012383183369650255,0.00032591619048115346,145.4869716353242,9.553006281649319,14.229443731738652,0.0070276816076057045,0.0070276816076057045,0.05206769216566244,0.01311377257996083
0.24000000000000007,2,0.133,0.000742182349585871,0.030740460583686572,0.09657400513767633,0.0014541349859337163,0.0003813097214232032,155.29973941779835,20.306656679496253,6.64772566301401,0.015042738685257514,0.015042738685257514,0.05206769216566244,0.01311377257996083
0.24000000000000007,3,0.1995,0.0007432677220483757,0.03076292990007966,0.09664459457698805,0.0014975695245447707,0.0003925443796197423,166.94466155864822,32.14127148619351,4.194090147627183,0.023843073582139208,0.023843073582139208,0.05206769216566244,0.01311377257996083
0.24000000000000007,4,0.266,0.0007441795448570865,0.030781793724457603,0.0967038570290724,0.0015334924069080927,0.00040197629180871815,179.10011002175742,44.45576033330916,3.028726731450455,0.033017174828483146,0.033017174828483146,0.05206769216566244,0.01311377257996083
0.24000000000000007,5,0.3325,0.0007455166664393491,0.030809435258857196,0.09679069547047611,0.0015851994270726266,0.00041579705900851235,191.29887913999778,56.8872293004488,2.3627737102409476,0.04232313893055901,0.04232313893055901,0.05206769216566244,0.01311377257996083
0.24000000000000007,6,0.399,0.0007487330578304844,0.030875824485837658,0.09699926337823543,0.0017078815538859135,0.00044899167249874705,203.55013287822567,69.69518316512139,1.9205767692148246,0.05206769216566244,0.05206769216566244,0.05206769216566244,0.01311377257996083
0.25000000000000006,0,0.0,0.0007348258504907451,0.030587731712869215,0.09609419323912546,0.0011145427775676889,0.0003049452860145228,141.7366388259422,5.451409185613162,25.0,0.0,0.0,0.05206769216566244,0.013634449501617454
0.25000000000000006,1,0.0665,0.0007380330237172672,0.030654409652075977,0.09630366816309394,0.0012368065136751157,0.0003382842556179046,145.2517927019356,9.537563896652784,14.229443731738652,0.0070276816076057045,0.0070276816076057045,0.05206769216566244,0.013634449501617454
0.25000000000000006,2,0.133,0.0007435853168656975,0.030769501626088006,0.09666524026313728,0.001452052120071638,0.0003958302426239196,155.00602884109279,20.268251722304075,6.64772566301401,0.015042738685257514,0.015042738685257514,0.05206769216566244,0.013634449501617454
0.25000000000000006,3,0.1995,0.0007447136047421024,0.030792837008952526,0.09673855053051315,0.0014953554436431529,0.0004074979340561738,166.61973863312588,32.078715212373204,4.194090147627183,0.023843073582139208,0.023843073582139208,0.05206769216566244,0.013634449501617454
0.25000000000000006,4,0.266,0.0007456609776774625,0.03081241703834395,0.09680006300700633,0.00153116569431741,0.0004172879487518923,178.74339028497215,44.36721629432024,3.028726731450455,0.033017174828483146,0.033017174828483146,0.05206769216566244,0.013634449501617454
0.25000000000000006,5,0.3325,0.0007470493682734219,0.03084108943528329,0.09689013999859176,0.0015827088213047724,0.00043162414722156006,190.9053752081847,56.77021163416495,2.3627737102409476,0.04232313893055901,0.04232313893055901,0.05206769216566244,0.013634449501617454
0.25000000000000006,6,0.399,0.0007503877984319533,0.030909924277654276,0.09710639103369546,0.0017049895908308734,0.0004660415684070558,203.10001084537538,69.54106222654688,1.9205767692148246,0.05206769216566244,0.05206769216566244,0.05206769216566244,0.013634449501617454
0.26000000000000006,0,0.0,0.0007358960751295254,0.03060999809980899,0.09616414515675745,0.0011133193469888255,0.00031607847948441107,141.53013252125626,5.443466635432933,25.0,0.0,0.0,0.05201012110163789,0.014154550712633832
0.26000000000000006,1,0.0665,0.0007392228012723216,0.030679108574888914,0.09638126211755464,0.001234946140646839,0.000350633717024373,145.00907651030303,9.513784583760504,14.241997044774942,0.007021487203347488,0.007021487203347488,0.05201012110163789,0.014154550712633832
0.26000000000000006,2,0.133,0.0007449874693496633,0.030798498442426804,0.09675633644832474,0.001449840816940008,0.0004103286507933197,154.6942447733316,20.21068554772431,6.654082015577643,0.015028369017077553,0.015028369017077553,0.05201012110163789,0.014154550712633832
0.26000000000000006,3,0.1995,0.000746158647467058,0.030822697750215858,0.09683236081589679,0.0014930370631665774,0.0004224283046878396,166.26450648376004,31.984698295442552,4.198251518522244,0.0238194399641876,0.0238194399641876,0.05201012110163789,0.014154550712633832
0.26000000000000006,4,0.266,0.000747141471120959,0.030842990557707103,0.096896112550832,0.0015286759681576432,0.0004325747084334687,178.3433974145135,44.23419364274894,3.0317994458060684,0.032983712078426375,0.032983712078426375,0.05201012110163789,0.014154550712633832
0.26000000000000006,5,0.3325,0.0007485808646320262,0.030872686298434343,0.09698940447174359,0.0015798431575526582,0.00044742257879708665,190.45452935356593,56.594567419430724,2.3652440161275408,0.04227893583839331,0.04227893583839331,0.05201012110163789,0.014154550712633832
0.26000000000000006,6,0.399,0.0007520405239271091,0.03094394503464847,0.09721327039393798,0.0017010378497096946,0.0004830519469041527,202.57541689681736,69.31098987792814,1.9227026948193517,0.05201012110163789,0.05201012110163789,0.05201012110163789,0.014154550712633832
0.2700000000000001,0,0.0,0.0007369659046525684,0.030632240089898316,0.09623402042942329,0.0011120995044662356,0.00032719947452907345,141.32430313844915,5.435550120709582,25.0,0.0,0.0,0.05197414896183096,0.014674292202252142
0.2700000000000001,1,0.0665,0.0007404118724445206,0.03070377298293763,0.09645874764068563,0.0012332204024357856,0.00036296592104873086,144.77035335922332,9.493140822104744,14.249995346337439,0.007017546151388898,0.007017546151388898,0.05197414896183096,0.014674292202252142
0.2700000000000001,2,0.133,0.0007463888566061262,0.030827452181141773,0.09684729730116563,0.0014476869357485437,0.00042480552015080513,154.39076112910124,20.160315498525744,6.658152033404007,0.01501918242453749,0.01501918242453749,0.05197414896183096,0.014674292202252142
0.2700000000000001,3,0.1995,0.0007476028953620269,0.03085251318990783,0.09692602878219664,0.0014907719845986443,0.00043733602453382606,165.92314822933034,31.903392056210482,4.20079958698407,0.023804991866273294,0.023804991866273294,0.05197414896183096,0.014674292202252142
0.2700000000000001,4,0.266,0.0007486210963255638,0.03087351589736257,0.09699201073364194,0.0015262669827734332,0.00044783737826120304,177.96360232233206,44.120141792739226,3.033613562674888,0.032963987645092487,0.032963987645092487,0.05197414896183096,0.014674292202252142
0.2700000000000001,5,0.3325,0.0007501113118575446,0.03090422924471982,0.09708849956006663,0.001577147314273855,0.0004631940519398252,190.02992330740327,56.443820957383686,2.366709058390643,0.04225276429541356,0.04225276429541356,0.05197414896183096,0.014674292202252142
0.2700000000000001,6,0.399,0.0007536916319809504,0.030977895189540028,0.09731992795113355,0.001697507744577984,0.0005000270243499326,202.08239333730495,69.11083553107639,1.9240334281074716,0.05197414896183096,0.05197414896183096,0.05197414896183096,0.014674292202252142
0.2800000000000001,0,0.0,0.0007380353399417653,0.030654457754556913,0.09630381928149466,0.0011108832329298417,0.0003383083068583719,141.11914722707456,5.427659508733638,25.0,0.0,0.0,0.051942147482806844,0.01519371367708021
0.2800000000000001,1,0.0665,0.0007416002629701845,0.03072840349252845,0.09653612666867031,0.0012315254795409155,0.00037528117584414,144.53313151929794,9.473168650465029,14.257105288862661,0.007014046538473544,0.007014046538473544,0.051942147482806844,0.01519371367708021
0.2800000000000001,2,0.133,0.0007477894901842434,0.030856363201776153,0.09693812395119838,0.0014455510317189027,0.00043926103046799416,154.08997180774642,20.111551424159945,6.661764553013976,0.01501103787205405,0.01501103787205405,0.051942147482806844,0.01519371367708021
0.2800000000000001,3,0.1995,0.0007490463570151132,0.030882283636276882,0.09701955539780373,0.0014885223184525037,0.0004522212477183511,165.58513732999583,31.824285652749467,4.203106179248679,0.023791928096823713,0.023791928096823713,0.051942147482806844,0.01519371367708021
0.2800000000000001,4,0.266,0.0007500998640677558,0.03090399342207309,0.09708775870137211,0.0015238762355259782,0.00046307614061646285,177.5876837091108,44.00876041824011,3.0352802946821207,0.03294588647223199,0.03294588647223199,0.051942147482806844,0.01519371367708021
0.2800000000000001,5,0.3325,0.0007516407324246316,0.030935718901566555,0.09718742723468039,0.0015744828423367191,0.0004789388803631924,189.61034137865127,56.29679388346134,2.3680486631469484,0.04222886191329698,0.04222886191329698,0.051942147482806844,0.01519371367708021
0.2800000000000001,6,0.399,0.0007553411988094433,0.031011776538790028,0.09742636934903105,0.0016940674625000455,0.000516967698974933,201.59723292064785,68.91697516434637,1.9252188222117808,0.051942147482806844,0.051942147482806844,0.051942147482806844,0.01519371367708021
0.2900000000000001,0,0.0,0.0007391043818754286,0.03067665116486535,0.09637354193627776,0.0011096705154218023,0.00034940501201258993,140.91466136053342,5.419794667712823,25.0,0.0,0.0,0.05191085977450859,0.015712822274825296
0.2900000000000001,1,0.0665,0.0007427879792164965,0.03075300031691808,0.09661339987147442,0.001229841219481602,0.00038757958803895605,144.29692333876838,9.453389708548467,14.264040496318927,0.007010636293819179,0.007010636293819179,0.05191085977450859,0.015712822274825296
0.2900000000000001,2,0.133,0.0007491893740575574,0.03088523170619683,0.0970288170326065,0.0014434252210337834,0.00045369528267833197,153.79075462188553,20.063280095115136,6.665284733742484,0.015003109993749824,0.015003109993749824,0.05191085977450859,0.015712822274825296
0.2900000000000001,3,0.1995,0.0007504890358786283,0.030912009290417146,0.09711294129447394,0.0014862827070131496,0.0004670840747884826,165.24899415893145,31.74590845073631,4.205363532606631,0.02377915707515933,0.02377915707515933,0.05191085977450859,0.015712822274825296
0.2900000000000001,4,0.266,0.000751577778442731,0.03093442335744256,0.09718335716277805,0.0015214967684735795,0.0004782911083011986,177.21388863172868,43.89830654682498,3.0369185641067964,0.03292811377357809,0.03292811377357809,0.05191085977450859,0.015712822274825296
0.2900000000000001,5,0.3325,0.0007531691333648165,0.03096715557609378,0.09728618846042841,0.001571833726361336,0.0004946572176268057,189.19328082579688,56.150996545351504,2.3693663953584694,0.04220537616972096,0.04220537616972096,0.05191085977450859,0.015712822274825296
0.2900000000000001,6,0.399,0.0007569892427061951,0.031045589682797966,0.09753259647384116,0.0016906572003968369,0.0005338742709789014,201.11554885917525,68.72504751009168,1.9263791899109735,0.05191085977450859,0.05191085977450859,0.05191085977450859,0.015712822274825296
0.3000000000000001,0,0.0,0.0007401730313283126,0.030698820391567263,0.09644318861602025,0.0011084613350955729,0.00036048962536354564,140.71084213586565,5.411955466764064,25.0,0.0,0.0,0.051879783136751435,0.01623162010619281
0.3000000000000001,1,0.0665,0.0007439750239363792,0.030777563593811112,0.09669056768170967,0.0012281638446514965,0.000399861226485471,144.06163444476167,9.433715310311673,14.270932999991297,0.007007250331850131,0.007007250331850131,0.051879783136751435,0.01623162010619281
0.3000000000000001,2,0.133,0.0007505885107119698,0.030914057864705375,0.09711937708040817,0.0014413079254273482,0.0004681083619326054,153.49288821561956,20.015287674641552,6.668782518179241,0.014995240844546648,0.014995240844546648,0.051879783136751435,0.01623162010619281
0.3000000000000001,3,0.1995,0.0007519309347420816,0.030941690338817843,0.09720618705808041,0.0014840524200347832,0.00048192459898883044,164.9144282697471,31.66797799625858,4.207608401434123,0.023766470274637717,0.023766470274637717,0.051879783136751435,0.01623162010619281
0.3000000000000001,4,0.266,0.0007530548424772862,0.030964805906002216,0.09727880675413039,0.0015191274279827867,0.0004934823825810265,176.84190231967102,43.78847409405213,3.0385490926182284,0.032910444081004776,0.032910444081004776,0.051879783136751435,0.01623162010619281
0.3000000000000001,5,0.3325,0.0007546965189445942,0.030998539517116404,0.09738478401898579,0.001569197051131157,0.0005103491881381173,188.7783482144178,56.00604572607026,2.370678036041801,0.04218202492269463,0.04218202492269463,0.051879783136751435,0.01623162010619281
0.3000000000000001,6,0.399,0.0007586357721428497,0.03107933501770864,0.09763861057008946,0.0016872667455337428,0.0005507469384342388,200.63664655760434,68.53437302660214,1.927533115094315,0.051879783136751435,0.051879783136751435,0.051879783136751435,0.01623162010619281
0.3100000000000001,0,0.0,0.0007412412891716345,0.030720965505071564,0.09651275954191828,0.001107255675214973,0.0003715621821156954,140.50768617354495,5.404141775905575,25.0,0.0,0.0,0.05184882895181538,0.016750108395710964
0.3100000000000001,1,0.0665,0.0007451613991980033,0.030802093446210477,0.09676763048580114,0.001226492619968223,0.0004121261526851532,143.8272420972761,9.41412770144729,14.277808699701904,0.007003875882024378,0.007003875882024378,0.05184882895181538,0.016750108395710964
0.3100000000000001,2,0.133,0.0007519869023742536,0.030942841841463106,0.09720980461033137,0.0014391988378866397,0.0004825003503114718,153.19632343939006,19.967532200439283,6.672271260242153,0.014987400256921024,0.014987400256921024,0.05184882895181538,0.016750108395710964
0.3100000000000001,3,0.1995,0.0007533720556666769,0.030971326952089626,0.09729929322461232,0.0014818306635892076,0.0004967429056247226,164.58137765557035,31.59044008455419,4.2098475746161155,0.023753829141692554,0.023753829141692554,0.05184882895181538,0.016750108395710964
0.3100000000000001,4,0.266,0.0007545310589985811,0.0309951412651708,0.09737410809563843,0.0015167679584291785,0.0005086500621653183,176.47165824614262,43.679204948803616,3.0401756042259693,0.03289283680225441,0.03289283680225441,0.05184882895181538,0.016750108395710964
0.3100000000000001,5,0.3325,0.000756222893271602,0.031029870968913843,0.09748321467777893,0.0015665725898719714,0.000526014914036837,188.36546110531543,55.86186861512474,2.3719863974316646,0.04215875778557492,0.04215875778557492,0.05184882895181538,0.016750108395710964
0.3100000000000001,6,0.399,0.000760280794090989,0.03111301290680957,0.09774441277907736,0.0016838944550465556,0.0005675858829847044,200.16038595557097,68.34482482333082,1.9286838685003456,0.05184882895181538,0.05184882895181538,0.05184882895181538,0.016750108395710964
0.3200000000000001,0,0.0,0.0007423091562730952,0.030743086575454628,0.09658225493412324,0.0011060535191532652,0.00038262271730722804,140.30519011727475,5.396353466049029,25.0,0.0,0.0,0.0518179809679529,0.017268288205390493
0.3200000000000001,1,0.0665,0.0007463471069801579,0.030826589994772727,0.09684458866280261,0.0012248274281125363,0.00042437442696627856,143.5937388245995,9.394624233281098,14.28467081375207,0.007000511338611211,0.007000511338611211,0.0518179809679529,0.017268288205390493
0.3200000000000001,2,0.133,0.0007533845511756156,0.03097158379788392,0.09730010012947278,0.0014370978210405986,0.0004968713285218777,152.90104482929308,19.920005286889776,6.675753225322884,0.014979583070966997,0.014979583070966997,0.0518179809679529,0.017268288205390493
0.3200000000000001,3,0.1995,0.0007548124013348767,0.031000919312757055,0.09739226036748751,0.0014796180333714432,0.000511539085958437,164.24982046331002,31.513280465808215,4.212082589799574,0.023741224885326467,0.023741224885326467,0.0518179809679529,0.017268288205390493
0.3200000000000001,4,0.266,0.0007560064307984854,0.031025429630654897,0.09746926180213251,0.0015144182742048466,0.0005237942449073667,176.10312989833403,43.57048090079548,3.0417990863882998,0.03287528109515467,0.03287528109515467,0.0518179809679529,0.017268288205390493
0.3200000000000001,5,0.3325,0.000757748260141558,0.031061150168119965,0.09758148118021505,0.0015639599603061217,0.0005416545136398982,187.9545888100323,55.71844403084428,2.373292131165499,0.04213556295359688,0.04213556295359688,0.0518179809679529,0.017268288205390493
0.3200000000000001,6,0.399,0.0007619243154838909,0.031146623710594377,0.09785000423332896,0.0016805401892402648,0.000584391284877107,199.68672383664554,68.15637244908677,1.9298320415425976,0.0518179809679529,0.0518179809679529,0.0518179809679529,0.017268288205390493
0.3300000000000001,0,0.0,0.0007433766334969005,0.030765183672462473,0.09665167501174876,0.0011048548503922414,0.00039367126581115044,140.10335063378696,5.388590408991806,25.0,0.0,0.0,0.051787238481467886,0.01778616059020517
0.3300000000000001,1,0.0665,0.0007475321491726588,0.030851053357827084,0.09692144258445629,0.001223168152717841,0.000436606108493457,143.36111769826462,9.37520274695421,14.291521854803554,0.006997155447541704,0.006997155447541704,0.051787238481467886,0.01778616059020517
0.3300000000000001,2,0.133,0.0007547814592370472,0.031000283894401997,0.0973902641418513,0.0014350048259039504,0.0005112213767809173,152.6070419501882,19.872703498523062,6.679229047096181,0.014971787805880885,0.014971787805880885,0.051787238481467886,0.01778616059020517
0.3300000000000001,3,0.1995,0.0007562519742283121,0.031030467598338315,0.09748508904439576,0.0014774142790630234,0.0005263132287490671,163.91974703765058,31.436497129261134,4.214313362065834,0.023728657887694554,0.023728657887694554,0.051787238481467886,0.01778616059020517
0.3300000000000001,4,0.266,0.0007574809605205358,0.03105567119414296,0.09756426847581967,0.0015120781744030927,0.0005389150266513976,175.73630797525655,43.46230086875462,3.043419341878302,0.032857778954077085,0.032857778954077085,0.051787238481467886,0.01778616059020517
0.3300000000000001,5,0.3325,0.0007592726234412338,0.03109237735201651,0.09767958427173673,0.001561359194827302,0.0005572681055881712,187.54571808197548,55.57576808655272,2.374595161508071,0.042112441573616044,0.042112441573616044,0.051787238481467886,0.01778616059020517
0.3300000000000001,6,0.399,0.000763566342733019,0.03118016777691362,0.09795538602564902,0.0016772033159620158,0.0006011633180367272,199.21563782233312,67.96900614541786,1.9309776487847503,0.051787238481467886,0.051787238481467886,0.051787238481467886,0.01778616059020517
0.34000000000000014,0,0.0,0.0007444437217037802,0.0307872568655129,0.09672101999287724,0.0011036596525213183,0.00040470786233636364,139.90216441264243,5.3808524774093245,25.0,0.0,0.0,0.051756598328168354,0.018303726573486855
0.34000000000000014,1,0.0665,0.0007487165276843078,0.03087548365361197,0.0969981926222191,0.001221514789244328,0.00044882125638590027,143.129373759552,9.355863000614972,14.298361439254075,0.006993808376214671,0.006993808376214671,0.051756598328168354,0.018303726573486855
0.34000000000000014,2,0.133,0.0007561776286689097,0.03102894229047,0.0974802971484022,0.001432919803400074,0.0005255505748149181,152.31430608648705,19.825625056772036,6.682698812790245,0.014964014210636966,0.014964014210636966,0.051756598328168354,0.018303726573486855
0.34000000000000014,3,0.1995,0.0007576907766716372,0.03105997198227048,0.09757777980020574,0.0014752191966082265,0.0005410654207151494,163.59114557828445,31.360085815377875,4.216540112210571,0.023716126809848803,0.023716126809848803,0.051756598328168354,0.018303726573486855
0.34000000000000014,4,0.266,0.0007589546508170396,0.03108586614654515,0.0976591287164619,0.0015097476201096395,0.000554012502852494,175.3711779003284,43.35465839430586,3.0450365519051448,0.03284032828355851,0.03284032828355851,0.051756598328168354,0.018303726573486855
0.34000000000000014,5,0.3325,0.0007607959869021436,0.031123552753495612,0.0977775246839962,0.0015587700739550393,0.0005728558063277216,187.1388315093169,55.433832655582,2.375895595601988,0.04208939154780608,0.04208939154780608,0.051756598328168354,0.018303726573486855
0.34000000000000014,6,0.399,0.0007652068827016331,0.031213645460907644,0.09806055927174384,0.001673884199701235,0.0006179021600337395,198.7471026878801,67.78271308150765,1.9321207967714398,0.051756598328168354,0.051756598328168354,0.051756598328168354,0.018303726573486855
0.35000000000000014,0,0.0,0.0007455104217510088,0.03080930622369763,0.09679029009456677,0.001102467909236646,0.0004157325414287301,139.70162816603403,5.373139544847462,25.0,0.0,0.0,0.05172605962186321,0.018820987169705487
0.35000000000000014,1,0.0665,0.0007499002443620038,0.03089988099861009,0.0970748391420323,0.0012198672499061833,0.0004610199288849621,142.89850176663015,9.336604436423952,14.3051896692929,0.006990470054001246,0.006990470054001246,0.05172605962186321,0.018820987169705487
0.35000000000000014,2,0.133,0.0007575730615709583,0.031057559144566243,0.09757019964699981,0.0014308427048122594,0.0005398590018630406,152.02282878631286,19.77876838475244,6.686162547082965,0.014956262175173702,0.014956262175173702,0.05172605962186321,0.018820987169705487
0.35000000000000014,3,0.1995,0.0007591288109951329,0.031089432637260984,0.09767033317749385,0.0014730327495253179,0.0005557957482104026,163.2640058012614,31.28404368627142,4.218762876005943,0.02370363135808042,0.02370363135808042,0.05172605962186321,0.018820987169705487
0.35000000000000014,4,0.266,0.0007604275045043971,0.031116014681177834,0.09775384313138043,0.0015074267316341912,0.0005690867701688359,175.0077267599991,43.247548609240404,3.046650790343442,0.032822928153419,0.032822928153419,0.05172605962186321,0.018820987169705487
0.35000000000000014,5,0.3325,0.0007623183543889815,0.031154676606979653,0.09787530315345307,0.0015561926742021298,0.000588417733069743,186.7339124066595,55.29263022116034,2.3771935185531645,0.042066411177522973,0.042066411177522973,0.05172605962186321,0.018820987169705487
0.35000000000000014,6,0.399,0.0007668459417294489,0.031247057105103684,0.09816552504769448,0.0016705822098020118,0.0006346079821317596,198.28109633068175,67.59748349262047,1.9332615074691037,0.05172605962186321,0.05172605962186321,0.05172605962186321,0.018820987169705487
0.36000000000000015,0,0.0,0.0007465767344924265,0.030831331815784437,0.09685948553285764,0.00110127960434022,0.00042674533747213235,139.5017386285912,5.365451485715045,25.0,0.0,0.0,0.051695622757866135,0.019337943397284146
0.36000000000000015,1,0.0665,0.0007510833010987903,0.030924245509780943,0.09715138251133495,0.001218225558542561,0.00047320218447038774,142.668496518802,9.317426490711135,14.31200666418277,0.006987140402209288,0.006987140402209288,0.051695622757866135,0.019337943397284146
0.36000000000000015,2,0.133,0.0007589677600542032,0.03108613461464902,0.09765997213388473,0.0014287735041388278,0.0005541467369044289,151.7326012880738,19.73213153452586,6.68962040530609,0.014948531297931607,0.014948531297931607,0.051695622757866135,0.019337943397284146
0.36000000000000015,3,0.1995,0.0007605660793676977,0.0311188497318769,0.09776274970582917,0.0014708547307958249,0.0005705042955183609,162.93831719732418,31.208367613522704,4.2209817320506815,0.023691170999552504,0.023691170999552504,0.051695622757866135,0.019337943397284146
0.36000000000000015,4,0.266,0.0007618995242236398,0.031146116986816255,0.09784841231363021,0.00150511528192109,0.0005841379229880469,174.64594308777856,43.140968047226515,3.048262034746027,0.03280557867405639,0.03280557867405639,0.051695622757866135,0.019337943397284146
0.36000000000000015,5,0.3325,0.0007638397297167189,0.031185749144683778,0.09797292040963274,0.001553626885206201,0.000603954001921805,186.33094800585644,55.152157118481476,2.3784888523139376,0.04204350165556335,0.04204350165556335,0.051695622757866135,0.019337943397284146
0.36000000000000015,6,0.399,0.0007684835266035255,0.03128040305925013,0.0982702844522679,0.0016672977073221831,0.0006512809592049815,197.81759868970647,67.41330943380656,1.9343997550505136,0.051695622757866135,0.051695622757866135,0.051695622757866135,0.019337943397284146
0.37000000000000016,0,0.0,0.000747642660778458,0.030853333710219217,0.096928606522779,0.0011000947217390045,0.00043774628468952237,139.30249255718672,5.357788175276412,25.0,0.0,0.0,0.051665286787661045,0.019854596265160757
0.37000000000000016,1,0.0665,0.0007522656997796848,0.030948577303445864,0.09722782309556133,0.0012165896832460317,0.00048536808130284805,142.43935329077368,9.298329047915479,14.318811859288427,0.006983819676011129,0.006983819676011129,0.051665286787661045,0.019854596265160757
0.37000000000000016,2,0.133,0.0007603617261756544,0.031114668856825917,0.09774961509948343,0.001426712108844825,0.0005684138579928772,151.44361601348695,19.685713684594486,6.693072165933343,0.014940822020265053,0.014940822020265053,0.051665286787661045,0.019854596265160757
0.37000000000000016,3,0.1995,0.0007620025839935439,0.031148223434587043,0.09785502991447209,0.0014686851355071402,0.0005851911468734322,162.61407005272852,31.133055170845072,4.223196668633101,0.023678745710027864,0.023678745710027864,0.051665286787661045,0.019854596265160757
0.37000000000000016,4,0.266,0.0007633707126488147,0.031176173251974554,0.09794283685544587,0.0015028132579150133,0.000599166055567197,174.2858139813323,43.03491170271755,3.0498703746690055,0.03278827875130685,0.03278827875130685,0.051665286787661045,0.019854596265160757
0.37000000000000016,5,0.3325,0.0007653601165618504,0.031216770594820687,0.09807037716948655,0.0015510725068455158,0.0006194647269902602,185.92992154271207,55.01240559065957,2.379781697353745,0.04202066101743592,0.04202066101743592,0.051665286787661045,0.019854596265160757
0.37000000000000016,6,0.399,0.0007701196435934019,0.03131368366066932,0.09837483854519348,0.0016640300709595509,0.000667921259914577,197.35658805593098,67.23018125841506,1.9355355639656004,0.051665286787661045,0.051665286787661045,0.051665286787661045,0.019854596265160757
0.38000000000000017,0,0.0,0.0007487082014561324,0.0308753119751281,0.0969976532783554,0.001098913245444068,0.00044873541714396305,139.10388673074578,5.3501494896440684,25.0,0.0,0.0,0.05163504953770269,0.020370946760537783
0.38000000000000017,1,0.0665,0.000753447442281876,0.030972876495295825,0.09730416125816534,0.0012149595924981428,0.0004975176772278294,142.21106688917928,9.279311487747453,14.325605469431322,0.006980507749804007,0.006980507749804007,0.05163504953770269,0.020370946760537783
0.38000000000000017,2,0.133,0.0007617549620037105,0.03114316202670107,0.09783912903264069,0.0014246584937576204,0.0005826604429304534,151.15586448128772,19.639513042921706,6.696517940691302,0.014933134038565228,0.014933134038565228,0.05163504953770269,0.020370946760537783
0.38000000000000017,3,0.1995,0.0007634383273166434,0.03117755391793938,0.09794717434549803,0.0014665241676168846,0.0005998563885496011,162.29125438418367,31.058103604150013,4.2254077213683505,0.023666355200301508,0.023666355200301508,0.05163504953770269,0.020370946760537783
0.38000000000000017,4,0.266,0.0007648410723948466,0.031206183663030122,0.09803711734234925,0.0015005205527784424,0.0006141712610949815,173.92732791157914,42.92937587722523,3.051475810153825,0.03277102825696626,0.03277102825696626,0.05163504953770269,0.020370946760537783
0.38000000000000017,5,0.3325,0.0007668795186863259,0.031247741186186537,0.09816767415179883,0.0015485295682924657,0.0006349500226731848,185.5308185496428,54.873370067456605,2.3810720632169513,0.041997888910970144,0.041997888910970144,0.05163504953770269,0.020370946760537783
0.38000000000000017,6,0.399,0.0007717542994150559,0.03134689925390756,0.09847918840889536,0.0016607796619119537,0.0006845290565336965,196.89804149153878,67.0480878747255,1.9366690047809942,0.05163504953770269,0.05163504953770269,0.05163504953770269,0.020370946760537783
0.3900000000000002,0,0.0,0.0007497733573691037,0.030897266678319494,0.09706662601261323,0.0010977351595697208,0.0004597127687396603,138.90591795005665,5.34253530577141,25.0,0.0,0.0,0.05160491348561813,0.020886995895393966
0.3900000000000002,1,0.0665,0.0007546285304212178,0.030997143199296227,0.09738039735717985,0.0012133352000200704,0.0005096510292280301,141.98363197968717,9.260373012688788,14.332387991837669,0.0069772043609864776,0.0069772043609864776,0.05160491348561813,0.020886995895393966
0.3900000000000002,2,0.133,0.0007631474695964801,0.031171614278936756,0.09792851441924241,0.001422612611784285,0.0005968865690482963,150.8693385563772,19.593528108144238,6.699957747459831,0.014925467259538049,0.014925467259538049,0.05160491348561813,0.020886995895393966
0.3900000000000002,3,0.1995,0.0007648733117478047,0.03120684135297661,0.09803918353625347,0.001464371751861377,0.0006145001060682149,161.96986141944882,30.98351134781553,4.227614765841199,0.023654000077772526,0.023654000077772526,0.05160491348561813,0.020886995895393966
0.3900000000000002,4,0.266,0.0007663106060949782,0.031236148405814963,0.09813125435814882,0.0014982371392420562,0.0006291536324874021,173.57047514466453,42.82435858624916,3.0530782217108965,0.032753828345728264,0.032753828345728264,0.05160491348561813,0.020886995895393966
0.3900000000000002,5,0.3325,0.0007683979397336015,0.03127866114401075,0.09826481206414868,0.0015459978912104634,0.0006504100015852894,185.1336268358631,54.73504718504489,2.382359865516781,0.04197518664054056,0.04197518664054056,0.05160491348561813,0.020886995895393966
0.3900000000000002,6,0.399,0.0007733875002655667,0.0313800501711198,0.09858333508686909,0.001657545860612129,0.0007011045151398178,196.44194220949038,66.86702429093249,1.9377999737925962,0.05160491348561813,0.05160491348561813,0.05160491348561813,0.020886995895393966
0.4000000000000002,0,0.0,0.0007508381293576693,0.030919197887286146,0.0971355249375872,0.0010965604483326658,0.00047067837322298695,138.70858303758337,5.334945501445515,25.0,0.0,0.0,0.05157487603282795,0.021402744655722245
0.4000000000000002,1,0.0665,0.0007558089660328634,0.031021377529349612,0.09745653175044022,0.001211716502669281,0.0005217681942547229,141.75704338784826,9.241512939798415,14.339159757854583,0.006973909328628747,0.006973909328628747,0.05157487603282795,0.021402744655722245
0.4000000000000002,2,0.133,0.0007645392510020138,0.031200025767264463,0.09801777174225028,0.001420574416385435,0.0006110923132121506,150.58402967846965,19.54775689507727,6.703391774653763,0.014917821210765366,0.014917821210765366,0.05157487603282795,0.021402744655722245
0.4000000000000002,3,0.1995,0.0007663075393416779,0.031236085902662657,0.09813105799870471,0.0014622274843023577,0.0006291223809112385,161.6498808713371,30.90927525196863,4.2298178962006405,0.023641679725697706,0.023641679725697706,0.05157487603282795,0.021402744655722245
0.4000000000000002,4,0.266,0.0007677793163289772,0.0312660676641592,0.09822524848036393,0.0014959629172120366,0.0006441132616595225,173.21524377209946,42.71985560360295,3.0546776510520472,0.03273667843988693,0.03273667843988693,0.05157487603282795,0.021402744655722245
0.4000000000000002,5,0.3325,0.0007699153834022486,0.03130953069350732,0.09836179161406675,0.0015434774748289387,0.0006658447763335789,184.73833159117396,54.59743085597762,2.3836451403454237,0.041952553384480964,0.041952553384480964,0.05157487603282795,0.021402744655722245
0.4000000000000002,6,0.399,0.000775019252309615,0.031413136742001434,0.09868727961488331,0.0016543285440816884,0.0007176478005806346,195.9882671762603,66.68697905657656,1.9389285577021835,0.05157487603282795,0.05157487603282795,0.05157487603282795,0.021402744655722245
0.4100000000000002,0,0.0,0.0007519025182587899,0.03094110566920717,0.09720435026432674,0.0010953890960511583,0.00048163226418349855,138.51187883728073,5.327379955280028,25.0,0.0,0.0,0.0515449354064902,0.02191819400978715
0.4100000000000002,1,0.0665,0.0007569887509708894,0.03104557959928941,0.09753256479556477,0.0012101034969898969,0.0005338692292246219,141.5312968454217,9.222731461649962,14.345919745569768,0.006970623130028416,0.006970623130028416,0.0515449354064902,0.02191819400978715
0.4100000000000002,2,0.133,0.00076593030825805,0.031228396644485967,0.09810690148170526,0.0014185438610751773,0.0006252777518229024,150.29993043227762,19.502198505579457,6.70681984337703,0.014910196238348312,0.014910196238348312,0.0515449354064902,0.02191819400978715
0.4100000000000002,3,0.1995,0.0007677410124132291,0.03126528773447532,0.09822279825899873,0.0014600915906328883,0.0006437232968175674,161.33130228826747,30.83539187884053,4.232017252194359,0.023629393275310644,0.023629393275310644,0.0515449354064902,0.02191819400978715
0.4100000000000002,4,0.266,0.0007692472057568677,0.031295941622623696,0.09831910028880964,0.001493697923224827,0.0006590502408917707,172.86162005675828,42.61586079596556,3.0562742797658826,0.0327195764666973,0.0327195764666973,0.0515449354064902,0.02191819400978715
0.4100000000000002,5,0.3325,0.0007714318532816456,0.031340350056540935,0.09845861349856146,0.0015409681516806756,0.0006812544578503856,184.34491634926334,54.46051326317225,2.384928002026793,0.04192998694929851,0.04192998694929851,0.0515449354064902,0.02191819400978715
0.4100000000000002,6,0.399,0.0007766495621562993,0.03144615930346105,0.09879102305136755,0.0016511280729807837,0.0007341590813104425,195.5369946680357,66.50794190322688,1.9400548125899613,0.0515449354064902,0.0515449354064902,0.0515449354064902,0.02191819400978715
0.4200000000000002,0,0.0,0.0007529665249061085,0.030962990090950052,0.09727310220290225,0.0010942210871441704,0.0004925744750549402,138.31580221441055,5.319838546708098,25.0,0.0,0.0,0.051515093671011404,0.022433344946497263
0.4200000000000002,1,0.0665,0.0007581678870551704,0.031069749521792825,0.09760849684653933,0.001208496125170676,0.0005459541904763287,141.3063868697795,9.204027525940859,14.352668869309449,0.006967345300763656,0.006967345300763656,0.051515093671011404,0.022433344946497263
0.4200000000000002,2,0.133,0.0007673206433923526,0.031256727062486424,0.09819590411476863,0.0014165209000230104,0.0006394429608231325,150.01703262649656,19.456851208125336,6.710242064443,0.01490259204357045,0.01490259204357045,0.051515093671011404,0.022433344946497263
0.4200000000000002,3,0.1995,0.0007691737332164404,0.03129444701385129,0.09831440483687026,0.0014579639687986499,0.0006583029365055539,161.01411742741968,30.76185998233222,4.234212675042946,0.023617141526549736,0.023617141526549736,0.051515093671011404,0.022433344946497263
0.4200000000000002,4,0.266,0.0007707142769155981,0.03132577046236702,0.09841281035261237,0.001491441987166475,0.0006739646607634355,172.50959515936736,42.51237287292526,3.0578679452925357,0.03270252404259182,0.03270252404259182,0.051515093671011404,0.022433344946497263
0.4200000000000002,5,0.3325,0.0007729473530394485,0.031371119455451325,0.09855527841613372,0.0015384699455194832,0.0006966391573055804,183.95336952660398,54.32429137199665,2.3862083587422394,0.04190748877131149,0.04190748877131149,0.051515093671011404,0.022433344946497263
0.4200000000000002,6,0.399,0.0007782784359010513,0.03147911818021352,0.09889456641644369,0.0016479438376234082,0.0007506385196866766,195.08810801404826,66.32990756858766,1.9411786502539556,0.051515093671011404,0.051515093671011404,0.051515093671011404,0.022433344946497263
0.4300000000000002,0,0.0,0.0007540301501299695,0.030984851219072664,0.09734178096241143,0.0010930564061305673,0.000503505039116246,138.1203500553605,5.312321155975403,25.0,0.0,0.0,0.05148534888284525,0.022948198435325716
0.4300000000000002,1,0.0665,0.0007593463760979751,0.03109388740893106,0.09768432825544598,0.0012068943569116903,0.0005580231340454456,141.08230890271295,9.185400965324687,14.359406675365092,0.006964076041634741,0.006964076041634741,0.05148534888284525,0.022948198435325716
0.4300000000000002,2,0.133,0.000768710258422647,0.03128501717223918,0.09828478011573713,0.0014145054876376875,0.0006535880156995094,149.73532859755994,19.41171374224164,6.71365839131052,0.014895008678045028,0.014895008678045028,0.05148534888284525,0.022948198435325716
0.4300000000000002,3,0.1995,0.0007706057043575898,0.03132356391259745,0.0984058782720665,0.0014558449373079864,0.0006728613858786338,160.69831638324712,30.688676582064954,4.236404246808163,0.02360492393409885,0.02360492393409885,0.05148534888284525,0.022948198435325716
0.4300000000000002,4,0.266,0.0007721805323541893,0.03135555436390822,0.09850637923888943,0.0014891950770598312,0.0006888566115340338,172.15915710327505,42.40938731803057,3.0594587187087394,0.032685520281249464,0.032685520281249464,0.05148534888284525,0.022948198435325716
0.4300000000000002,5,0.3325,0.0007744618862056393,0.03140183910867648,0.09865178705302668,0.0015359826612577833,0.0007119989839181582,183.56367674824662,54.188759288769475,2.3874862454414947,0.041885058056746194,0.041885058056746194,0.05148534888284525,0.022948198435325716
0.4300000000000002,6,0.399,0.0007799058800817432,0.03151201370416615,0.09899791075282925,0.0016447761976314517,0.0007670862816629912,194.6415857037889,66.15286574558387,1.9423001333359844,0.05148534888284525,0.05148534888284525,0.05148534888284525,0.022948198435325716
0.4400000000000002,0,0.0,0.0007550933947574375,0.03100668911982523,0.09741038675098551,0.0010918950376282897,0.0005144239894925289,137.92551926746415,5.304827664133237,25.0,0.0,0.0,0.051455702738236894,0.023462755462708085
0.4400000000000002,1,0.0665,0.000760524219904337,0.03111799337218039,0.09776005937249779,0.001205298162466533,0.000570076115670111,140.85905732810886,9.166850520108705,14.366134423062295,0.006960814722676382,0.006960814722676382,0.051455702738236894,0.023462755462708085
0.4400000000000002,2,0.133,0.0007700991553352704,0.0313132671233778,0.09837352995469849,0.0014124975569310282,0.0006677129912688196,149.45481005103005,19.366784160501766,6.717069019431769,0.01488744565683494,0.01488744565683494,0.051455702738236894,0.023462755462708085
0.4400000000000002,3,0.1995,0.0007720369276799736,0.03135263858621764,0.09849721905311722,0.001453733681009567,0.0006873987226887295,160.3838910421321,30.615840488490882,4.238591803560763,0.02359274132413313,0.02359274132413313,0.051455702738236894,0.023462755462708085
0.4400000000000002,4,0.266,0.0007736459747246138,0.0313852935089758,0.09859980751855779,0.0014869572533790323,0.000703726184067824,171.81029744371082,42.30690308187099,3.061046423351502,0.032668566944016236,0.032668566944016236,0.051455702738236894,0.023462755462708085
0.4400000000000002,5,0.3325,0.0007759754562760038,0.03143250923287098,0.09874814008988081,0.0015335062097248948,0.0007273340460154072,183.17582657348802,54.05391395111855,2.3887615749552493,0.041862696155380595,0.041862696155380595,0.051455702738236894,0.023462755462708085
0.4400000000000002,6,0.399,0.0007815319007237928,0.031544846195116695,0.09910105706519855,0.0016416245475272641,0.0007835025271382638,194.1974110034439,65.97681085933567,1.943419187348688,0.051455702738236894,0.051455702738236894,0.051455702738236894,0.023462755462708085
0.45000000000000023,0,0.0,0.0007561562596123164,0.0310285038591523,0.09747891977579541,0.0010907369663535457,0.0005253313591560643,137.73130677882364,5.297357953031678,25.0,0.0,0.0,0.05142615030218218,0.023977016965729906
0.45000000000000023,1,0.0665,0.0007617014202449973,0.03114206752187252,0.097835690544312,0.001203707484606508,0.0005821131905161761,140.63662832983871,9.14837669653955,14.372850615457898,0.006957562050526757,0.006957562050526757,0.05142615030218218,0.023977016965729906
0.45000000000000023,2,0.133,0.0007714873361282967,0.03134147706508,0.09846215410030833,0.0014104970851100676,0.0006818179621199203,149.17546956002798,19.322061323962565,6.720473869681057,0.014879903104919868,0.014879903104919868,0.05142615030218218,0.023977016965729906
0.45000000000000023,3,0.1995,0.0007734674053916875,0.031381671196869035,0.09858842768945417,0.001451630532569793,0.0007019150280144274,160.0708295755757,30.543346608527482,4.240775728579954,0.0235805914767121,0.0235805914767121,0.05142615030218218,0.023977016965729906
0.45000000000000023,4,0.266,0.0007751106065235839,0.03141498807527203,0.09869309574988556,0.001484728314811277,0.0007185734672159367,171.46300009174206,42.204911421926525,3.062631440630454,0.03265165983518233,0.03265165983518233,0.05142615030218218,0.023977016965729906
0.45000000000000023,5,0.3325,0.0007774880668587869,0.03146313004588551,0.0988443382110942,0.0015310406507266657,0.0007426444525226739,182.7898003910596,53.91974504174273,2.3900345828703435,0.041840398761052104,0.041840398761052104,0.05142615030218218,0.023977016965729906
0.45000000000000023,6,0.399,0.0007831565038241044,0.031577615970579294,0.09920400635105163,0.0016384887731297833,0.0007998874148695616,193.75555900142183,65.80172895636808,1.9445359882549225,0.05142615030218218,0.05142615030218218,0.05142615030218218,0.023977016965729906
0.46000000000000024,0,0.0,0.0007572187455151674,0.0310502955026947,0.09754738024305787,0.00108958217712001,0.0005362271809272644,137.53770953813319,5.289911905312815,25.0,0.0,0.0,0.051396693077558384,0.02449098389650549
0.46000000000000024,1,0.0665,0.0007628779789366069,0.03116610996883837,0.09791122211907424,0.00120212234829259,0.000594134413999102,140.41501685335885,9.129978724067284,14.379555757694671,0.006954317760928658,0.006954317760928658,0.051396693077558384,0.02449098389650549
0.46000000000000024,2,0.133,0.0007728748027900439,0.03136964714563545,0.09855065301843235,0.0014085040277722267,0.0006959030023976426,148.89729947070427,19.277543815544394,6.723872963040102,0.014872380925350865,0.014872380925350865,0.051396693077558384,0.02449098389650549
0.46000000000000024,3,0.1995,0.0007748971396687106,0.03141066190528893,0.09867950468604847,0.0014495354209944483,0.0007164103822243718,159.75912394270873,30.47119363960884,4.242955882602556,0.02356847508361594,0.02356847508361594,0.051396693077558384,0.02449098389650549
0.46000000000000024,4,0.266,0.0007765744301875605,0.03144463823841798,0.0987862444846026,0.0014825081572972124,0.0007333985487889089,171.1172564737421,42.103411019470975,3.064213619048772,0.0326348004520139,0.0326348004520139,0.051396693077558384,0.02449098389650549
0.46000000000000024,5,0.3325,0.0007789997215575111,0.03149370176439575,0.09894038209737359,0.0015285859255118205,0.0007579303117777921,182.40558746622486,53.78625006080233,2.391305161821573,0.04181816758335651,0.04181816758335651,0.051396693077558384,0.02449098389650549
0.46000000000000024,6,0.399,0.000784779695814166,0.03161032335512923,0.09930675963007184,0.0016353692274965741,0.0008162411071445273,193.3160132595436,65.62761443797189,1.945650469167316,0.051396693077558384,0.051396693077558384,0.051396693077558384,0.02449098389650549
0.47000000000000025,0,0.0,0.000758280853283328,0.03107206411579146,0.09761576835804148,0.00108843065483803,0.0005471114874756447,137.34472451450537,5.2824894044040525,25.0,0.0,0.0,0.05136733169086062,0.025004657213414095
0.47000000000000025,1,0.0665,0.0007640538977618052,0.03119012082277604,0.09798665444141125,0.0012005426968834758,0.0006061398409679368,140.19421833548114,9.111656299292465,14.386249626905641,0.006951081942369239,0.006951081942369239,0.05136733169086062,0.025004657213414095
0.47000000000000025,2,0.133,0.0007742615572990091,0.03139777751245028,0.09863902717216061,0.001406518340741485,0.0007099681858050575,148.62029264139673,19.233230676115387,6.727266164698971,0.0148648793658181,0.0148648793658181,0.05136733169086062,0.025004657213414095
0.47000000000000025,3,0.1995,0.0007763261328204579,0.0314396108741557,0.09877045055396932,0.001447448443338475,0.0007308848666577566,159.44876554606614,30.399379658859633,4.24513221438702,0.023556392345353512,0.023556392345353512,0.05136733169086062,0.025004657213414095
0.47000000000000025,4,0.266,0.0007780374483159156,0.03147424417647966,0.09887925428211984,0.0014802969030844,0.0007482015178197529,170.77305593256824,42.002398397722914,3.0657929653328178,0.03261798860222258,0.03261798860222258,0.05136733169086062,0.025004657213414095
0.47000000000000025,5,0.3325,0.0007805104238101212,0.03152422460066302,0.09903627241555758,0.0015261418133637225,0.0007731917299114294,182.02317431495493,53.65342368133121,2.3925733313136206,0.041796002108364184,0.041796002108364184,0.05136733169086062,0.025004657213414095
0.47000000000000025,6,0.399,0.0007864014821531106,0.031642968652066825,0.09940931785510526,0.001632264846879736,0.0008325637556133247,192.87875629073875,65.45446061466947,1.9467625961539328,0.05136733169086062,0.05136733169086062,0.05136733169086062,0.025004657213414095
0.48000000000000026,0,0.0,0.0007593425837309304,0.031093809763481736,0.0976840843250728,0.0010872823845138426,0.0005579843113207831,137.15234869729846,5.2750903345114795,25.0,0.0,0.0,0.051338064200628926,0.025518037855420384
0.48000000000000026,1,0.0665,0.0007652291784960187,0.031214100192802827,0.09806198785412511,0.001198968501339336,0.0006181295259813301,139.9742278159205,9.093408684002213,14.392932692244807,0.006947854348952938,0.006947854348952938,0.051338064200628926,0.025518037855420384
0.48000000000000026,2,0.133,0.0007756476016025749,0.03142586831162161,0.09872727702047074,0.001404539958566769,0.0007240135853907252,148.34444114278693,19.189120105220034,6.730653637549158,0.014857398015865388,0.014857398015865388,0.051338064200628926,0.025518037855420384
0.48000000000000026,3,0.1995,0.0007777543872972959,0.031468518268234116,0.0988612658108405,0.0014453697039207237,0.0007453385636969639,159.1397456517502,30.327902571456573,4.247304698265756,0.023544343319854503,0.023544343319854503,0.051338064200628926,0.025518037855420384
0.48000000000000026,4,0.266,0.0007794996634370042,0.031503806065231926,0.09897212569465019,0.0014780944376132342,0.0007629824621958852,170.43038939264147,41.90187162469485,3.067369374789416,0.03260122527853865,0.03260122527853865,0.051338064200628926,0.025518037855420384
0.48000000000000026,5,0.3325,0.0007820201770003301,0.031554698764805406,0.09913200982575159,0.001523708207119126,0.0007884288119826207,181.6425497931215,53.521262812939504,2.3938390136266907,0.041773903520980295,0.041773903520980295,0.051338064200628926,0.025518037855420384
0.48000000000000026,6,0.399,0.000788021869674094,0.03167555219069109,0.0995116820606752,0.001629176931213447,0.0008488555249254591,192.44376776386054,65.28225768352955,1.9478724326106347,0.051338064200628926,0.051338064200628926,0.051338064200628926,0.025518037855420384
0.49000000000000027,0,0.0,0.0007604039376689195,0.03111553251050671,0.09775232834754226,0.0010861373512487953,0.0005688456848332712,136.9605790959459,5.267714580613304,25.0,0.0,0.0,0.051308893183813965,0.026031126787258524
0.49000000000000027,1,0.0665,0.0007664038228812058,0.031238048186923502,0.09813722269652284,0.001197399706033651,0.0006301035230416666,139.7550399401459,9.075234712985099,14.399606110482246,0.00694463440407614,0.00694463440407614,0.051308893183813965,0.026031126787258524
0.49000000000000027,2,0.133,0.0007770329376604149,0.031453919688823724,0.09881540302101197,0.0014025688601054787,0.00073803927399178,148.0697369426546,19.14521014286976,6.734035606697173,0.014849936329494221,0.014849936329494221,0.051308893183813965,0.026031126787258524
0.49000000000000027,3,0.1995,0.00077918190469419,0.03149738423422979,0.09895195091755128,0.0014432982997838457,0.0007597715466948024,158.83205568323143,30.2567604058869,4.249473292994326,0.02353232815108165,0.02353232815108165,0.051308893183813965,0.026031126787258524
0.49000000000000027,4,0.266,0.0007809610779805222,0.03153332407761354,0.09906485926549684,0.0014759006190808522,0.0007777414683866938,170.08924670669583,41.80182762164375,3.068942828198943,0.03258451056212297,0.03258451056212297,0.051308893183813965,0.026031126787258524
0.49000000000000027,5,0.3325,0.0007835289846856781,0.03158512446940802,0.09922759499581145,0.0015212852301305438,0.0008036416642839261,181.26370054678333,53.38976207171788,2.3951022352055773,0.04175187118533033,0.04175187118533033,0.051308893183813965,0.026031126787258524
0.49000000000000027,6,0.399,0.0007896408637703062,0.03170807426967436,0.09961385318508852,0.0016261039491635247,0.0008651165644170944,192.01103295063564,65.11100155765224,1.9489798706386101,0.051308893183813965,0.051308893183813965,0.051308893183813965,0.026031126787258524
0.5000000000000002,0,0.0,0.0007614649159050705,0.031137232421311483,0.09782050062791008,0.001084995540238578,0.0005796956402356569,136.76941273978738,5.260362028453361,25.0,0.0,0.0,0.051308893183813965,0.026544215719096664
0.5000000000000002,1,0.0665,0.000767578007318807,0.03126196846948895,0.09821237048050223,0.001196014128272493,0.0006420636643243916,139.5408415396863,9.061325370179649,14.399606110482246,0.00694463440407614,0.00694463440407614,0.051308893183813965,0.026544215719096664
0.5000000000000002,2,0.133,0.0007784176374078356,0.031481933204093,0.09890341007478315,0.0014006757634639952,0.0007520460316264199,147.8057502623999,19.111077033885092,6.734035606697173,0.014849936329494221,0.014849936329494221,0.051308893183813965,0.026544215719096664
0.5000000000000002,3,0.1995,0.0007806087423548433,0.03152621004390107,0.09904250986944835,0.001441290483564026,0.0007741844515304426,158.54106391185394,30.201327840534898,4.249473292994326,0.02353232815108165,0.02353232815108165,0.051308893183813965,0.026544215719096664
0.5000000000000002,4,0.266,0.0007824217757912846,0.031562800027870985,0.0991574606942832,0.0014737975128720267,0.0007924794435154141,169.77095824669223,41.72360375037238,3.068942828198943,0.03258451056212297,0.03258451056212297,0.051308893183813965,0.026544215719096664
0.5000000000000002,5,0.3325,0.0007850370249418698,0.03161550544016706,0.09932303963035696,0.0015190485379518105,0.0008188321496634442,180.91464892290588,53.286951729143226,2.3951022352055773,0.04175187118533033,0.04175187118533033,0.051308893183813965,0.026544215719096664
0.5000000000000002,6,0.399,0.0007912589746054769,0.031740545310285535,0.099715863967727,0.0016235520305587909,0.0008813520847226823,191.61735432657053,64.97750501263178,1.9489798706386101,0.051308893183813965,0.051308893183813965,0.051308893183813965,0.026544215719096664
0.5100000000000002,0,0.0,0.0007625255192440078,0.03115890956004693,0.09788860136771221,0.0010838569367724613,0.0005905342096033815,136.5788466779018,5.253032564534684,25.0,0.0,0.0,0.05125577207236632,0.027056773439820325
0.5100000000000002,1,0.0665,0.000768751417105004,0.03128585470031603,0.09828741128779053,0.0011943115413541648,0.0006540067797379332,139.31981339680496,9.039895204117782,14.411662441987499,0.0069388247471475675,0.0069388247471475675,0.05125577207236632,0.027056773439820325
0.5100000000000002,2,0.133,0.0007798015763617838,0.03150990644338126,0.09899129059782825,0.0013986619644129593,0.0007660326512705496,147.52558424663496,19.059841444346556,6.74012652085274,0.014836516746476194,0.014836516746476194,0.05125577207236632,0.027056773439820325
0.5100000000000002,3,0.1995,0.0007820348017088738,0.03155499381864715,0.09913293676473321,0.0014391887373039413,0.000788576338903482,158.22306140053408,30.11791143983488,4.253453969296934,0.023510304971404054,0.023510304971404054,0.05125577207236632,0.027056773439820325
0.5100000000000002,4,0.266,0.0007838816071004869,0.03159223101572429,0.09924992086951104,0.0014715493926652113,0.0008071949374420661,169.4142285550329,41.60592478068144,3.0718774897582786,0.032553381550339384,0.032553381550339384,0.05125577207236632,0.027056773439820325
0.5100000000000002,5,0.3325,0.0007865439743333673,0.031645835299362886,0.099418323693191,0.001516492959791385,0.0008339970792613581,180.5148826529538,53.13235568563683,2.397456791130984,0.04171086643560558,0.04171086643560558,0.05125577207236632,0.027056773439820325
0.5100000000000002,6,0.399,0.0007928752853460249,0.031772947098840786,0.09981765718861534,0.0016200894277625325,0.0008975529790003076,191.1583652467041,64.77749222108038,1.9509997792797529,0.05125577207236632,0.05125577207236632,0.05125577207236632,0.027056773439820325
0.5200000000000002,0,0.0,0.0007635857484872221,0.03118056399057158,0.09795663076756612,0.0010827215262325391,0.0006013614248657069,136.3888779789415,5.245726076113135,25.0,0.0,0.0,0.051222728045834755,0.027569000720278673
0.5200000000000002,1,0.0665,0.0007699241689610015,0.03130970933062944,0.09836235281913724,0.001192731515670424,0.0006659340948946375,139.10236011538916,9.021299092329002,14.419326938585908,0.006935136461356006,0.006935136461356006,0.051222728045834755,0.027569000720278673
0.5200000000000002,2,0.133,0.00078118480183488,0.03153784046890768,0.09907904792720724,0.0013967012763210194,0.0007799996640337598,147.25277049813917,19.015019984019077,6.744023967468656,0.014827942558088896,0.014827942558088896,0.051222728045834755,0.027569000720278673
0.5200000000000002,3,0.1995,0.0007834601236812135,0.031583736498299604,0.09922323455597386,0.0014371339826228747,0.0008029476787297108,157.91731437884366,30.04576725397956,4.255892220822803,0.023496835636656877,0.023496835636656877,0.051222728045834755,0.027569000720278673
0.5200000000000002,4,0.266,0.000785340636536005,0.031621618467831875,0.09934224427315995,0.0014693726053793264,0.0008218886634958594,169.07531417563303,41.50502920633552,3.073610292745549,0.032535028997014936,0.032535028997014936,0.051222728045834755,0.027569000720278673
0.5200000000000002,5,0.3325,0.0007880499693172754,0.03167611693629897,0.09951345626132808,0.0015140818468044447,0.0008491378977294026,180.1382159617193,52.9997427635047,2.3988507598146565,0.04168662831185311,0.04168662831185311,0.051222728045834755,0.027569000720278673
0.5200000000000002,6,0.399,0.0007944901491406366,0.031805286915674816,0.09991925571959957,0.0016169908417014752,0.0009137228874173224,190.72700441134128,64.60376428996679,1.9522583785564627,0.051222728045834755,0.051222728045834755,0.051222728045834755,0.027569000720278673
0.5300000000000002,0,0.0,0.0007646456044330885,0.031202195776453442,0.0980245890271766,0.001081589294092986,0.0006121773178066367,136.1995037309688,5.238442451191108,25.0,0.0,0.0,0.05119326572996192,0.028080933377578294
0.5300000000000002,1,0.0665,0.0007710962865010994,0.03133353291238692,0.09843719680856874,0.0011911790878740174,0.0006778458857733777,138.88622073116682,9.003299748249523,14.426146481257598,0.006931858076577807,0.006931858076577807,0.05119326572996192,0.028080933377578294
0.5300000000000002,2,0.133,0.000782567324689215,0.03156573560384599,0.09916668307820034,0.001394756746915662,0.0007939472315029164,146.98230047896865,18.971617520063468,6.747483857057906,0.014820339272897918,0.014820339272897918,0.05119326572996192,0.028080933377578294
0.5300000000000002,3,0.1995,0.0007848847159360788,0.031612438349296,0.09931340408020857,0.0014350925498199465,0.0008172986042279103,157.61447847692835,29.97556364596808,4.2580989081127285,0.02348465880148424,0.02348465880148424,0.05119326572996192,0.028080933377578294
0.5300000000000002,4,0.266,0.0007867988736465856,0.031650962697521816,0.09943443188957912,0.0014672114844971283,0.0008365607783408307,168.73975221537646,41.40647115522166,3.075202438353579,0.03251818441375151,0.03251818441375151,0.05119326572996192,0.028080933377578294
0.5300000000000002,5,0.3325,0.000789555029248334,0.03170635087775802,0.09960843898970488,0.0015116970729522373,0.000864254868458925,179.76584176866666,52.870335273520574,2.4001267599053806,0.04166446609009195,0.04166446609009195,0.05119326572996192,0.028080933377578294
0.5300000000000002,6,0.399,0.0007961036317775332,0.031837566265128306,0.10002066428670531,0.001613967472674429,0.0009298625621440667,190.30225345588076,64.4353687523191,1.953381925808123,0.05119326572996192,0.05119326572996192,0.05119326572996192,0.028080933377578294
0.5400000000000003,0,0.0,0.0007657050878768837,0.03122380498097183,0.09809247634534149,0.001080460225919313,0.0006229819200658298,136.01072104129344,5.231181578511285,25.0,0.0,0.0,0.05116443821572078,0.0285925777597355
0.5400000000000003,1,0.0665,0.0007722677754860097,0.031357325633310056,0.09851194384582977,0.0011896360461567442,0.0006897422462349451,138.6709599966699,8.985469675147728,14.43280039998466,0.006928662298974653,0.006928662298974653,0.05116443821572078,0.0285925777597355
0.5400000000000003,2,0.133,0.0007839491485386863,0.031593592024031,0.09925419660320889,0.0013928210092504494,0.0008078754415954208,146.7131738683426,18.928641029952622,6.750856156878044,0.01481293597081253,0.01481293597081253,0.05116443821572078,0.0285925777597355
0.5400000000000003,3,0.1995,0.0007863085819387861,0.03164109955246643,0.09940344590553184,0.001433060158521719,0.0008316292058131275,157.31323225953057,29.905986367709637,4.26025894365371,0.023472751615008024,0.023472751615008024,0.05116443821572078,0.0285925777597355
0.5400000000000003,4,0.266,0.0007882563220312958,0.03168026389722379,0.0995264843233042,0.0014650599850984792,0.0008512113781918155,168.40598742137453,41.3087032875922,3.076767703138197,0.03250164121847855,0.03250164121847855,0.05116443821572078,0.0285925777597355
0.5400000000000003,5,0.3325,0.0007910591600248872,0.031736537378369865,0.09970327267826465,0.0015093250305922056,0.000879348118764847,179.39557904535843,52.74196239345613,2.4013823320995096,0.04164268166017978,0.04164268166017978,0.05116443821572078,0.0285925777597355
0.5400000000000003,6,0.399,0.0007977157484870038,0.031869785635169595,0.10012188442293032,0.001610968502064296,0.0009459722471647097,189.88035248401286,64.26856526389821,1.9544825172980012,0.05116443821572078,0.05116443821572078,0.05116443821572078,0.0285925777597355
0.5500000000000003,0,0.0,0.0007667641996108034,0.03124539166711918,0.09816029291995736,0.0010793343073676374,0.0006337752631395062,135.8225270363124,5.223943347550477,25.0,0.0,0.0,0.05113579652864211,0.029103935725021922
0.5500000000000003,1,0.0665,0.0007734386383727434,0.031381087613438385,0.09858659430803568,0.0011880990064165678,0.0007016232362991108,138.4564934378008,8.967729081334909,14.43941528362837,0.0069254881888037075,0.0069254881888037075,0.05113579652864211,0.029103935725021922
0.5500000000000003,2,0.133,0.0007853302755763485,0.0316214098759301,0.09934158896237374,0.0013908925949551224,0.0008217843675449721,146.4451947516225,18.885900648932104,6.754207621541375,0.014805585733116544,0.014805585733116544,0.05113579652864211,0.029103935725021922
0.5500000000000003,3,0.1995,0.0007877317237650411,0.031669720259895666,0.09949336050973205,0.0014310353714616821,0.0008459395595277443,157.01332082011365,29.83678695419564,4.26240714394465,0.02346092163956325,0.02346092163956325,0.05113579652864211,0.029103935725021922
0.5500000000000003,4,0.266,0.0007897129844629561,0.031709522241892274,0.09961840212397091,0.0014629172334241665,0.0008658405505260571,168.07374621650908,41.21145890582164,3.078325559903111,0.03248519302264685,0.03248519302264685,0.05113579652864211,0.029103935725021922
0.5500000000000003,5,0.3325,0.0007925623653012117,0.03176667664661097,0.09979795798195545,0.0015069634120549408,0.0008944177528853964,179.0270898563965,52.61429413470363,2.4026321706046194,0.041621019323501,0.041621019323501,0.05113579652864211,0.029103935725021922
0.5500000000000003,6,0.399,0.000799326507206876,0.03190194536593075,0.10022291719683099,0.001607986538057942,0.0009620521125452891,189.46071556854113,64.10277924891088,1.955577243115557,0.05113579652864211,0.05113579652864211,0.05113579652864211,0.029103935725021922
0.5600000000000003,0,0.0,0.0007678229404239799,0.03126695589760286,0.0982280389480252,0.0010782115241839588,0.0006445573783813458,135.6349188613509,5.216727648513497,25.0,0.0,0.0,0.05110726192281847,0.029615008344250106
0.5600000000000003,1,0.0665,0.0007746088769843285,0.03140481895950591,0.09866114853050123,0.0011865673033765623,0.0007134889093328764,138.24280190175637,8.950062906465853,14.446014552801046,0.006922324467727347,0.006922324467727347,0.05110726192281847,0.029615008344250106
0.5600000000000003,2,0.133,0.0007867107077594392,0.03164918930061094,0.09942886059887202,0.0013889712340418628,0.0008356740798853907,146.17832057218877,18.843359588275735,6.7575508702354945,0.014798260778244811,0.014798260778244811,0.05110726192281847,0.029615008344250106
0.5600000000000003,3,0.1995,0.0007891541434402327,0.03169830062195305,0.09958314836520847,0.0014290181028691615,0.000860229740556436,156.71468792795142,29.76791533633839,4.264550310536732,0.023449131260785645,0.023449131260785645,0.05110726192281847,0.029615008344250106
0.5600000000000003,4,0.266,0.0007911688633341139,0.031738737898035004,0.09971018581467872,0.0014607828071364157,0.0008804483785974212,167.7429657939403,41.114681888991,3.079879937946344,0.03246879813980013,0.03246879813980013,0.05110726192281847,0.029615008344250106
0.5600000000000003,5,0.3325,0.0007940646484843264,0.031796768885005766,0.09989249553702663,0.0015046119197398794,0.0009094638720827952,178.66029872793843,52.487262537915434,2.403879152563517,0.04159942894523594,0.04159942894523594,0.05110726192281847,0.029615008344250106
0.5600000000000003,6,0.399,0.0008009359135720382,0.03193404574992814,0.1003237635273746,0.0016050191998696348,0.0009781023045439855,189.04322646679094,63.937904550926206,1.956669096282613,0.05110726192281847,0.05110726192281847,0.05110726192281847,0.029615008344250106
0.5700000000000003,0,0.0,0.0007688813111024992,0.031288497734846925,0.09829571462565598,0.001077091862203436,0.0006553282970033802,135.44789368050505,5.209534372327117,25.0,0.0,0.0,0.05107881866372977,0.030125796530887403
0.5700000000000003,1,0.0665,0.0007757784930848116,0.031428519776639754,0.09873560684349297,0.0011850408566920969,0.0007253393178997974,138.02987870678635,8.932468424947876,14.452601916988227,0.006919169335346848,0.006919169335346848,0.05107881866372977,0.030125796530887403
0.5700000000000003,2,0.133,0.0007880904469731833,0.031676930437058874,0.09951601194933907,0.0013870568223967054,0.0008495446481093578,145.9125384817909,18.80101068169128,6.760888015657733,0.014790956419986125,0.014790956419986125,0.05107881866372977,0.030125796530887403
0.5700000000000003,3,0.1995,0.0007905758432821091,0.0317268407941782,0.0996728099606032,0.0014270086112576005,0.0008744998266690119,156.41731714816575,29.69936118070322,4.266689616536126,0.023437373933279947,0.023437373933279947,0.05107881866372977,0.030125796530887403
0.5700000000000003,4,0.266,0.0007926239610282383,0.03176791103119271,0.09980183591548918,0.0014586566578852044,0.0008950349451762732,167.41362780890458,41.0183604590448,3.0814314842266897,0.03245244962021144,0.03245244962021144,0.05107881866372977,0.030125796530887403
0.5700000000000003,5,0.3325,0.0007955660127883027,0.03182681429124422,0.09998688596453947,0.0015022703119227472,0.0009244865752020227,178.29518377595514,52.36085312557883,2.4051237352520536,0.041577902431502195,0.041577902431502195,0.05107881866372977,0.030125796530887403
0.5700000000000003,6,0.399,0.0008025439731925034,0.03196608707767611,0.1004244243272389,0.001602066387398611,0.0009941229684179717,188.62784912458713,63.77391473922915,1.9577586681934827,0.05107881866372977,0.05107881866372977,0.05107881866372977,0.030125796530887403
0.5800000000000003,0,0.0,0.0007699393124294181,0.03131001724099392,0.09836332014807626,0.001075975307349681,0.000666088050076877,135.26144867648605,5.202363410634079,25.0,0.0,0.0,0.05105046580518831,0.030636301188939286
0.5800000000000003,1,0.0665,0.0007769474883530973,0.031452190167837686,0.09880996957058799,0.00118351955989661,0.0007371745134987635,137.81771861602374,8.914944317191036,14.459178847619322,0.006916022068325466,0.006916022068325466,0.05105046580518831,0.030636301188939286
0.5800000000000003,2,0.133,0.0007894694950942367,0.0317046334234617,0.09960304344790469,0.0013851493201411914,0.0008633961413107697,145.64784046422605,18.758851536534163,6.764219476899575,0.014783671692130794,0.014783671692130794,0.05105046580518831,0.030636301188939286
0.5800000000000003,3,0.1995,0.0007919968254719838,0.03175534092866337,0.09976234577372811,0.0014250067242583691,0.0008887498939115957,156.12120025869245,29.631122361996596,4.2688250668130525,0.02342564954873082,0.02342564954873082,0.05105046580518831,0.030636301188939286
0.5800000000000003,4,0.266,0.0007940782798550014,0.03179704180465005,0.09989335293937615,0.0014565386728671238,0.0009096003319049445,167.08572363468207,40.922492497593886,3.082980127481389,0.03243614809859123,0.03243614809859123,0.05105046580518831,0.030636301188939286
0.5800000000000003,5,0.3325,0.0007970664615378071,0.031856813064273466,0.10008112988950486,0.0014999386514623501,0.0009394859617166462,177.93173363969387,52.23506184558388,2.406365903532223,0.04155643988024157,0.04155643988024157,0.05105046580518831,0.030636301188939286
0.5800000000000003,6,0.399,0.0008041506920983911,0.03199806964655558,0.10052490053067355,0.0015991284439731057,0.0010101142528577028,188.214566242785,63.61080203756388,1.9588459854922011,0.05105046580518831,0.05105046580518831,0.05105046580518831,0.030636301188939286
0.5900000000000003,0,0.0,0.0007709969451847804,0.0313315144779066,0.09843085570963361,0.0010748618456340496,0.0006768366685332175,135.0755810504661,5.195214655787157,25.0,0.0,0.0,0.051022203205564734,0.031146523220994933
0.5900000000000003,1,0.0665,0.0007781158644614097,0.03147583023556413,0.09888423703368775,0.001182003386321911,0.0007489945473619827,137.60631717095998,8.8974899991637,14.465745641062142,0.006912882507497038,0.006912882507497038,0.051022203205564734,0.031146523220994933
0.5900000000000003,2,0.133,0.000790847853968965,0.03173229839677904,0.0996899555248402,0.0013832486658669724,0.0008772286279694394,145.38421912406727,18.716880333398343,6.76754547415918,0.014776406066547237,0.014776406066547237,0.051022203205564734,0.031146523220994933
0.5900000000000003,3,0.1995,0.0007934170917860085,0.03178380116868834,0.09985175625470998,0.0014230120012486826,0.0009029800139240825,155.82632789195858,29.563195536086006,4.2709568457087395,0.02341395701538764,0.02341395701538764,0.051022203205564734,0.031146523220994933
0.5900000000000003,4,0.266,0.0007955318222218759,0.0318261303828806,0.09998473740304861,0.0014544289115276177,0.0009241446210202207,166.7592418840269,40.827073057724284,3.084526011655319,0.032419891945192174,0.032419891945192174,0.051022203205564734,0.031146523220994933
0.5900000000000003,5,0.3325,0.0007985659979317594,0.031886765399576265,0.10017522792605,0.0014976167651398907,0.0009544621293680451,177.56993488148845,52.10988252015004,2.4076057418249803,0.04153503967148682,0.04153503967148682,0.051022203205564734,0.031146523220994933
0.5900000000000003,6,0.399,0.0008057560758359661,0.03202999374281826,0.10062519303696488,0.001596204813134061,0.0010260763009890435,187.80336159567287,63.44855971263899,1.9599310440810895,0.051022203205564734,0.051022203205564734,0.051022203205564734,0.031146523220994933
0.6000000000000003,0,0.0,0.0007720542101456345,0.0313529895071697,0.0984983215038022,0.0010737514631549486,0.000687574183164767,134.89028802192584,5.188088000843302,25.0,0.0,0.0,0.05099402714273397,0.03165646349242227
0.6000000000000003,1,0.0665,0.0007792836231011802,0.0314994400822763,0.0989584095546711,0.0011804923356087142,0.0007607994707180698,137.39567051632196,8.880105460702348,14.472301666274921,0.006909750937062893,0.006909750937062893,0.05099402714273397,0.03165646349242227
0.6000000000000003,2,0.133,0.0007922255254349575,0.03175992549318056,0.09977674860793523,0.0013813548200759065,0.0008910421761701985,145.12166768021004,18.67509581668663,6.770866029535467,0.014769159449291417,0.014769159449291417,0.05099402714273397,0.03165646349242227
0.6000000000000003,3,0.1995,0.0007948366440643461,0.0318122216581507,0.09994104185561635,0.0014210244731179095,0.0009171902586552616,155.53269062033422,29.49557718369696,4.2730851697420436,0.02340229506963859,0.02340229506963859,0.05099402714273397,0.03165646349242227
0.6000000000000003,4,0.266,0.0007969845904940219,0.03185517692874344,0.10007598981814346,0.001452327293142051,0.0009386678939516412,166.43417049134507,40.73209647411015,3.0860693383934406,0.032403678930966094,0.032403678930966094,0.05099402714273397,0.03165646349242227
0.6000000000000003,5,0.3325,0.000800064625277003,0.03191667149385098,0.10026918069212101,0.0014953047137357387,0.0009694151765054025,177.20977310798818,51.98530793041447,2.40884338600426,0.041513699305241236,0.041513699305241236,0.05099402714273397,0.03165646349242227
0.6000000000000003,6,0.399,0.0008073601299210595,0.03206185965065052,0.10072530273891067,0.0015932953916131575,0.001042009254905175,187.39421478898407,63.28717669280748,1.9610139775800939,0.05099402714273397,0.05099402714273397,0.05099402714273397,0.03165646349242227
0.6100000000000003,0,0.0,0.0007731111080860498,0.03137444239009164,0.09856571772318809,0.00107264414609714,0.0006983006246257384,134.70556682850318,5.180983339557814,25.0,0.0,0.0,0.050965938505529336,0.03216612287747757
0.6100000000000003,1,0.0665,0.0007804507659570079,0.0315230198098994,0.09903248745374546,0.0011789863811548947,0.0007725893345296188,137.18577461292818,8.862790482904654,14.47884663160485,0.006906627478304597,0.006906627478304597,0.050965938505529336,0.03216612287747757
0.6100000000000003,2,0.133,0.0007936025113425651,0.031787514848482405,0.09986342312386878,0.0013794677650920974,0.0009048368538211195,144.86017980753047,18.63349714024737,6.7741810201929376,0.01476193206262325,0.01476193206262325,0.050965938505529336,0.03216612287747757
0.6100000000000003,3,0.1995,0.000796255485019352,0.03184060255772362,0.1000302030812169,0.0014190449786457922,0.0009313807084417196,155.2402809516513,29.42826568187658,4.275209984503305,0.023390663935216747,0.023390663935216747,0.050965938505529336,0.03216612287747757
0.6100000000000003,4,0.266,0.0007984365868717401,0.03188418160104586,0.10016711068356854,0.0014502336151210045,0.0009531702301028513,166.1105007124081,40.63756034098432,3.0876100661210257,0.032387509387035496,0.032387509387035496,0.050965938505529336,0.03216612287747757
0.6100000000000003,5,0.3325,0.0008015623465673075,0.031946531536619235,0.10036298878311764,0.0014930021384127027,0.0009843451978895296,176.85123798224805,51.861334866137355,2.4100787887301824,0.04149241944604135,0.04149241944604135,0.050965938505529336,0.03216612287747757
0.6100000000000003,6,0.399,0.0008089628598411345,0.0320936676522298,0.10082523052299751,0.0015904000789640548,0.0010579132556948155,186.98711134062341,63.12664772102703,1.9620947427300084,0.050965938505529336,0.050965938505529336,0.050965938505529336,0.03216612287747757
0.6200000000000003,0,0.0,0.0007741676397771336,0.031395873187706265,0.09863304455953475,0.0010715398807310604,0.000709016023433049,134.52141472584358,5.1739005663786,25.0,0.0,0.0,0.050937938393039,0.03267550226140796
0.6200000000000003,1,0.0665,0.0007816172946552472,0.031546569518792,0.09910647104619665,0.0011774854446302717,0.0007843641889759216,136.97662398603487,8.84554338240761,14.48538264573545,0.006903511108105962,0.006903511108105962,0.050937938393039,0.03267550226140796
0.6200000000000003,2,0.133,0.0007949788135120261,0.03181506659729242,0.09994997949552388,0.0013775874405008144,0.0009186127282261277,144.59974834943998,18.592082583833335,6.777490644064591,0.014754723429618501,0.014754723429618501,0.050937938393039,0.03267550226140796
0.6200000000000003,3,0.1995,0.0007976736165220563,0.0318689440105535,0.1001192403812193,0.001417072641493796,0.0009455514348566575,154.94909389264976,29.361261995241076,4.277330855797826,0.02337906591080095,0.02337906591080095,0.050937938393039,0.03267550226140796
0.6200000000000003,4,0.266,0.0007998878137687551,0.03191314456211005,0.10025810050927399,0.0014481480532094464,0.0009676517106349458,165.78822897171972,40.54346734099565,3.0891477676869155,0.03237138768369043,0.03237138768369043,0.050937938393039,0.03267550226140796
0.6200000000000003,5,0.3325,0.0008030591650797929,0.03197634572213647,0.10045665280931135,0.0014907092758619724,0.0009992522906481494,176.49432259036007,51.73796342722045,2.4113117505800896,0.04147120337133636,0.04147120337133636,0.050937938393039,0.03267550226140796
0.6200000000000003,6,0.399,0.0008105642714963502,0.03212541803648011,0.10092497729690696,0.0015875192125159648,0.0010737884478199751,186.5820371811389,62.96696785689553,1.9631732880195572,0.050937938393039,0.050937938393039,0.050937938393039,0.03267550226140796
0.6300000000000003,0,0.0,0.0007752238059870465,0.03141728196077451,0.09870030220372832,0.0010704386534121414,0.0007197204099671704,134.3378289874521,5.1668395764404655,25.0,0.0,0.0,0.050910026163538194,0.03318460252304334
0.6300000000000003,1,0.0665,0.0007827832108673831,0.0315700893098375,0.09918036064895915,0.0011759895522748818,0.0007961240844986704,136.76821524960485,8.82836452750992,14.491908475621239,0.006900402398222654,0.006900402398222654,0.050910026163538194,0.03318460252304334
0.6300000000000003,2,0.133,0.0007963544337766547,0.031842580873880436,0.10003641814472163,0.001375713829400668,0.0009323698665201343,144.34036649856952,18.550850727420922,6.780794995305145,0.014747533300923791,0.014747533300923791,0.050910026163538194,0.03318460252304334
0.6300000000000003,3,0.1995,0.0007990910402281545,0.03189724615483354,0.10020815418977032,0.001415107214001886,0.0009597025069966764,154.659118253761,29.294560709522706,4.279448283499482,0.023367498185589912,0.023367498185589912,0.050910026163538194,0.03318460252304334
0.6300000000000003,4,0.266,0.0008013382734397743,0.03194206597033635,0.10034895979288921,0.0014460704113151816,0.0009821124147480977,165.4673403448627,40.44980878773152,3.0906828809299385,0.03235530911858274,0.03235530911858274,0.050910026163538194,0.03318460252304334
0.6300000000000003,5,0.3325,0.0008045550840465849,0.0320061142428417,0.10055017337526713,0.0014884260352614317,0.0010141365510007638,176.13901134973747,51.61518502610179,2.4125424768053043,0.041450047392500335,0.041450047392500335,0.050910026163538194,0.03318460252304334
0.6300000000000003,6,0.399,0.000812164369870282,0.03215711107272788,0.1010245439067529,0.0015846518123883194,0.0010896349659438582,186.1789761408423,62.80813003212594,1.9642496289192657,0.050910026163538194,0.050910026163538194,0.050910026163538194,0.03318460252304334
0.6400000000000003,0,0.0,0.0007762796074810199,0.03143866876978611,0.09876749084580291,0.001069340450580139,0.0007304138144729718,134.1548069045467,5.159800265559488,25.0,0.0,0.0,0.05088219779406022,0.03369342450098394
0.6400000000000003,1,0.0665,0.0007839485162320914,0.03159357928287256,0.09925415657567913,0.0011744986517532338,0.0008078690710162027,136.56054516100454,8.81125441013058,14.498422676798043,0.006897302018931405,0.006897302018931405,0.05088219779406022,0.03369342450098394
0.6400000000000003,2,0.133,0.0007977293739392693,0.03187005781131094,0.10012273948949646,0.0013738468715252796,0.0009461083352353872,144.08202880247552,18.509801464257457,6.784093691155944,0.01474036246438704,0.01474036246438704,0.05088219779406022,0.03369342450098394
0.6400000000000003,3,0.1995,0.0008005077585080661,0.03192550914237353,0.10029694498379445,0.0014131493769995208,0.0009738340007666716,154.3703462505637,29.228159733933182,4.281562289785336,0.023355960565743326,0.023355960565743326,0.05088219779406022,0.03369342450098394
0.6400000000000003,4,0.266,0.0008027879681926091,0.03197094598444694,0.10043968903305461,0.0014440007055293717,0.0009965524218033914,165.1478245165203,40.356580525706924,3.092215504019773,0.032339272560403205,0.032339272560403205,0.05088219779406022,0.03369342450098394
0.6400000000000003,5,0.3325,0.000806050106426916,0.032035837284839865,0.1006435510656509,0.0014861520999082316,0.0010289980719998461,175.78529147428048,51.492993802080505,2.4137710491243203,0.041428949956243154,0.041428949956243154,0.05088219779406022,0.03369342450098394
0.6400000000000003,6,0.399,0.0008137631608014341,0.03218874704583987,0.1011239312474707,0.0015817986555995837,0.001105452952499854,185.7779082553929,62.650123154487886,1.965323911611255,0.05088219779406022,0.05088219779406022,0.05088219779406022,0.03369342450098394
0.6500000000000004,0,0.0,0.0007773350450213712,0.03146003367496128,0.09883461067494585,0.0010682452587584695,0.0007410962670605565,133.972345785913,5.152782530227423,25.0,0.0,0.0,0.05085445667980809,0.03420196906778202
0.6500000000000004,1,0.0665,0.0007851132123820537,0.03161703953723193,0.09932785913842587,0.001173012717968574,0.0008195991981958885,136.3536079453337,8.794210957592513,14.504928026273047,0.006894208631636651,0.006894208631636651,0.05085445667980809,0.03420196906778202
0.6500000000000004,2,0.133,0.0007991036358162467,0.0318974975423291,0.10020894394687958,0.0013719865509079414,0.0009598282007444665,143.8247274340836,18.468932264865032,6.787387238822312,0.014733209772977552,0.014733209772977552,0.05085445667980809,0.03420196906778202
0.6500000000000004,3,0.1995,0.0008019237732684884,0.031953733115063006,0.10038561320905083,0.0014111986344737572,0.0009879459871114092,154.0827721339026,29.162059077512694,4.283672587191148,0.02334445454561949,0.02334445454561949,0.05085445667980809,0.03420196906778202
0.6500000000000004,4,0.266,0.0008042369003196747,0.03199978476212365,0.10053028872514227,0.0014419388838355978,0.0010109718106417474,164.8296769946694,40.26378417848871,3.0937452938845005,0.032323281492394676,0.032323281492394676,0.05085445667980809,0.03420196906778202
0.6500000000000004,5,0.3325,0.0008075442354336634,0.03206551503838762,0.10073678647817158,0.0014838876773879124,0.0010438369487737252,175.43315570442766,51.37138931712065,2.414997297843387,0.041407913826363635,0.041407913826363635,0.05085445667980809,0.03420196906778202
0.6500000000000004,6,0.399,0.0008153606496564471,0.03222032622993661,0.10122314018023537,0.0015789592048370783,0.0011212425445482248,185.37882266781304,62.4929452811849,1.9663959961193587,0.05085445667980809,0.05085445667980809,0.05085445667980809,0.03420196906778202
0.6600000000000004,0,0.0,0.0007783901193675203,0.03148137673625235,0.098901661879503,0.0010671530645535495,0.000751767797706092,133.79044295776058,5.145786267606176,25.0,0.0,0.0,0.05082680123338143,0.034710237080115836
0.6600000000000004,1,0.0665,0.0007862773009431654,0.031640470171735255,0.09940146864765045,0.0011715317251662124,0.0008313145154475506,136.14740057735344,8.777234819223565,14.511422832071052,0.006891123024752228,0.006891123024752228,0.05082680123338143,0.034710237080115836
0.6600000000000004,2,0.133,0.0008004772211936926,0.03192490019848966,0.10029503193016245,0.0013701328080279122,0.0009735295288247457,143.56845674321133,18.42824273598217,6.790675367157277,0.014726075772027688,0.014726075772027688,0.05082680123338143,0.034710237080115836
0.6600000000000004,3,0.1995,0.0008033390864418615,0.03198191821465994,0.10047415931088526,0.0014092549798465838,0.001002038536909875,153.79638689057597,29.09625536508312,4.285779388475498,0.023332978890350953,0.023332978890350953,0.05082680123338143,0.034710237080115836
0.6600000000000004,4,0.266,0.0008056850720365656,0.032028582458793795,0.1006207593574415,0.001439884833507188,0.0010253706589768191,164.5128859745319,40.17141400246597,3.0952724732177233,0.03230733347880161,0.03230733347880161,0.05082680123338143,0.034710237080115836
0.6600000000000004,5,0.3325,0.0008090374741116138,0.03209514768951153,0.10082988019724884,0.0014816325561952397,0.0010586532743356776,175.08259131355345,51.2503656444562,2.4162213110472175,0.04138693734004808,0.04138693734004808,0.05082680123338143,0.034710237080115836
0.6600000000000004,6,0.399,0.0008169568417704724,0.03225184889714251,0.10132217155995099,0.0015761333602951823,0.0011370038781511767,184.98170263297897,62.33658842231023,1.9674659347699257,0.05082680123338143,0.05082680123338143,0.05082680123338143,0.034710237080115836
0.6700000000000004,0,0.0,0.0007794448312760064,0.03150269801334543,0.09896864464698378,0.0010660638546541458,0.0007624284362526335,133.60909576358065,5.138811375522334,25.0,0.0,0.0,0.05079922952388266,0.03521822937535466
0.6700000000000004,1,0.0665,0.0007874407835607179,0.03166387128521635,0.09947498541384847,0.001170055674054517,0.0008430150721880958,135.94191882187243,8.760325406868944,14.517907441575263,0.006888045016296751,0.006888045016296751,0.05079922952388266,0.03521822937535466
0.6700000000000004,2,0.133,0.0008018501318494318,0.03195226591060172,0.10038100385029394,0.0013682856056030086,0.0009872123848807758,143.31321014269287,18.38773150024333,6.793958169380295,0.014718960215370508,0.014718960215370508,0.05079922952388266,0.03521822937535466
0.6700000000000004,3,0.1995,0.0008047536998295733,0.03201006457967468,0.10056258372444082,0.0014073182507370672,0.0010161117194172457,153.51118290592132,29.030746577448078,4.287882710711037,0.023321533434252337,0.023321533434252337,0.05079922952388266,0.03521822937535466
0.6700000000000004,4,0.266,0.0008071324856503995,0.03205733923098539,0.10071110142169956,0.0014378386095796132,0.0010397490450726153,164.1974423071286,40.07946684653628,3.0967970690787463,0.03229142813343872,0.03229142813343872,0.05079922952388266,0.03521822937535466
0.6700000000000004,5,0.3325,0.0008105298254923566,0.03212473542309974,0.10092283280372592,0.0014793866794105767,0.0010734471411297834,174.73358633244592,51.129917528590084,2.4174431483238936,0.04136601932886565,0.04136601932886565,0.05079922952388266,0.03521822937535466
0.6700000000000004,6,0.399,0.0008185517424520459,0.032283315317696494,0.10142102623559815,0.0015733210276989771,0.0011527370884281665,184.58653115270727,62.18104424438485,1.9685337934699616,0.05079922952388266,0.05079922952388266,0.05079922952388266,0.03521822937535466
0.6800000000000004,0,0.0,0.0007804991815005021,0.03152399756566204,0.0990355591640664,0.0010649776158307273,0.0007730782124109408,133.42830156400504,5.131857752461732,25.0,0.0,0.0,0.05077174137752916,0.03572594678912995
0.6800000000000004,1,0.0665,0.0007886036618219674,0.031687242974968395,0.0995484097426755,0.0011685844876022872,0.0008547009170641187,135.73715885234375,8.74348251796423,14.52438156918141,0.006884974724995192,0.006884974724995192,0.05077174137752916,0.03572594678912995
0.6800000000000004,2,0.133,0.0008032223695529442,0.031979594808732165,0.10046686011589126,0.001366444906522294,0.0010008768339459988,143.05898148260223,18.347397574329435,6.797235597203261,0.014711863164070001,0.014711863164070001,0.05077174137752916,0.03572594678912995
0.6800000000000004,3,0.1995,0.0008061676153910641,0.032038172351130614,0.10065088689275557,0.001405388572796735,0.001030165605145213,153.2271525777314,28.965530641507293,4.289982582199221,0.023310117951279866,0.023310117951279866,0.05077174137752916,0.03572594678912995
0.6800000000000004,4,0.266,0.0008085791433907961,0.03208605523297068,0.10080131540257703,0.0014358000992644477,0.0010541070460652598,163.88333686022173,39.98793953964617,3.0983191118846993,0.032275565036672504,0.032275565036672504,0.05077174137752916,0.03572594678912995
0.6800000000000004,5,0.3325,0.0008120212925914216,0.03215427842285316,0.10101564487471627,0.001477149987670868,0.001088218641006492,174.38612998148824,51.01004084219594,2.418662818188425,0.04134515950218306,0.04134515950218306,0.05077174137752916,0.03572594678912995
0.6800000000000004,6,0.399,0.0008201453569812316,0.03231472575992934,0.10151970505016285,0.00157052211164203,0.0011684423095445868,184.1932935429088,62.02630663937971,1.9695995702888882,0.05077174137752916,0.05077174137752916,0.05077174137752916,0.03572594678912995
0.6900000000000004,0,0.0,0.0007815531707918303,0.03154527545236074,0.09910240561660293,0.0010638943349348274,0.0007837171557602891,133.24805773666668,5.124925297564103,25.0,0.0,0.0,0.05074433644739385,0.03623339015360389
0.6900000000000004,1,0.0665,0.0007897659373594382,0.03171058533882448,0.0996217419414832,0.00116711819280424,0.0008663720989921611,135.53311630868458,8.726705381092817,14.530845879400161,0.006881911819171262,0.006881911819171262,0.05074433644739385,0.03623339015360389
0.6900000000000004,2,0.133,0.0008045939360872185,0.03200688702264503,0.10055260113462011,0.0013646106956431002,0.0010145229409024299,142.80576402757177,18.307239346719303,6.800507838619746,0.014704784168044771,0.014704784168044771,0.05074433644739385,0.03623339015360389
0.6900000000000004,3,0.1995,0.0008075808352213266,0.032066241672108135,0.1007390692653298,0.0014034660488761656,0.0010442002656339746,152.94428848189034,28.90060564120593,4.292079009715468,0.02329873233312852,0.02329873233312852,0.05074433644739385,0.03623339015360389
0.6900000000000004,4,0.266,0.0008100250474155415,0.03211473061689048,0.10089140177803833,0.001433769195990032,0.00106844473802516,163.5705613822962,39.8968297292046,3.099838570946956,0.0322597444064487,0.0322597444064487,0.05074433644739385,0.03623339015360389
0.6900000000000004,5,0.3325,0.0008135118785522375,0.032183776874141076,0.10110831699257468,0.00147492256439589,0.001102967866650451,174.0402120041969,50.89073191991512,2.4198803090133896,0.04132435791453299,0.04132435791453299,0.05074433644739385,0.03623339015360389
0.6900000000000004,6,0.399,0.0008217376910411355,0.03234608049877047,0.10161820886736138,0.0015677369420566548,0.0011841196789651534,183.8019750575062,61.87236934946777,1.9706632700512108,0.05074433644739385,0.05074433644739385,0.05074433644739385,0.03623339015360389
0.7000000000000004,0,0.0,0.0007826067998979798,0.031566531732338705,0.09916918418962437,0.0010628139988984099,0.0007943452957492732,133.06836167606158,5.118013910617753,25.0,0.0,0.0,0.050717017227860595,0.0367405603258825
0.7000000000000004,1,0.0665,0.0007909276117735088,0.03173389847360346,0.09969498231443698,0.0011656567389487552,0.0008780286663816486,135.3297873812375,8.709993756879143,14.537300158723328,0.006878856383796512,0.006878856383796512,0.050717017227860595,0.0367405603258825
0.7000000000000004,2,0.133,0.0008059648332052766,0.03203414268094025,0.10063822731048913,0.001362782914761095,0.001028150770050041,142.55355215137115,18.267256276081397,6.803774688267034,0.014697723628686278,0.014697723628686278,0.050717017227860595,0.0367405603258825
0.7000000000000004,3,0.1995,0.0008089933612737986,0.03209427268224068,0.10082713128083491,0.0014015505066273695,0.0010582157707002483,152.6625842885693,28.83597073031926,4.294171842394538,0.023287377326808956,0.023287377326808956,0.050717017227860595,0.0367405603258825
0.7000000000000004,4,0.266,0.0008114701999916715,0.03214336553635209,0.10098136103065505,0.0014317459730805945,0.001082762197755966,163.25910857630973,39.80613595643941,3.101355347702354,0.03224396716554433,0.03224396716554433,0.050717017227860595,0.0367405603258825
0.7000000000000004,5,0.3325,0.0008150015862143146,0.03221323095546222,0.10120084971807142,0.0014727040660572758,0.0011176949073110236,173.69582355518958,50.7719884687683,2.4210955448797558,0.04130361571706024,0.04130361571706024,0.050717017227860595,0.0367405603258825
0.7000000000000004,6,0.399,0.000823328749419179,0.03237737979018448,0.1017165384913302,0.0015649645707005201,0.0011997693246721586,183.41256446068974,61.719229604282255,1.9717247871798458,0.050717017227860595,0.050717017227860595,0.050717017227860595,0.0367405603258825
0.7100000000000004,0,0.0,0.0007836600695641202,0.03158776646423337,0.09923589506734559,0.0010617365947332394,0.0008049626616966056,132.8892107934117,5.111123492054296,25.0,0.0,0.0,0.050689779026126605,0.037247458116143765
0.7100000000000004,1,0.0665,0.0007920886866326746,0.031757182475119855,0.09976813116254706,0.001164200075819827,0.0008896706671398469,135.1271680464351,8.693347161400476,14.543744605808017,0.006875808308684491,0.006875808308684491,0.050689779026126605,0.037247458116143765
0.7100000000000004,2,0.133,0.0008073350626737647,0.03206136191192567,0.1007237390465893,0.0013609615492710585,0.0010417603855427515,142.30233921824882,18.227446766296982,6.807036336069269,0.014690681092756605,0.014690681092756605,0.050689779026126605,0.037247458116143765
0.7100000000000004,3,0.1995,0.0008104051956176636,0.032122265522830803,0.10091507338318595,0.0013996420295060037,0.0010722121909953084,152.3820318976855,28.771623225672126,4.296261205093192,0.023276052182639784,0.023276052182639784,0.050689779026126605,0.037247458116143765
0.7100000000000004,4,0.266,0.000812914603282823,0.03217196014221681,0.10107119363437196,0.001429730293236031,0.0010970595006883264,162.94896896689488,39.715854551816726,3.102869516613261,0.032228232436002854,0.032228232436002854,0.050689779026126605,0.037247458116143765
0.7100000000000004,5,0.3325,0.0008164904186871316,0.03224264084980984,0.10129324362609675,0.001470494717380731,0.001132399854484831,173.3529526795513,50.653804982796025,2.422308605215908,0.04128293140876931,0.04128293140876931,0.050689779026126605,0.037247458116143765
0.7100000000000004,6,0.399,0.0008249185377416136,0.03240862390533927,0.10181469477396841,0.0015622057577396866,0.0012153913822495555,183.0250421018717,61.56687600413072,1.9727842953992332,0.050689779026126605,0.050689779026126605,0.050689779026126605,0.037247458116143765
0.7200000000000004,0,0.0,0.0007847129805326178,0.03160897970642398,0.09930253843317043,0.0010606621095302635,0.0008155692827919082,132.71060251652975,5.104253942943451,25.0,0.0,0.0,0.05066262546107327,0.0377540843707545
0.7200000000000004,1,0.0665,0.0007932491635505167,0.031780437439730254,0.09984118878852657,0.001162748230519918,0.0009012981494450461,134.92525427576174,8.676765075493329,14.55017948530667,0.00687276745286777,0.00687276745286777,0.05066262546107327,0.0377540843707545
0.7200000000000004,2,0.133,0.0008087046262080968,0.03208854484233302,0.10080913674106005,0.0013591465203673743,0.0010553518507464253,142.05211908895632,18.187809679656063,6.81029280550744,0.014683656467623632,0.014683656467623632,0.05066262546107327,0.0377540843707545
0.7200000000000004,3,0.1995,0.0008118163395918324,0.032150220320092224,0.10100289596889502,0.001397739863071061,0.001086189589626019,152.1026242815574,28.707561489809915,4.298347069135357,0.02326475698485551,0.02326475698485551,0.05066262546107327,0.0377540843707545
0.7200000000000004,4,0.266,0.0008143582595133717,0.032200514585859104,0.10116090006474594,0.001427722182114825,0.0011113367225094747,162.6401344946113,39.625983197333184,3.104381049289824,0.03221254041055192,0.03221254041055192,0.05066262546107327,0.0377540843707545
0.7200000000000004,5,0.3325,0.0008179783790251464,0.03227200673824272,0.10138549928546364,0.001468294421644174,0.0011470827987012729,173.01159017931045,50.5361786970862,2.4235194397332998,0.04126230570323161,0.04126230570323161,0.05066262546107327,0.0377540843707545
0.7200000000000004,6,0.399,0.0008265070607377614,0.032439813096473674,0.10191267850770766,0.0015594595567199206,0.0012309859778167546,182.6393983987117,61.415307261457315,1.9738416453927206,0.05066262546107327,0.05066262546107327,0.05066262546107327,0.0377540843707545
0.7300000000000004,0,0.0,0.0007857655335430504,0.03163017151703316,0.09936911446969648,0.0010595905304589934,0.0008261651880964981,132.5325342896849,5.09740516498788,25.0,0.0,0.0,0.050635550785254044,0.038260439878607035
0.7300000000000004,1,0.0665,0.0007944090441083431,0.031803663462783696,0.09991415549192338,0.00116130115267227,0.0009129111609717688,134.72404344144755,8.660248362977624,14.556602743333546,0.006869734770071731,0.006869734770071731,0.050635550785254044,0.038260439878607035
0.7300000000000004,2,0.133,0.0008100735255586193,0.032115691599034026,0.10089442079248073,0.001357337835050384,0.0010689252290969292,141.8028864595635,18.14834466612025,6.813543828285585,0.014676650289510484,0.014676650289510484,0.050635550785254044,0.038260439878607035
0.7300000000000004,3,0.1995,0.0008132267958789902,0.03217813722625038,0.10109059951619244,0.0013958453079080638,0.0011001480427050997,151.82435219999442,28.643781517864134,4.300429767113914,0.023253489863900644,0.023253489863900644,0.050635550785254044,0.038260439878607035
0.7300000000000004,4,0.266,0.000815801170918237,0.03222902901817473,0.10125048079583,0.0014257216157815174,0.0011255939386672898,162.33259216025152,39.536514596359616,3.105890309693575,0.032196887213916434,0.032196887213916434,0.050635550785254044,0.038260439878607035
0.7300000000000004,5,0.3325,0.0008194654700329284,0.03230132879605593,0.10147761724687773,0.0014661028906601033,0.001161743827607874,172.67172115400587,50.41910107964838,2.4247282767146485,0.04124173457303579,0.04124173457303579,0.050635550785254044,0.038260439878607035
0.7300000000000004,6,0.399,0.0008280943239775205,0.03247094763105799,0.10201049053283068,0.0015567267292156922,0.0012465532451089115,182.25561273583423,61.2645108440519,1.9748970525491303,0.050635550785254044,0.050635550785254044,0.050635550785254044,0.038260439878607035
0.7400000000000004,0,0.0,0.0007868177293322231,0.0316513419539285,0.09943562335872018,0.0010585218447668968,0.0008367504065441671,132.35500357347001,5.090577060518077,25.0,0.0,0.0,0.050608561951119214,0.03876652549811822
0.7400000000000004,1,0.0665,0.0007955683298564569,0.031826860638651575,0.09998703156921394,0.0011598587933940288,0.000924509748905709,134.52352944866053,8.643794390707422,14.56301820335767,0.00686670843939094,0.00686670843939094,0.050608561951119214,0.03876652549811822
0.7400000000000004,2,0.133,0.0008114417624465524,0.03214280230777252,0.1009795915958872,0.0013555354369248034,0.0010824805834661773,141.55463405188516,18.10904936740741,6.816789892165992,0.014669661465570805,0.014669661465570805,0.050608561951119214,0.03876652549811822
0.7400000000000004,3,0.1995,0.0008146365660490643,0.0322060163708728,0.1011781844321266,0.0013939572311208344,0.001114087615016308,151.54721285699688,28.580285910236256,4.302508635951715,0.02324225433608688,0.02324225433608688,0.050608561951119214,0.03876652549811822
0.7400000000000004,4,0.266,0.0008172433395570674,0.032257503585917564,0.10133993628866503,0.0014237283871417028,0.0011398312225387069,162.0263428494183,39.447455291015416,3.1073965773990384,0.032181280216155184,0.032181280216155184,0.050608561951119214,0.03876652549811822
0.7400000000000004,5,0.3325,0.0008209516946422833,0.032330607200235215,0.10156959806635622,0.001463920208964488,0.0011763830296975188,172.33334427641756,50.302577078890934,2.42593469925293,0.04122122496982097,0.04122122496982097,0.050608561951119214,0.03876652549811822
0.7400000000000004,6,0.399,0.0008296803325670839,0.03250202776617841,0.10210813165699756,0.0015540067560209834,0.0012620933126691214,181.87367983361236,61.11448960069558,1.9759502373646973,0.050608561951119214,0.050608561951119214,0.050608561951119214,0.03876652549811822
0.7500000000000004,0,0.0,0.0007878695686341827,0.03167249107472407,0.09950206528124143,0.0010574560397787905,0.000847324966941955,132.17800784467,5.083769532487307,25.0,0.0,0.0,0.05058165160330109,0.03927234201415124
0.7500000000000004,1,0.0665,0.0007967270223641094,0.031850029061730546,0.1000598173169541,0.0011584211539485134,0.0009360939604451942,134.32371011243384,8.627404405992708,14.569423176584932,0.006863689714271857,0.006863689714271857,0.05058165160330109,0.03927234201415124
0.7500000000000004,2,0.133,0.0008128093385849941,0.03216987709358627,0.10106464954409719,0.0013537392906873334,0.0010960179763730507,141.30735661965986,18.06992341374109,6.820030743030384,0.014662690502120292,0.014662690502120292,0.05058165160330109,0.03927234201415124
0.7500000000000004,3,0.1995,0.0008160456519158323,0.0322338578877618,0.10126565113704987,0.0013920758444499982,0.001128008373460808,151.27119521893542,28.517068817522258,4.304584289041205,0.023231047015291183,0.023231047015291183,0.05058165160330109,0.03927234201415124
0.7500000000000004,4,0.266,0.0008186847676397121,0.03228593843813742,0.10142926701150484,0.001421742610993017,0.001154048648648637,161.7213698810257,39.35879418331691,3.1089005198633566,0.03216571239931319,0.03216571239931319,0.05058165160330109,0.03927234201415124
0.7500000000000004,5,0.3325,0.000822437055862379,0.03235984212847064,0.10166144230212884,0.0014617464117712656,0.0011910004938152313,171.99644064776646,50.186594036056334,2.4271391384758325,0.04120076942222475,0.04120076942222475,0.05058165160330109,0.03927234201415124
0.7500000000000004,6,0.399,0.0008312650915836001,0.032533053757096586,0.10220560268213645,0.0015512995459087899,0.0012776063081282093,181.49357733645664,60.96522915855825,1.9770014784071177,0.05058165160330109,0.05058165160330109,0.05058165160330109,0.03927234201415124
0.7600000000000005,0,0.0,0.0007889210521802339,0.031693618936782,0.09956844041746868,0.0010563931028962456,0.0008578888979709175,132.00154459613157,5.0769824844665985,25.0,0.0,0.0,0.050554822557761094,0.03977789023972885
0.7600000000000005,1,0.0665,0.0007978851231944977,0.03187316882594389,0.10013251303021253,0.0011569882106670349,0.0009476638425518646,134.12458145000775,8.611077837098582,14.575818031996759,0.006860678404497129,0.006860678404497129,0.050554822557761094,0.03977789023972885
0.7600000000000005,2,0.133,0.0008141762557007824,0.032196916081243615,0.10114959502908201,0.0013519493828673703,0.0011095374702017244,141.06104826082435,18.03096573976436,6.823266390537095,0.014655737336986557,0.014655737336986557,0.050554822557761094,0.03977789023972885
0.7600000000000005,3,0.1995,0.0008174540554156382,0.032261661912544426,0.1013530000570472,0.0013902012391313681,0.0011419103858521218,150.99629335096418,28.454129483992077,4.3066565763648725,0.023219868644461822,0.023219868644461822,0.050554822557761094,0.03977789023972885
0.7600000000000005,4,0.266,0.000820125457316703,0.03231433372204409,0.10151847342682263,0.0014197641953336215,0.0011682462906019732,161.41766751984812,39.270531097238944,3.11040194796849,0.032150185626431155,0.032150185626431155,0.050554822557761094,0.03977789023972885
0.7600000000000005,5,0.3325,0.0008239215565606792,0.032389033754849895,0.10175315050110827,0.00145958131896278,0.0012055963070048592,171.6610038532749,50.07115173365772,2.428341428341556,0.041180370615467914,0.041180370615467914,0.050554822557761094,0.03977789023972885
0.7600000000000005,6,0.399,0.0008328486056549477,0.0325640258490473,0.10230290437867513,0.0015486045975356374,0.0012930923541035657,181.1152953276877,60.816727503198436,1.9780506574965353,0.050554822557761094,0.050554822557761094,0.050554822557761094,0.03977789023972885
0.7700000000000005,0,0.0,0.0007899721806989517,0.03171472559721394,0.09963474894682348,0.0010553330215969919,0.0008684422281868874,131.82561133663418,5.070215820639776,25.0,0.0,0.0,0.05052807307891298,0.04028317097051798
0.7700000000000005,1,0.0665,0.000799042633904764,0.03189628002474406,0.10020511900257881,0.0011555599400084554,0.0009592194419519492,133.92613961747216,8.594814226130906,14.582202953298875,0.006857674407650278,0.006857674407650278,0.05052807307891298,0.04028317097051798
0.7700000000000005,2,0.133,0.0008155425154697891,0.03222391939396764,0.1012344284379584,0.001350165636201188,0.0011230391265637362,140.81570317901384,17.9921753497388,6.826496821078289,0.01464880195816225,0.01464880195816225,0.05052807307891298,0.04028317097051798
0.7700000000000005,3,0.1995,0.0008188617783388921,0.03228942857737245,0.10144023160728562,0.0013883332414012515,0.0011557937182661343,150.722500861205,28.39146667341258,4.308725420738842,0.023208719571379054,0.023208719571379054,0.05052807307891298,0.04028317097051798
0.7700000000000005,4,0.266,0.000821565410709968,0.03234268958362178,0.1016075559932413,0.001417793078884144,0.0011824242213908146,161.11522855404235,39.18266432517265,3.1119007941104937,0.032134700498569084,0.032134700498569084,0.05052807307891298,0.04028317097051798
0.7700000000000005,5,0.3325,0.0008254051994963104,0.03241818225053216,0.10184472320100686,0.0014574247841131645,0.0012201705548459908,171.32702446251716,49.956246863939654,2.4295415532143916,0.04116002867606671,0.04116002867606671,0.05052807307891298,0.04028317097051798
0.7700000000000005,6,0.399,0.0008344308802336048,0.032594944302170484,0.10240003756386727,0.0015459226561591695,0.0013085515806651575,180.73881862423065,60.66897721366535,1.9790978342638061,0.05052807307891298,0.05052807307891298,0.05052807307891298,0.04028317097051798
0.7800000000000005,0,0.0,0.0007910229549161989,0.03173581111288262,0.09970099104794536,0.0010542757834343319,0.0008789849860212308,131.65020559076254,5.063469445798559,25.0,0.0,0.0,0.05050140281705101,0.04078818499868849
0.7800000000000005,1,0.0665,0.0008001995560460834,0.03191936275111699,0.10027763552617681,0.0011541363186465569,0.0009707608051384148,133.72838062323945,8.578612942734456,14.588578423566592,0.0068546774810120375,0.0068546774810120375,0.05050140281705101,0.04078818499868849
0.7800000000000005,2,0.133,0.0008169081196034768,0.032250887155152626,0.10131915015838092,0.001348388059249247,0.0011365230071562287,140.57131509648528,17.953550721079875,6.829722224887566,0.014641883916683926,0.014641883916683926,0.05050140281705101,0.04078818499868849
0.7800000000000005,3,0.1995,0.0008202688227070266,0.032317158018364524,0.10152734621539447,0.0013864720496035788,0.0011696584387621701,150.44981014803807,28.32907787640156,4.310790940829191,0.023197599088571146,0.023197599088571146,0.05050140281705101,0.04078818499868849
0.7800000000000005,4,0.266,0.0008230046299527045,0.03237100616842042,0.10169651516801946,0.0014158292399320271,0.0011965825137901349,160.8140433151239,39.09518965308439,3.1133971913712566,0.032119255544120366,0.032119255544120366,0.05050140281705101,0.04078818499868849
0.7800000000000005,5,0.3325,0.0008268879876282695,0.03244728778981061,0.1019361609493828,0.0014552769639225433,0.0012347233244852163,170.99449025932742,49.84187326464005,2.4307396383642383,0.04113974134527004,0.04113974134527004,0.05050140281705101,0.04078818499868849
0.7800000000000005,6,0.399,0.0008360119203160987,0.032625809366457696,0.10249700302308457,0.0015432532143605099,0.0013239841128087626,180.3641336654716,60.5219725364344,1.980143014289428,0.05050140281705101,0.05050140281705101,0.05050140281705101,0.04078818499868849
0.7900000000000005,0,0.0,0.000792073375555139,0.03175687554040335,0.09976716689869655,0.0010532213760365585,0.0008895171997815964,131.4753248987797,5.05674326533768,25.0,0.0,0.0,0.05047481373220818,0.041292933136010575
0.7900000000000005,1,0.0665,0.0008013558911382289,0.03194241709707766,0.10035006289008018,0.001152717298033643,0.0009822879781187512,133.53130091151957,8.56247376780517,14.594944233709205,0.006851687707653932,0.006851687707653932,0.05047481373220818,0.041292933136010575
0.7900000000000005,2,0.133,0.0008182730697839138,0.03227781948708299,0.10140376057451739,0.0013466165965181117,0.00114998917312141,140.32787865921827,17.915091222928,6.83294245689492,0.014634983483446867,0.014634983483446867,0.05047481373220818,0.041292933136010575
0.7900000000000005,3,0.1995,0.0008216751901982193,0.03234485036428765,0.10161434428590722,0.0013846172961563341,0.0011835046117237335,150.17821536767343,28.26696233481647,4.312852990315788,0.02318650791588377,0.02318650791588377,0.05047481373220818,0.041292933136010575
0.7900000000000005,4,0.266,0.0008244431171162694,0.032399283620122794,0.10178535140254989,0.001413872585118892,0.0012107212396413238,160.51410601896075,39.00810670794022,3.114890969222241,0.03210385242632395,0.03210385242632395,0.05047481373220818,0.041292933136010575
0.7900000000000005,5,0.3325,0.0008283699237920099,0.03247635054376092,0.10202746428368618,0.0014531376975153599,0.00124925470146037,170.66339505946405,49.72803078258528,2.431935517527677,0.04111951130252858,0.04111951130252858,0.05047481373220818,0.041292933136010575
0.7900000000000005,6,0.399,0.0008375917308714926,0.03265662129015732,0.10259380153622226,0.0015405961849811376,0.001339390074658574,179.99122988020696,60.37571056776738,1.9811861125539845,0.05047481373220818,0.05047481373220818,0.05047481373220818,0.041292933136010575
0.8000000000000005,0,0.0,0.0007931234433362512,0.031777918936145476,0.09983327667616661,0.0010521697871063794,0.0009000388976526601,131.30096681650195,5.050037185250075,25.0,0.0,0.0,0.05044830223639168,0.04179741615837449
0.8000000000000005,1,0.0665,0.0008025116407203555,0.03196544315468587,0.10042240138350328,0.0011513028804107704,0.0009938010069228589,133.33489699300407,8.546396520433593,14.601300112183356,0.006848705199652721,0.006848705199652721,0.05044830223639168,0.04179741615837449
0.8000000000000005,2,0.133,0.0008196373676640532,0.03230471651094475,0.10148826006708492,0.0013448511930879757,0.0011634376850522897,140.0853879254942,17.87679559529861,6.836157614418046,0.014628100409664543,0.014628100409664543,0.05044830223639168,0.04179741615837449
0.8000000000000005,3,0.1995,0.0008230808827692591,0.03237250574881943,0.10170122623878447,0.0013827692265891635,0.001197332303989625,149.90770831547425,28.20511683784158,4.314911800484002,0.023175444742296478,0.023175444742296478,0.05044830223639168,0.04179741615837449
0.8000000000000005,4,0.266,0.0008258808743479236,0.032427522083258664,0.1018740651508862,0.0014119231567933403,0.0012248404712092572,160.2154058341716,38.921410015783046,3.1163823656235103,0.03208848859597256,0.03208848859597256,0.05044830223639168,0.04179741615837449
0.8000000000000005,5,0.3325,0.0008298510109217328,0.03250537068461151,0.10211863374498854,0.00145100704252961,0.0012637647718856662,170.33372550145617,49.61471201744133,2.433129379881876,0.04109933521285039,0.04109933521285039,0.05044830223639168,0.04179741615837449
0.8000000000000005,6,0.399,0.0008391703168426598,0.03268738031981166,0.10269043387781589,0.0015379514827168804,0.0013547695894857428,179.62009018385857,60.23018181411786,1.9822272617107703,0.05044830223639168,0.05044830223639168,0.05044830223639168,0.04179741615837449
0.8100000000000005,0,0.0,0.0007941731589773454,0.03179894135623388,0.09989932055667701,0.0010511210044203446,0.0009105501076968636,131.12712891517486,5.04335111212211,25.0,0.0,0.0,0.050421870894012406,0.042301634867314614
0.8100000000000005,1,0.0665,0.0008036668063257256,0.031988441015543864,0.10049465129422303,0.0011498930428996321,0.0010052999373518553,133.13916503704343,8.530380658243166,14.607646407711831,0.006845729778015909,0.006845729778015909,0.050421870894012406,0.042301634867314614
0.8100000000000005,2,0.133,0.0008210010149324325,0.032331578348105385,0.10157264901737069,0.0013430918580318594,0.0011768686036326083,139.8438372393762,17.83866282303938,6.839367705227437,0.014621234638922604,0.014621234638922604,0.050421870894012406,0.042301634867314614
0.8100000000000005,3,0.1995,0.0008244859024833641,0.032400124307145464,0.10178799249872428,0.0013809279163014949,0.00121114158315264,149.63828322871586,28.143540617820108,4.316967230980417,0.023164410255967872,0.023164410255967872,0.050421870894012406,0.042301634867314614
0.8100000000000005,4,0.266,0.000827317903720525,0.03245572170025449,0.10196265686047434,0.0014099808497915166,0.0012389402797071724,159.91793715420027,38.8350992946176,3.1178712056586475,0.032073165760827214,0.032073165760827214,0.050421870894012406,0.042301634867314614
0.8100000000000005,5,0.3325,0.0008313312516753302,0.03253434837840172,0.10220966985491783,0.0014488846895104276,0.0012782536187807704,170.00547527252496,49.50191658079313,2.4343210731054303,0.04107921551713446,0.04107921551713446,0.050421870894012406,0.042301634867314614
0.8100000000000005,6,0.399,0.0008407476831480365,0.03271808670030307,0.10278690081718606,0.0015353190245706151,0.001370122779731449,179.25070498199682,60.08538419676521,1.9832663530118038,0.050421870894012406,0.050421870894012406,0.050421870894012406,0.042301634867314614
0.8200000000000005,0,0.0,0.0007952225231935758,0.031819942856550446,0.0999652987157859,0.0010500750158282826,0.0009210508578551464,130.95380878135006,5.036684953128848,25.0,0.0,0.0,0.050395517835602165,0.04280559004567064
0.8200000000000005,1,0.0665,0.0008048213894313092,0.03201141076979647,0.10056681290543776,0.0011484877126299719,0.001016784814478155,132.94410109854536,8.514425500533818,14.613983713899467,0.006842761149712331,0.006842761149712331,0.050395517835602165,0.04280559004567064
0.8200000000000005,2,0.133,0.000822364013248525,0.03235840511884251,0.101656927803238,0.0013413385368564225,0.0011902819890011725,139.60322088041747,17.80069179556622,6.842572776592297,0.01461438603065929,0.01461438603065929,0.050395517835602165,0.04280559004567064
0.8200000000000005,3,0.1995,0.0008258902509221089,0.032427706164409396,0.101874643458877,0.001379092863196689,0.001224932511784607,149.3699341100877,28.08223264812398,4.319019181335153,0.023153404928636292,0.023153404928636292,0.050395517835602165,0.04280559004567064
0.8200000000000005,4,0.266,0.0008287542073963813,0.03248388261465552,0.10205112698227498,0.0014080457200514116,0.0012530207369076864,159.62169300564466,38.749172841037094,3.119357428879054,0.03205788444575111,0.03205788444575111,0.050395517835602165,0.04280559004567064
0.8200000000000005,5,0.3325,0.000832810648833228,0.03256328379280896,0.10230057314024821,0.0014467707203624234,0.0012927213259843946,169.67863448036948,49.38964041395345,2.4355106264841773,0.0410591515851264,0.0410591515851264,0.050395517835602165,0.04280559004567064
0.8200000000000005,6,0.399,0.0008423238346757515,0.03274874067475161,0.1028832031181169,0.0015326987224265898,0.0013854497669557148,178.8830595077845,59.941310390419076,1.9843034518707636,0.050395517835602165,0.050395517835602165,0.050395517835602165,0.04280559004567064
0.8300000000000005,0,0.0,0.0007962715366974544,0.0318409234927355,0.1000312113282925,0.0010490318092527381,0.0009315411759476738,130.78100401676372,5.0300386160293735,25.0,0.0,0.0,0.050369241365606665,0.043309282459326706
0.8300000000000005,1,0.0665,0.0008059753915839018,0.03203435250864346,0.10063888650366007,0.0011470869423497838,0.0010282556839016528,132.749701991075,8.498531093814801,14.620311383891947,0.006839799603049212,0.006839799603049212,0.050369241365606665,0.043309282459326706
0.8300000000000005,2,0.133,0.0008237263642644344,0.032385196942776175,0.10174109680048425,0.0013395911966832261,0.0012036779009680046,139.3635329938471,17.762881227754786,6.8457729467947654,0.014607554293313313,0.014607554293313313,0.050369241365606665,0.043309282459326706
0.8300000000000005,3,0.1995,0.0008272939298698264,0.03245525144918186,0.10196117952315922,0.0013772642386234801,0.0012387051541708418,149.1026522659372,28.02118909531651,4.3210679874701805,0.023142426893066816,0.023142426893066816,0.050369241365606665,0.043309282459326706
0.8300000000000005,4,0.266,0.0008301897873235554,0.03251200496517594,0.10213947595207162,0.0014061175260210667,0.0012670819121678972,159.32666221117023,38.66362471762853,3.1208413172530585,0.03204264165792937,0.03204264165792937,0.050369241365606665,0.043309282459326706
0.8300000000000005,5,0.3325,0.0008342892053280919,0.03259217709772393,0.10239134413470702,0.0014446652457486366,0.001307167978441881,169.35319097648318,49.277877170036895,2.436698183895335,0.04103914085910254,0.04103914085910254,0.050369241365606665,0.043309282459326706
0.8300000000000005,6,0.399,0.0008438987758709649,0.03277934247651268,0.10297934151371609,0.0015300900880534452,0.0014007506678362493,178.51713934165303,59.79795334296347,1.9853386171561922,0.050369241365606665,0.050369241365606665,0.050369241365606665,0.043309282459326706
0.8400000000000005,0,0.0,0.0007973202001988675,0.031861883320189265,0.10009705856824176,0.00104799137268842,0.000942021089674558,130.60871223821619,5.02341200916216,25.0,0.0,0.0,0.050343041840274896,0.043812712877729455
0.8400000000000005,1,0.0665,0.0008071288142989862,0.03205726632232812,0.10071087237239752,0.0011456906842330567,0.0010397125907439834,132.55596470806444,8.482697652751332,14.626628477683676,0.0068368455623641,0.0068368455623641,0.050343041840274896,0.043812712877729455
0.8400000000000005,2,0.133,0.0008250880696244877,0.032411953938864854,0.10182515638282859,0.001337849804434018,0.0012170563990123449,139.1247691531019,17.725231226089804,6.848967800675226,0.014600740273613378,0.014600740273613378,0.050343041840274896,0.043812712877729455
0.8400000000000005,3,0.1995,0.0008286969414553974,0.032482760296226244,0.10204760111494258,0.0013754423522190614,0.0012524595776930323,148.83643240559752,27.960409520073778,4.32311346508507,0.023131477072631544,0.023131477072631544,0.050343041840274896,0.043812712877729455
0.8400000000000005,4,0.266,0.0008316246455530386,0.03254008889192671,0.10222770421003578,0.0014041963375382722,0.00128112387554328,159.0328385931046,38.578453912717855,3.122322759561847,0.03202743844907082,0.03202743844907082,0.050343041840274896,0.043812712877729455
0.8400000000000005,5,0.3325,0.0008357669237364932,0.0326210284553225,0.10248198334778476,0.0014425678799282182,0.0013215936572411632,169.029137308363,49.16662517065161,2.4378836603424094,0.04101918464228709,0.04101918464228709,0.050343041840274896,0.043812712877729455
0.8400000000000005,6,0.399,0.0008454725119911107,0.03280989235358227,0.10307531678308599,0.0015274938534794943,0.0014160256063710443,178.15293272005277,59.65530852715981,1.986371827059506,0.050343041840274896,0.050343041840274896,0.050343041840274896,0.043812712877729455
0.8500000000000005,0,0.0,0.0007983685144050877,0.0318828223940733,0.10016284060892881,0.001046953694201647,0.0009524906266165744,130.43693107745213,5.016805041440466,25.0,0.0,0.0,0.0503169204870269,0.04431588208259973
0.8500000000000005,1,0.0665,0.0008082816590363515,0.03208015229965759,0.100782770790646,0.0011442988664735452,0.001051155579408719,132.36288443955198,8.466923561420284,14.632937214960373,0.006833897974889302,0.006833897974889302,0.0503169204870269,0.04431588208259973
0.8500000000000005,2,0.133,0.0008264491309660402,0.03243867622542529,0.10190910692197397,0.001336114328021777,0.0012304175422925626,138.88692270270536,17.68773963184628,6.852157799329166,0.014593942948860595,0.014593942948860595,0.0503169204870269,0.04431588208259973
0.8500000000000005,3,0.1995,0.0008300992870537986,0.032510232824963924,0.10213390860940041,0.0013736264368838496,0.0012661958420618709,148.57126896058838,27.89989321691157,4.32515546943139,0.023120556175786806,0.023120556175786806,0.0503169204870269,0.04431588208259973
0.8500000000000005,4,0.266,0.0008330587841849033,0.032568134535358555,0.10231581219740647,0.0014022821715923737,0.0012951466972592036,158.74021679845487,38.493660212221165,3.123801579878268,0.032012276530027535,0.032012276530027535,0.0503169204870269,0.04431588208259973
0.8500000000000005,5,0.3325,0.0008372438069417535,0.03264983803302633,0.10257249130545215,0.0014404788851917869,0.001335998446093081,168.70646533905526,49.05588195280875,2.4390670114003687,0.04099928355087952,0.04099928355087952,0.0503169204870269,0.04431588208259973
0.8500000000000005,6,0.399,0.0008470450478462684,0.032840390544114376,0.10317112967440943,0.0015249095266053612,0.001431274701637098,177.79042884910177,59.51337243185965,1.9874030253060258,0.0503169204870269,0.0503169204870269,0.0503169204870269,0.04431588208259973
0.8600000000000005,0,0.0,0.0007994164800207877,0.0319037407693119,0.10022855762290343,0.0010459187619298058,0.0009629498142358725,130.26565818104268,5.010217622347795,25.0,0.0,0.0,0.05029087456877586,0.044818790828287484
0.8600000000000005,1,0.0665,0.0008094339273000693,0.032103010529991344,0.10085458203913658,0.0011429115166875319,0.0010625846945755942,132.17045879766758,8.451209595326572,14.63923569837345,0.006830957712574495,0.006830957712574495,0.05029087456877586,0.044818790828287484
0.8600000000000005,2,0.133,0.000827809549919029,0.032465363920127624,0.10199294878759207,0.0013343847351168434,0.001243761389643731,138.64998852997223,17.65040579327127,6.855342826329168,0.014587162529047001,0.014587162529047001,0.05029087456877586,0.044818790828287484
0.8600000000000005,3,0.1995,0.0008315009688645834,0.03253766917042444,0.1022201024307405,0.0013718172730256503,0.0012799140147921274,148.30715269243225,27.839635662124262,4.327194453704855,0.023109661714966857,0.023109661714966857,0.05029087456877586,0.044818790828287484
0.8600000000000005,4,0.266,0.0008344922052856072,0.03259614203464711,0.10240380035141682,0.0014003749644280951,0.0013091504469034845,158.44878424426307,38.40923613741027,3.1252781929171274,0.03199715155810185,0.03199715155810185,0.05029087456877586,0.044818790828287484
0.8600000000000005,5,0.3325,0.000838719857660793,0.03267860599426433,0.1026628685211362,0.0014383980619000133,0.001350382426712081,168.3851621809352,48.945640298682655,2.4402484297558,0.04097943421687077,0.04097943421687077,0.05029087456877586,0.044818790828287484
0.8600000000000005,6,0.399,0.0008486163882223597,0.032870837284666714,0.10326678093085441,0.0015223370276169338,0.0014464980719132673,177.42961245203145,59.37213693256044,1.9884323121731333,0.05029087456877586,0.05029087456877586,0.05029087456877586,0.044818790828287484
0.8700000000000006,0,0.0,0.000800464097748056,0.031924638500593516,0.10029420978197445,0.0010448865640808112,0.0009733986798766806,130.09489121026832,5.003649661933396,25.0,0.0,0.0,0.05026490713284146,0.0453214398996159
0.8700000000000006,1,0.0665,0.0008105856205636692,0.03212584110175725,0.1009263063956736,0.0011415285882951799,0.001073999980458546,131.97868338670236,8.435554507044591,14.64552552846242,0.006828024013590903,0.006828024013590903,0.05026490713284146,0.0453214398996159
0.8700000000000006,2,0.133,0.0008291693281061702,0.03249201714000319,0.10207668234734765,0.0013326609937782477,0.0012570879995815135,138.41396112401682,17.613228624879348,6.858522935908631,0.014580398860582332,0.014580398860582332,0.05026490713284146,0.0453214398996159
0.8700000000000006,3,0.1995,0.0008329019884773264,0.032565069455136784,0.1023061829638991,0.0013700142356174974,0.0012936141571483024,148.044080223137,27.77963827480078,4.3292299474406555,0.023098796140204512,0.023098796140204512,0.05026490713284146,0.0453214398996159
0.8700000000000006,4,0.266,0.0008359249108545969,0.03262411152704834,0.10249166910326915,0.0013984746200611767,0.0013231351931040963,158.15853928541216,38.325185101145415,3.1267521309554045,0.031982068233033935,0.031982068233033935,0.05026490713284146,0.0453214398996159
0.8700000000000006,5,0.3325,0.000840195078448044,0.03270733249856845,0.10275311549602133,0.0014363252152058436,0.0013647456788641395,168.06522442632314,48.835902398701116,2.4414276417833363,0.04095964110857498,0.04095964110857498,0.05026490713284146,0.0453214398996159
0.8700000000000006,6,0.399,0.0008501865374626324,0.03290123280211376,0.10336227126516812,0.0015197758723522112,0.0014616958306367894,177.07047520919207,59.231600792124624,1.989459559444073,0.05026490713284146,0.05026490713284146,0.05026490713284146,0.0453214398996159
0.8800000000000006,0,0.0,0.0008015113682864093,0.03194551564237217,0.10035979725721424,0.0010438570889325703,0.0009838372507660063,129.9246278410025,4.997101070807788,25.0,0.0,0.0,0.050239012133816104,0.04582383002095406
0.8800000000000006,1,0.0665,0.0008117367403198987,0.03214864410344102,0.10099794413824312,0.0011401500841884064,0.00108540148130043,131.7875553645519,8.419958576366254,14.651805667365483,0.006825097347744228,0.006825097347744228,0.050239012133816104,0.04582383002095406
0.8800000000000006,2,0.133,0.000830528467142941,0.03251863600144801,0.10216030796690964,0.0013309430722410565,0.0012703974303039242,138.1788352187466,17.57620725082494,6.861698103967291,0.014573651956821313,0.014573651956821313,0.050239012133816104,0.04582383002095406
0.8800000000000006,3,0.1995,0.0008343023475927698,0.032592433803269365,0.10239215059896267,0.0013682174066291795,0.0013072963312145943,147.78204312992273,27.71989730311845,4.331262288381474,0.023087957584154634,0.023087957584154634,0.050239012133816104,0.04582383002095406
0.8800000000000006,4,0.266,0.0008373569028232766,0.03265204314788823,0.1025794188781026,0.001396581041994374,0.00133710100352404,157.86947010105237,38.241500290024355,3.1282237596267652,0.03196702272088465,0.03196702272088465,0.050239012133816104,0.04582383002095406
0.8800000000000006,5,0.3325,0.0008416694721394818,0.03273601771022796,0.10284323274623752,0.001434260582975656,0.001379088284693896,167.746637699874,48.726659405411986,2.4426049260672826,0.040939899421641245,0.040939899421641245,0.050239012133816104,0.04582383002095406
0.8800000000000006,6,0.399,0.0008517555007156206,0.032931577337820116,0.10345760143561979,0.0015172267853178782,0.0014768680984899682,176.7129982817676,59.091752127425586,1.9904849986628133,0.050239012133816104,0.050239012133816104,0.050239012133816104,0.04582383002095406
0.8900000000000006,0,0.0,0.0008025582923328054,0.03196637224886882,0.10042532021896292,0.0010428303248324513,0.0009942655540143308,129.75486576359702,4.990571760138347,25.0,0.0,0.0,0.050213193656856926,0.04632596195752263
0.8900000000000006,1,0.0665,0.0008128872880557859,0.03217141962309326,0.10106949554346428,0.0011387759826121033,0.001096789241126551,131.59707135682658,8.40442153221614,14.658076032048584,0.006822177738835498,0.006822177738835498,0.050213193656856926,0.04632596195752263
0.8900000000000006,2,0.133,0.0008318869686375577,0.03254522062022623,0.10224382600996178,0.001329230938911058,0.0012836897396930347,137.9446058008394,17.53934101322177,6.864868223774881,0.014566922006408392,0.014566922006408392,0.050213193656856926,0.04632596195752263
0.8900000000000006,3,0.1995,0.0008357020477946214,0.032619762336170796,0.1024780057171592,0.0013664266450715147,0.0013209605976653093,147.5210356835061,27.660411668085185,4.333291400493404,0.02307714639006591,0.02307714639006591,0.050213193656856926,0.04632596195752263
0.8900000000000006,4,0.266,0.0008387881832923481,0.03267993703519613,0.10266705010954917,0.0013946943653949558,0.0013510479471779897,157.5815700989965,38.15818006920785,3.1296930255371023,0.03195201548012477,0.03195201548012477,0.050213193656856926,0.04632596195752263
0.8900000000000006,5,0.3325,0.0008431430414038224,0.03276466178955039,0.10293322077540572,0.001432203966121485,0.0013934103243551108,167.42939473442195,48.61790957290718,2.4437802078541786,0.04092021028675384,0.04092021028675384,0.050213193656856926,0.04632596195752263
0.8900000000000006,6,0.399,0.0008533232826888395,0.032961871123506514,0.1035527721701816,0.001514689284319983,0.0014920149913331682,176.3571747181581,58.952590989631695,1.9915084605725806,0.050213193656856926,0.050213193656856926,0.050213193656856926,0.04632596195752263
0.9000000000000006,0,0.0,0.0008036048705816585,0.031987208374072755,0.10049077883683288,0.0010418062601967612,0.0010046836166162983,129.58560268276838,4.984061641644939,25.0,0.0,0.0,0.05018744986323321,0.04682783645615496
0.9000000000000006,1,0.0665,0.0008140372652277372,0.032194167747839376,0.10114096088504965,0.0011374062373060562,0.0011081633034996114,131.40722791810356,8.388943010273481,14.664336705729944,0.006819265133275751,0.006819265133275751,0.05018744986323321,0.04682783645615496
0.9000000000000006,2,0.133,0.0008332448341911978,0.032571771111478215,0.10232723683822821,0.0013275245625992453,0.0012969649853190272,137.7112673868871,17.50262874962449,6.868033388404108,0.014560208773713683,0.014560208773713683,0.05018744986323321,0.04682783645615496
0.9000000000000006,3,0.1995,0.0008371010912538445,0.032647055186116755,0.10256374873404496,0.0013646424972980366,0.0013346070226382897,147.26105140080688,27.601179483662094,4.3353173362745165,0.0230663622160433,0.0230663622160433,0.05018744986323321,0.04682783645615496
0.9000000000000006,4,0.266,0.0008402187542585469,0.03270779332437604,0.10275456322299303,0.0013928144589954532,0.001364976091767944,157.29483184697347,38.075221947979,3.131159946011097,0.031937046246198246,0.031937046246198246,0.05018744986323321,0.04682783645615496
0.9000000000000006,5,0.3325,0.0008446157887702861,0.03279326489341995,0.10302308007639219,0.0014301551934780975,0.0014077118762898919,167.11348658661086,48.50964940911214,2.4449535014619164,0.04090057334023195,0.04090057334023195,0.05018744986323321,0.04682783645615496
0.9000000000000006,6,0.399,0.0008548898876578826,0.03299211438147329,0.10364778416723067,0.001512162898338884,0.001507136620316557,176.00299078912911,58.81411052689376,1.9925300104410952,0.05018744986323321,0.05018744986323321,0.05018744986323321,0.04682783645615496
0.9100000000000006,0,0.0,0.0008046511037248521,0.03200802407174296,0.10055617327971295,0.0010407848835102239,0.0010150914654514006,129.41683631748472,4.977570627595567,25.0,0.0,0.0,0.05016178088751236,0.04732945426503008
0.9100000000000006,1,0.0665,0.0008151866732868636,0.032216888564384025,0.10121234043538987,0.001136040827232296,0.0011195237117719344,131.21802092925827,8.373521946740867,14.670589002317096,0.006816358905849374,0.006816358905849374,0.05016178088751236,0.04732945426503008
0.9100000000000006,2,0.133,0.0008346020653765586,0.03259828758930561,0.10241054081016983,0.0013258238913695106,0.0013102232242327224,137.478814333132,17.466069103134156,6.871193771268341,0.014553511853813024,0.014553511853813024,0.05016178088751236,0.04732945426503008
0.9100000000000006,3,0.1995,0.0008384994794564959,0.03267431247147918,0.10264938002149634,0.0013628642681211554,0.0013482356653195012,147.00208562311573,27.54220073607551,4.337339852823324,0.02305560629170125,0.02305560629170125,0.05016178088751236,0.04732945426503008
0.9100000000000006,4,0.266,0.0008416486176580205,0.03273561214906294,0.10284195863826091,0.0013909412343448872,0.0013788855041113929,157.00925159089968,37.992627059297504,3.1326242416941947,0.03192211777877251,0.03192211777877251,0.05016178088751236,0.04732945426503008
0.9100000000000006,5,0.3325,0.0008460877170166656,0.03282182718284149,0.1031128111550086,0.0014281144710770201,0.001421993021000662,166.79890772936807,48.40187877304878,2.44612465378607,0.04088099101786236,0.04088099101786236,0.05016178088751236,0.04732945426503008
0.9100000000000006,6,0.399,0.0008564553202803726,0.03302230734033874,0.10374263814499247,0.0015096479432721488,0.0015222330997492785,175.6504352846029,58.67630628423873,1.9935496354136568,0.05016178088751236,0.05016178088751236,0.05016178088751236,0.04732945426503008
0.9200000000000006,0,0.0,0.0008056969924517513,0.03202881939540947,0.10062150371577266,0.001039766183325464,0.0010254891272846553,129.24856440085424,4.971098630802087,25.0,0.0,0.0,0.05013618525088014,0.04783081611753888
0.9200000000000006,1,0.0665,0.0008163355137033676,0.032239582159494885,0.10128363446707368,0.0011346797555429901,0.0011308705093273643,131.02944798903746,8.358158973975193,14.676831273133711,0.006813459808797584,0.006813459808797584,0.05013618525088014,0.04783081611753888
0.9200000000000006,2,0.133,0.0008359586638022932,0.032624770168034084,0.10249373828495131,0.0013241289364236536,0.001323464513596959,137.24724190895367,17.42966159313972,6.874349204976757,0.014546831564448888,0.014546831564448888,0.05013618525088014,0.04783081611753888
0.9200000000000006,3,0.1995,0.0008398972143877349,0.03270153431983538,0.10273489998030931,0.001361092417810003,0.0013618465894976012,146.74412994475543,27.483471530490636,4.339359323000916,0.023044876571973825,0.023044876571973825,0.05013618525088014,0.04783081611753888
0.9200000000000006,4,0.266,0.0008430777754663091,0.03276339364307454,0.1029292367757535,0.0013890747005801227,0.0013927762511171942,156.72481731772302,37.91038822941659,3.1340863187497585,0.03190722584816737,0.03190722584816737,0.05013618525088014,0.04783081611753888
0.9200000000000006,5,0.3325,0.0008475588287718189,0.0328503488152211,0.10320241450576077,0.0014260816189804724,0.0014362538371904667,166.48564507550037,48.29458995345766,2.4472938943253375,0.040861459357976984,0.040861459357976984,0.05013618525088014,0.04783081611753888
0.9200000000000006,6,0.399,0.0008580195855972093,0.0330524502350377,0.10383733484153668,0.0015071447349482199,0.0015373045470987608,175.29949513505383,58.53917193773443,1.9945673868006242,0.05013618525088014,0.05013618525088014,0.05013618525088014,0.04783081611753888
0.9300000000000006,0,0.0,0.0008067425374492177,0.032049594398374716,0.10068677031246659,0.0010387501482624986,0.0010358766287672802,129.0807846800148,4.964645564615953,25.0,0.0,0.0,0.050110665866004316,0.048331922776198924
0.9300000000000006,1,0.0665,0.0008174837878923913,0.032262248618539976,0.10135484324829264,0.0011333229522545658,0.00114220373884991,130.8415050061916,8.342853016469286,14.683064863770547,0.006810567202951145,0.006810567202951145,0.050110665866004316,0.048331922776198924
0.9300000000000006,2,0.133,0.000837314631027027,0.03265121896053718,0.10257682961717536,0.0013224396251548549,0.0013366889098485075,137.01654478630334,17.39340511435145,6.877499769912782,0.01454016769836521,0.01454016769836521,0.050110665866004316,0.048331922776198924
0.9300000000000006,3,0.1995,0.0008412942973942231,0.032728720845803146,0.10282030897056628,0.0013593262983884185,0.0013754398524814854,146.48718039538903,27.42499244314344,4.341375415110186,0.023034174757600858,0.023034174757600858,0.050110665866004316,0.048331922776198924
0.9300000000000006,4,0.266,0.0008445062296642165,0.03279113793974945,0.10301639805436641,0.0013872148337455885,0.00140664839945465,156.44152588098106,37.828507118044655,3.135545856800586,0.03189237363029253,0.03189237363029253,0.050110665866004316,0.048331922776198924
0.9300000000000006,5,0.3325,0.0008490291266323192,0.03287882994664237,0.10329189061899975,0.0014240565710632645,0.0014504944029010993,166.1736937385013,48.18778337413392,2.448461043503807,0.040841981237691075,0.040841981237691075,0.050110665866004316,0.048331922776198924
0.9300000000000006,6,0.399,0.0008595826878058427,0.033082543283189984,0.103931874940536,0.0015046524076140556,0.0015523510711749013,174.9501624272626,58.40270631016619,1.9955831412697556,0.050110665866004316,0.050110665866004316,0.050110665866004316,0.048331922776198924
0.9400000000000006,0,0.0,0.0008077877394016212,0.03207034913371488,0.10075197323653845,0.001037736767008228,0.0010462539964373626,128.91349491602398,4.958211342923999,25.0,0.0,0.0,0.05008521665514326,0.04883277494275036
0.9400000000000006,1,0.0665,0.0008186314973131733,0.03228488802744853,0.10142596704900136,0.0011319704454276968,0.0011535234433041868,130.65418938348833,8.327604463906521,14.689288552280471,0.006807681641223889,0.006807681641223889,0.05008521665514326,0.04883277494275036
0.9400000000000006,2,0.133,0.0008386699686240702,0.032677634079504046,0.10265981516086538,0.0013207559483432569,0.00134989646933194,136.78671774760312,17.357298632660896,6.880645522236632,0.014533520100232379,0.014533520100232379,0.05008521665514326,0.04883277494275036
0.9400000000000006,3,0.1995,0.0008426907305903535,0.03275587217842632,0.10290560739767042,0.0013575666311587862,0.0013890155187930731,146.231228266788,27.366759186545472,4.343388571149513,0.023023498441801675,0.023023498441801675,0.05008521665514326,0.04883277494275036
0.9400000000000006,4,0.266,0.0008459339821977555,0.032818845171173734,0.10310344288906026,0.0013853615712142208,0.0014205020151667922,156.15936546850367,37.74697668155423,3.137003256867824,0.03187755695856246,0.03187755695856246,0.05008521665514326,0.04883277494275036
0.9400000000000006,5,0.3325,0.0008504986132123596,0.03290727073283945,0.10338123998397883,0.001422039309854065,0.0014647147959996399,165.86304037356405,48.08145095194926,2.449626354648098,0.04082255230894817,0.04082255230894817,0.05008521665514326,0.04883277494275036
0.9400000000000006,6,0.399,0.0008611446314965177,0.033112586708950356,0.10402625914619347,0.0015021712880187179,0.0015673727840550885,174.6024190392299,58.26689783968312,1.9965971334124395,0.05008521665514326,0.05008521665514326,0.05008521665514326,0.04883277494275036
0.9500000000000006,0,0.0,0.0008088325989908543,0.0320910836542812,0.1008171126540253,0.0010367260283159368,0.001056621256720522,128.746692883751,4.951795880144269,25.0,0.0,0.0,0.050059842780087654,0.049333373370551235
0.9500000000000006,1,0.0665,0.0008197786433948752,0.03230750047124816,0.10149700613632201,0.001130622189981611,0.0011648296652040028,130.4674970847854,8.31241225332028,14.695503676766263,0.0068048024892199506,0.0068048024892199506,0.050059842780087654,0.049333373370551235
0.9500000000000006,2,0.133,0.0008400246781813804,0.032704015637440645,0.10274269526946925,0.0013190778968299786,0.0013630872483002398,136.55775581392845,17.321341322944676,6.883786438238334,0.01452688878384082,0.01452688878384082,0.050059842780087654,0.049333373370551235
0.9500000000000006,3,0.1995,0.0008440865158641161,0.03278298844181105,0.1029907956515127,0.0013558131692365688,0.0014025736504854388,145.97627050348075,27.30877319999879,4.345398324355603,0.023012850039433246,0.023012850039433246,0.050059842780087654,0.049333373370551235
0.9500000000000006,4,0.266,0.0008473610350046197,0.03284651546870076,0.1031903716924938,0.0013835148763512183,0.0014343371639303044,155.87833464159684,37.665800206938286,3.1384580650136575,0.03186278036172035,0.03186278036172035,0.050059842780087654,0.049333373370551235
0.9500000000000006,5,0.3325,0.0008519672909700074,0.03293567132584217,0.10347046307831377,0.0014200296501361146,0.0014789150925010011,165.55368249389082,47.97559542059518,2.450789532521804,0.040803177373253424,0.040803177373253424,0.050059842780087654,0.049333373370551235
0.9500000000000006,6,0.399,0.0008627054212252421,0.0331425807347796,0.10412048815739021,0.0014997012914624165,0.0015823697969697126,174.25625997262514,58.13174808172753,1.9976091502983524,0.050059842780087654,0.050059842780087654,0.050059842780087654,0.049333373370551235
0.9600000000000006,0,0.0,0.0008098771168963438,0.032111798012701295,0.10088218873026171,0.001035717921004795,0.00106697843593057,128.5803763717688,4.945399091221877,25.0,0.0,0.0,0.050034541627915645,0.04983371878683039
0.9600000000000006,1,0.0665,0.0008209252275612702,0.032330086034554895,0.10156796077608363,0.0011292781653365232,0.001176122446857368,130.2814248659708,8.297276089077727,14.701710232044602,0.006801929736176875,0.006801929736176875,0.050034541627915645,0.04983371878683039
0.9600000000000006,2,0.133,0.0008413787612154869,0.03273036374499742,0.10282547029060561,0.0013174053778389886,0.0013762613020786296,136.32965377731253,17.285532101630345,6.886922599533635,0.014520273540865951,0.014520273540865951,0.050034541627915645,0.04983371878683039
0.9600000000000006,3,0.1995,0.0008454816542860144,0.03281006974367865,0.1030758740705096,0.001354065093380023,0.001416114301419239,145.72230041328604,27.25103221914001,4.347404797053399,0.023002228839554665,0.023002228839554665,0.050034541627915645,0.04983371878683039
0.9600000000000006,4,0.266,0.0008487873900898674,0.03287414896442142,0.10327718487964282,0.0013816747860330545,0.001448153911790635,155.59842495299043,37.58497393390407,3.139910412778832,0.031848042413254604,0.031848042413254604,0.050034541627915645,0.04983371878683039
0.9600000000000006,5,0.3325,0.000853435162607566,0.03296403188172583,0.1035595603923296,0.0014180277941827264,0.0014930953704428284,165.24560952135312,47.87021135771589,2.4519506982439565,0.040783854288594885,0.040783854288594885,0.050034541627915645,0.04983371878683039
0.9600000000000006,6,0.399,0.0008642650615283303,0.033172525581734634,0.10421456266859701,0.0014972423477516558,0.0015973422204472291,173.9116712803679,57.99724957895242,1.9986192887236776,0.050034541627915645,0.050034541627915645,0.050034541627915645,0.04983371878683039
0.9700000000000006,0,0.0,0.0008109212937950643,0.032132492261380485,0.10094720162988381,0.001034712433959368,0.0010773255602701637,128.41454318224794,4.939020891624921,25.0,0.0,0.0,0.0500093106699469,0.05033381189352986
0.9700000000000006,1,0.0665,0.0008220712512551548,0.03235264480205566,0.10163883123433806,0.0011279383750380488,0.0011874018306077486,130.09597057464788,8.28219674646271,14.707906314856778,0.006799064248797112,0.006799064248797112,0.0500093106699469,0.05033381189352986
0.9700000000000006,2,0.133,0.0008427322193007099,0.03275667851348926,0.1029081405739805,0.001315738424591886,0.0013894186863245485,136.10240695195785,17.249870366013717,6.890053899773731,0.014513674559684359,0.014513674559684359,0.0500093106699469,0.05033381189352986
0.9700000000000006,3,0.1995,0.0008468761480691351,0.032837116213434665,0.10316084306120063,0.001352323487800785,0.0014296375362972467,145.46930922354505,27.19353175035175,4.349408475479226,0.022991632210166653,0.022991632210166653,0.0500093106699469,0.05033381189352986
0.9700000000000006,4,0.266,0.0008502130493184253,0.03290174578714762,0.10336388285518189,0.0013798411363101976,0.001461952323153737,155.31962395172587,37.50449007065787,3.1413607719797314,0.03183333824372504,0.03183333824372504,0.0500093106699469,0.05033381189352986
0.9700000000000006,5,0.3325,0.0008549022306719872,0.03299235255288528,0.10364853240478886,0.0014160335579726773,0.0015072557060225552,164.93880848242358,47.76529093662395,2.4531100983194696,0.04076457883749536,0.04076457883749536,0.0500093106699469,0.05033381189352986
0.9700000000000006,6,0.399,0.0008658235565171773,0.033202421461708334,0.10430848334549499,0.0014947939986851499,0.0016122901604340807,173.5686392374542,57.8633950347507,1.9996276425400725,0.0500093106699469,0.0500093106699469,0.0500093106699469,0.05033381189352986
0.9800000000000006,0,0.0,0.0008119651303615512,0.03215316645250307,0.10101215151683342,0.001033709556129126,0.001087662655831455,128.2491911308508,4.9326611973404155,25.0,0.0,0.0,0.049984153374330854,0.05083365342727317
0.9800000000000006,1,0.0665,0.0008232167158648544,0.032375176857063544,0.10170961777282111,0.0011266027503944033,0.0011986678581116926,129.91112991112695,8.267172836459743,14.714093860260803,0.006796205118011088,0.006796205118011088,0.049984153374330854,0.05083365342727317
0.9800000000000006,2,0.133,0.0008440850539830564,0.032782960053221885,0.10299070646612953,0.001314076986631281,0.0014025594561908614,135.8760104343948,17.21435527306855,6.893180329963888,0.014507091823103935,0.014507091823103935,0.049984153374330854,0.05083365342727317
0.9800000000000006,3,0.1995,0.0008482699988642233,0.03286412796905436,0.10324570299421602,0.001350587780984722,0.001443143414107094,145.2172952014067,27.13627446655838,4.3514086976223085,0.022981063593185785,0.022981063593185785,0.049984153374330854,0.05083365342727317
0.9800000000000006,4,0.266,0.0008516380146443096,0.032929306066859024,0.10345046602745411,0.0013780139855702283,0.0014757324630094392,155.0419327424581,37.42435432471307,3.1428084876824873,0.031818674409187495,0.031818674409187495,0.049984153374330854,0.05083365342727317
0.9800000000000006,5,0.3325,0.0008563684977093289,0.03302063349103044,0.10373737959230231,0.0014140469072577721,0.001521396175095133,164.63327890783708,47.66083877114914,2.454267343014023,0.040745357381153334,0.040745357381153334,0.049984153374330854,0.05083365342727317
0.9800000000000006,6,0.399,0.0008673809110755453,0.03323226860041002,0.10440225089717088,0.0014923569350844916,0.0016272137297849256,173.22715724858577,57.73018416753969,2.0006340659828914,0.049984153374330854,0.049984153374330854,0.049984153374330854,0.05083365342727317
0.9900000000000007,0,0.0,0.000813008627267914,0.032173820638033625,0.1010770385543621,0.0010327092765279634,0.0010979897485967347,128.08431804662717,4.926319924870276,25.0,0.0,0.0,0.04995906844696738,0.051333244111742844
0.9900000000000007,1,0.0665,0.0008243616227981348,0.032397682282975696,0.10178032065353264,0.0011252712956076195,0.0012099205710677688,129.72689976988357,8.252204136496088,14.720272744605905,0.006793352387892676,0.006793352387892676,0.04995906844696738,0.051333244111742844
0.9900000000000007,2,0.133,0.0008454372667804975,0.03280920847350239,0.1030731683104511,0.0013124210140251068,0.0014156836663311125,135.65045872624964,17.178985350288947,6.89630213660832,0.01450052477677278,0.01450052477677278,0.04995906844696738,0.051333244111742844
0.9900000000000007,3,0.1995,0.0008496632080361736,0.032891105122482514,0.10333045422124068,0.0013488576714078822,0.0014566319908211728,144.96625029622737,27.079256610380526,4.35340583318141,0.022970520974131502,0.022970520974131502,0.04995906844696738,0.051333244111742844
0.9900000000000007,4,0.266,0.0008530622878585899,0.032956829929831045,0.10353693479316543,0.0013761931486009223,0.0014894943944954483,154.76534050522048,37.34456045494823,3.1442539052488367,0.031804047323616504,0.031804047323616504,0.04995906844696738,0.051333244111742844
0.9900000000000007,5,0.3325,0.0008578339661256905,0.03304887484451223,0.10382610242092814,0.001412067674089472,0.0015355168518360277,164.32900836523896,47.55684747014926,2.455422659552568,0.040726186023803415,0.040726186023803415,0.04995906844696738,0.051333244111742844
0.9900000000000007,6,0.399,0.0008689371292701259,0.0332620672068856,0.10449586598036177,0.001489930323778838,0.001642113033022714,172.88721314032534,57.59761116372569,2.001638603533053,0.04995906844696738,0.04995906844696738,0.04995906844696738,0.051333244111742844
1.0000000000000007,0,0.0,0.0008140517851838474,0.0321944548697183,0.10114186290503516,0.0010317115842337157,0.0011083068644390718,127.91992177191064,4.9199969912273325,25.0,0.0,0.0,0.04993405052576188,0.051832584617000466
1.0000000000000007,1,0.0665,0.0008255059734819128,0.03242016116326796,0.10185094013871973,0.0011239440146132206,0.001221160011213901,129.54327761474687,8.23729097678392,14.726441858112482,0.006790506557082025,0.006790506557082025,0.04993405052576188,0.051832584617000466
1.0000000000000007,2,0.133,0.0008467888592257402,0.03283542388347361,0.10315552644982752,0.0013107704985609193,0.0014287913713167217,135.42574747671608,17.143760238550964,6.899419123477116,0.014493973798420698,0.014493973798420698,0.04993405052576188,0.051832584617000466
1.0000000000000007,3,0.1995,0.0008510557773094304,0.03291804779214116,0.10341509711430837,0.001347133482932096,0.0014701033256504937,144.7161679890665,27.02247588354392,4.355400023770413,0.02296000354829206,0.02296000354829206,0.04993405052576188,0.051832584617000466
1.0000000000000007,4,0.266,0.0008544858710289901,0.03298431750713633,0.1036232895640927,0.0013743788652643457,0.0015032381831480918,154.48983833482941,37.26510407653013,3.1456972189735115,0.031789454940813255,0.031789454940813255,0.04993405052576188,0.051832584617000466
1.0000000000000007,5,0.3325,0.0008592986385560436,0.03307707676543745,0.10391470136852395,0.0014100960462610519,0.0015496178122986382,164.02598572752999,47.45331088738742,2.456576214814262,0.04070706188432296,0.04070706188432296,0.04993405052576188,0.051832584617000466
1.0000000000000007,6,0.399,0.0008704922159396139,0.03329181750398222,0.10458932929516263,0.0014875148548311185,0.0016569881815710252,172.54879032698346,57.465665631879006,2.002641463031488,0.04993405052576188,0.04993405052576188,0.04993405052576188,0.051832584617000466
1.0100000000000007,0,0.0,0.0008150946047766449,0.03221506919908605,0.10120662473073556,0.0010307164683876896,0.0011186140291229488,127.75600016221621,4.913692313931393,25.0,0.0,0.0,0.04990910683556476,0.05233167568535611
1.0100000000000007,1,0.0665,0.0008266497693133221,0.032442613580535115,0.10192147648786157,0.001122620863358049,0.0012323862198474814,129.360259796669,8.22243255817109,14.732602107890385,0.0067876671933224005,0.0067876671933224005,0.04990910683556476,0.05233167568535611
1.0100000000000007,2,0.133,0.0008481398328449487,0.03286160639170367,0.10323778122533564,0.0013091254115029569,0.0014418826254317513,135.20187167786398,17.108678893732613,6.902531371220731,0.014487438683283338,0.014487438683283338,0.04990910683556476,0.05233167568535611
1.0100000000000007,3,0.1995,0.0008524477085506515,0.03294495609870446,0.10349963205252818,0.00134541532816502,0.0014835574789321439,144.4670441151708,26.96593235943498,4.357391029152527,0.02294951252503246,0.02294951252503246,0.04990910683556476,0.05233167568535611
1.0100000000000007,4,0.266,0.0008559087659556458,0.0330117689241307,0.10370953073405284,0.0013725708497183086,0.0015169638916452748,154.21542318934655,37.18598667031101,3.147138129118701,0.03177490021005312,0.03177490021005312,0.04990910683556476,0.05233167568535611
1.0100000000000007,5,0.3325,0.0008607625173905393,0.03310523940054539,0.10400317689608476,0.0014081317553968828,0.001563699129852607,163.72420846096296,47.35023146032561,2.4577277325063593,0.040687989429171345,0.040687989429171345,0.04990910683556476,0.05233167568535611
1.0100000000000007,6,0.399,0.0008720461750987421,0.033321519697798334,0.10468264148905083,0.001485109690805933,0.0016718392784790845,172.21188666661664,57.334351671017075,2.0036423478678835,0.04990910683556476,0.04990910683556476,0.04990910683556476,0.05233167568535611
1.0200000000000007,0,0.0,0.0008161370867112114,0.032235663677449934,0.10127132419266804,0.0010297239181941882,0.0011289112683048907,127.59255108613858,4.90740581100533,25.0,0.0,0.0,0.04988423254143317,0.05283051801077045
1.0200000000000007,1,0.0665,0.000827793011659754,0.03246503961649538,0.10199192995768347,0.001121301798013033,0.0012435992378276117,129.17784310740515,8.207628498783683,14.738753663929655,0.00678483420512898,0.00678483420512898,0.04988423254143317,0.05283051801077045
1.0200000000000007,2,0.133,0.0008494901891361897,0.03288775610577209,0.10331993297494646,0.001307485703420796,0.0014549574824659593,134.9788265270713,17.0737404464352,6.905638893277972,0.014480919368277589,0.014480919368277589,0.04988423254143317,0.05283051801077045
1.0200000000000007,3,0.1995,0.0008538390033466681,0.032971830156942106,0.10358405939645972,0.0013437029118825228,0.001496994508050969,144.21887316384158,26.90962475255545,4.3593788278354175,0.022939047958273787,0.022939047958273787,0.04988423254143317,0.05283051801077045
1.0200000000000007,4,0.266,0.0008573309745253329,0.03303918430730378,0.10379565870042473,0.001370769158653825,0.001530671583231813,153.94208849304323,37.10720611121923,3.14857664119583,0.031760382990715444,0.031760382990715444,0.04988423254143317,0.05283051801077045
1.0200000000000007,5,0.3325,0.0008622256052344733,0.03313336290007009,0.1040915294755848,0.001406174976234735,0.0015777608796149543,163.42366728683865,47.24760480777431,2.458877290218705,0.040668967255013164,0.040668967255013164,0.04988423254143317,0.05283051801077045
1.0200000000000007,6,0.399,0.0008735990111446264,0.033351174000788526,0.10477580322947214,0.0014827151495096168,0.0016866664299741807,171.8764863849804,57.20365958349025,2.0046414449082954,0.04988423254143317,0.04988423254143317,0.04988423254143317,0.05283051801077045
1.0300000000000007,0,0.0,0.0008171792316500754,0.03225623835590834,0.10133596145136294,0.001028733922920048,0.001139198607534091,127.42957242525141,4.901137400971208,25.0,0.0,0.0,0.049859428767908505,0.053329112298449534
1.0300000000000007,1,0.0665,0.0008289357019324905,0.032487439353436995,0.1020623008067016,0.0011199868470809329,0.001254799106298421,128.99602467529766,8.192878730037132,14.744896137955289,0.006782007758100577,0.006782007758100577,0.049859428767908505,0.053329112298449534
1.0300000000000007,2,0.133,0.0008508399296126222,0.03291387313311019,0.10340198203616545,0.0013058513669051341,0.0014680159961350107,134.75660711287833,17.038943885142018,6.908741763648056,0.014474415663670215,0.014474415663670215,0.049859428767908505,0.053329112298449534
1.0300000000000007,3,0.1995,0.0008552296633485587,0.03299867008238249,0.10366837950904613,0.0013419962720194049,0.0015104144707711632,143.97164831743518,26.85355039962563,4.361363625103455,0.022928608709535867,0.022928608709535867,0.049859428767908505,0.053329112298449534
1.0300000000000007,4,0.266,0.0008587524985689412,0.03306656378153167,0.10388167385551823,0.001368973711394584,0.001544361320345759,153.66982585596594,37.028758436973305,3.1500129181357113,0.03174590155623347,0.03174590155623347,0.049859428767908505,0.053329112298449534
1.0300000000000007,5,0.3325,0.0008636879044458399,0.03316144740884945,0.10417975956204571,0.0014042254389682325,0.0015918031340046367,163.12435345689934,47.145427068131234,2.4600249398772775,0.04064999438785717,0.04064999438785717,0.049859428767908505,0.053329112298449534
1.0300000000000007,6,0.399,0.0008751507280500559,0.03338078061635317,0.10486881515542767,0.0014803307782322178,0.001701469737756503,171.54258058460522,57.073586544678626,2.0056387020696063,0.049859428767908505,0.049859428767908505,0.049859428767908505,0.053329112298449534
1.0400000000000007,0,0.0,0.0008182210402534006,0.032276793285346224,0.10140053666668006,0.0010277464718941736,0.0011494760722530327,127.26706207400763,4.894887002846447,25.0,0.0,0.0,0.0498346931444362,0.0538274592298939
1.0400000000000007,1,0.0665,0.0008300778415130373,0.03250981287277437,0.10213258929068686,0.0011186759668688918,0.00126598586596711,128.81480147550104,8.178183017795705,14.751029439571155,0.006779187880388856,0.006779187880388856,0.0498346931444362,0.0538274592298939
1.0400000000000007,2,0.133,0.0008521890557808034,0.03293995758058347,0.10348392874472044,0.001304222373663767,0.0014810582198716484,134.5352090982616,17.004288745794266,6.911839836966817,0.014467927839584298,0.014467927839584298,0.0498346931444362,0.0538274592298939
1.0400000000000007,3,0.1995,0.0008566196902252056,0.033025475990415595,0.10375259275279573,0.00134029540165516,0.0015238174247877148,143.72536484068692,26.797708696884698,4.363345294420466,0.022918195387349443,0.022918195387349443,0.0498346931444362,0.0538274592298939
1.0400000000000007,4,0.266,0.0008601733400380701,0.033093907473482134,0.10396757659727182,0.0013671845975229868,0.0015580331663209888,153.39862965825358,36.95064241321623,3.1514468934750397,0.03173145649607693,0.03173145649607693,0.0498346931444362,0.0538274592298939
1.0400000000000007,5,0.3325,0.0008651494174858905,0.03318949307307399,0.10426786761473858,0.0014022832112271244,0.001605825966116908,162.82625911640764,47.04369520038047,2.4611706929665416,0.04063107052500542,0.04063107052500542,0.0498346931444362,0.0538274592298939
1.0400000000000007,6,0.399,0.0008767013305579511,0.033410339761641414,0.10496167794911163,0.001477957264412235,0.0017162493104006253,171.21015653873297,56.9441257913069,2.0066342078232404,0.0498346931444362,0.0498346931444362,0.0498346931444362,0.0538274592298939
1.0500000000000007,0,0.0,0.0008192625131789988,0.032297328516436366,0.10146504999781263,0.0010267615545070832,0.0011597436877981036,127.10501793964075,4.888654536140029,25.0,0.0,0.0,0.04981002868819069,0.054325559516775805
1.0500000000000007,1,0.0665,0.0008312194317534275,0.03253216025505768,0.10220279566269506,0.0011173691141653946,0.0012771595571087638,128.63417008621536,8.163540707983259,14.757154240735508,0.006776374249986557,0.006776374249986557,0.04981002868819069,0.054325559516775805
1.0500000000000007,2,0.133,0.0008535375691410253,0.03296600955450139,0.10356577343459249,0.0013025986958958185,0.0014940842068306066,134.31462732029192,16.96977370869895,6.914933317669423,0.014461455433630059,0.014461455433630059,0.04981002868819069,0.054325559516775805
1.0500000000000007,3,0.1995,0.0008580090855868924,0.033052247994823106,0.10383669948516423,0.0013386002203753717,0.0015372034269914684,143.4800170915574,26.742098104766427,4.365323862378021,0.022907807794477077,0.022907807794477077,0.04981002868819069,0.054325559516775805
1.0500000000000007,4,0.266,0.0008615935006927035,0.03312121550560536,0.10405336731037414,0.001365401606161352,0.0015716871823826023,153.1284937279876,36.87285623569548,3.1528785497161627,0.03171704790500176,0.03171704790500176,0.04981002868819069,0.054325559516775805
1.0500000000000007,5,0.3325,0.0008666101467849296,0.03321750003771079,0.1043558540890909,0.0014003482318397337,0.0016198294484353053,162.52937745518898,46.942407182934396,2.4623145085383578,0.04061219622970118,0.04061219622970118,0.04981002868819069,0.054325559516775805
1.0500000000000007,6,0.399,0.0008782508225989074,0.03343985163736698,0.10505439224108472,0.00147559378627836,0.0017310052482634088,170.87920762347704,56.81527671058802,2.0076278338644826,0.04981002868819069,0.04981002868819069,0.04981002868819069,0.054325559516775805
1.0600000000000007,0,0.0,0.0008203036510823421,0.03231784409964057,0.10152950160329106,0.0010257791602104526,0.001170001479400208,126.94343794206691,4.882439920848728,25.0,0.0,0.0,0.04978543163488224,0.054823413833124626
1.0600000000000007,1,0.0665,0.0008323604740250134,0.03255448158093064,0.10227292017607593,0.001116066293647956,0.0012883202200452434,128.45412779419314,8.148951832349224,14.763269980841411,0.006773567111471374,0.006773567111471374,0.04978543163488224,0.054823413833124626
1.0600000000000007,2,0.133,0.0008548854711655763,0.03299202916020116,0.10364751643670819,0.0013009802849886314,0.001507094009680493,134.0948573602899,16.93539816901258,6.918022122777661,0.01445499858561437,0.01445499858561437,0.04978543163488224,0.054823413833124626
1.0600000000000007,3,0.1995,0.0008593978510877505,0.03307898620975777,0.1039207000647731,0.001336910746733377,0.0015505725344588021,143.2355991477604,26.686716764308322,4.367299410144314,0.022897445448260573,0.022897445448260573,0.04978543163488224,0.054823413833124626
1.0600000000000007,4,0.266,0.000863012982416505,0.033148488002207974,0.10413904638534596,0.00136362483013092,0.0015853234306839115,152.8594107193446,36.795396866405746,3.1543079770096316,0.03170267479550386,0.03170267479550386,0.04978543163488224,0.054823413833124626
1.0600000000000007,5,0.3325,0.000868070094929474,0.03324546845009426,0.10444371944796738,0.0013984206191734727,0.00163381365462704,162.2336994797435,46.84155876803608,2.463456463589105,0.04059337011960265,0.04059337011960265,0.04978543163488224,0.054823413833124626
1.0600000000000007,6,0.399,0.0008797992084723145,0.03346931645034966,0.1051469586810905,0.0014732406491342028,0.0017457376547547509,170.54971971633265,56.68703103238537,2.008619725010777,0.04978543163488224,0.04978543163488224,0.04978543163488224,0.054823413833124626
1.0700000000000007,0,0.0,0.0008213444546165751,0.03233834008521091,0.10159389164098691,0.0010247992785166664,0.0011802494721853748,126.78232001378778,4.876243077453376,25.0,0.0,0.0,0.04976090492124173,0.05532102288233704
1.0700000000000007,1,0.0665,0.0008335009696940738,0.03257677693065413,0.10234296308297647,0.0011147674861746967,0.0012994678949069904,128.274671561614,8.134416082597987,14.769376714824425,0.006770766426427954,0.006770766426427954,0.04976090492124173,0.05532102288233704
1.0700000000000007,2,0.133,0.0008562327633419483,0.0330180165028857,0.10372915808157228,0.0012993671342271793,0.0015200876810227647,133.875894614727,16.901161304945727,6.92110626005039,0.014448557245423934,0.014448557245423934,0.04976090492124173,0.05532102288233704
1.0700000000000007,3,0.1995,0.0008607859883234245,0.033105690747775134,0.10400459484522595,0.0013352269008680194,0.0015639248034674824,142.99210579897428,26.631563503658125,4.36927190847555,0.02288710844615076,0.02288710844615076,0.04976090492124173,0.05532102288233704
1.0700000000000007,4,0.266,0.0008644317870364182,0.033175725085984965,0.10422461420764498,0.0013618541888495898,0.0015989419725724074,152.59137503556673,36.718262999648054,3.155735118434914,0.031688337660479876,0.031688337660479876,0.04976090492124173,0.05532102288233704
1.0700000000000007,5,0.3325,0.000869529264186164,0.03327339845080891,0.10453146413302726,0.0013965000357323632,0.0016477786549843638,161.93921933933643,46.74114883314711,2.4645964718884934,0.04057459350470268,0.04057459350470268,0.04976090492124173,0.05532102288233704
1.0700000000000007,6,0.399,0.0008813464923271388,0.03349873440362395,0.10523937790698065,0.0014708976637143793,0.0017604466313918946,170.22168635646642,56.559388144536626,2.0096097560579613,0.04976090492124173,0.04976090492124173,0.04976090492124173,0.05532102288233704
1.0800000000000007,0,0.0,0.0008223849244325264,0.03235881652319088,0.10165822026811647,0.0010238218989983708,0.0011904876911753585,126.62166209979455,4.870063926915175,25.0,0.0,0.0,0.049736445213576154,0.0558183873344728
1.0800000000000007,1,0.0665,0.0008346409201218897,0.032599046384109646,0.10241292463435177,0.0011134726727757948,0.0013106026216347484,128.09579821656587,8.119932997472281,14.775474779957154,0.006767972027244054,0.006767972027244054,0.049736445213576154,0.0558183873344728
1.0800000000000007,2,0.133,0.0008575794471298387,0.0330439716867968,0.10381069869666995,0.0012977591955547069,0.0015330652729783117,133.65773437494246,16.86706216369512,6.924185793458986,0.014442131245881095,0.014442131245881095,0.049736445213576154,0.0558183873344728
1.0800000000000007,3,0.1995,0.0008621734989332362,0.0331323617218042,0.10408838418129975,0.0013335487014533283,0.0015772602904820156,142.74953169519893,26.576636972815443,4.37124135913862,0.022876796722957806,0.022876796722957806,0.049736445213576154,0.0558183873344728
1.0800000000000007,4,0.266,0.0008658499164213264,0.03320292687991931,0.10431007116363358,0.001360089696717172,0.001612542869539579,152.32438000474542,36.64145221372119,3.157160014190274,0.03167403601671653,0.03167403601671653,0.049736445213576154,0.0558183873344728
1.0800000000000007,5,0.3325,0.0008709876568890781,0.03330129018112355,0.10461908858807965,0.0013945865157320447,0.0016617245201416841,161.64592771914732,46.64117271116606,2.4657346357941967,0.040555864588320015,0.040555864588320015,0.049736445213576154,0.0558183873344728
1.0800000000000007,6,0.399,0.0008828926785491413,0.0335281057038109,0.10533165056787437,0.0014685650093476605,0.0017751322814853713,169.89509406023356,56.432340341254736,2.0105980548184377,0.049736445213576154,0.049736445213576154,0.049736445213576154,0.0558183873344728
1.0900000000000007,0,0.0,0.00082342506117872,0.03237927346341664,0.10172248764124465,0.001022847011288034,0.001200716161288239,126.46146215747272,4.863902390672028,25.0,0.0,0.0,0.04971205380013888,0.05631550787247419
1.0900000000000007,1,0.0665,0.0008357803266647519,0.03262129002080136,0.10248280507997158,0.001112181834585572,0.001321724439980604,127.91750466595045,8.105502175830313,14.781564410331775,0.006765183794084992,0.006765183794084992,0.04971205380013888,0.05631550787247419
1.0900000000000007,2,0.133,0.0008589255240042877,0.0330698948160503,0.1038921386090908,0.001296156462675187,0.0015460268376050637,133.44037193924055,16.83309976791964,6.9272608003874545,0.014435720392453943,0.014435720392453943,0.04971205380013888,0.05631550787247419
1.0900000000000007,3,0.1995,0.0008635603844983039,0.03315899924319102,0.10417206842279841,0.001331876069341046,0.001590579051175426,142.5078714846944,26.521935795729714,4.373207769684727,0.022866510183486934,0.022866510183486934,0.04971205380013888,0.05631550787247419
1.0900000000000007,4,0.266,0.0008672673723230382,0.033230093504235676,0.10439541763100871,0.0013583312158182233,0.0016261261816977613,152.05841967411973,36.56496277882616,3.1585826462859936,0.03165976996599554,0.03165976996599554,0.04971205380013888,0.05631550787247419
1.0900000000000007,5,0.3325,0.0008724452755226265,0.033329143784573474,0.10470659326405395,0.0013926801724962064,0.0016756513218666462,161.35381790873808,46.541628311044164,2.466870923174155,0.04053718379043874,0.04053718379043874,0.04971205380013888,0.05631550787247419
1.0900000000000007,6,0.399,0.0008844377709843114,0.03355743054637299,0.1054237772778351,0.001466242128104197,0.0017897947027664131,169.56993464501357,56.30588519754265,2.0115845626100572,0.04971205380013888,0.04971205380013888,0.04971205380013888,0.05631550787247419
1.1000000000000008,0,0.0,0.0008244648655013888,0.03239971095551819,0.10178669391628868,0.001021874605077507,0.001210934907339014,126.30171815650796,4.857758390634921,25.0,0.0,0.0,0.0496877296567231,0.05681238516904142
1.1000000000000008,1,0.0665,0.0008369191906494979,0.03264350791938096,0.10255260466692746,0.0011108949289801101,0.0013328333892704053,127.73978845548123,8.091123836803272,14.787644711905687,0.0067624021234084,0.0067624021234084,0.0496877296567231,0.05681238516904142
1.1000000000000008,2,0.133,0.0008602709954339247,0.033095785994219196,0.10397347814421899,0.0012945589084449392,0.001558972426689513,133.2238033537702,16.79927386278163,6.930331063232691,0.014429325105481247,0.014429325105481247,0.0496877296567231,0.05681238516904142
1.1000000000000008,3,0.1995,0.000864946646643442,0.03318560342366102,0.10425564792071773,0.001330209023500134,0.0016038811414104273,142.26711977995822,26.467458522805682,4.375171161876906,0.022856248658646987,0.022856248658646987,0.0496877296567231,0.05681238516904142
1.1000000000000008,4,0.266,0.0008686841565683027,0.033257225080088604,0.10448065399038858,0.00135657879264624,0.0016396919696242238,151.79348752205647,36.488792348130104,3.160003051727066,0.03164553905900378,0.03164553905900378,0.0496877296567231,0.05681238516904142
1.1000000000000008,5,0.3325,0.000873902122483984,0.03335695940241856,0.10479397860473114,0.0013907808922543235,0.0016895591307891894,161.06288265579252,46.44251298263869,2.4680053320112467,0.04051855103510137,0.04051855103510137,0.0496877296567231,0.05681238516904142
1.1000000000000008,6,0.399,0.0008859817742313896,0.03358670914016475,0.10551575869299873,0.001463929689587842,0.0018044339996622916,169.24619749124028,56.18001773197052,2.012569314212353,0.0496877296567231,0.0496877296567231,0.0496877296567231,0.05681238516904142
1.1100000000000008,0,0.0,0.0008255043380444846,0.03242012904892054,0.10185083924852181,0.0010209046701175903,0.0012211439540401898,126.14242807879218,4.851631849184314,25.0,0.0,0.0,0.04966347418347507,0.05730901991087617
1.1100000000000008,1,0.0665,0.0008380575134225319,0.032665700158606537,0.10262232364264523,0.0011096119612785606,0.0013439295088831908,127.56264609946825,8.07679714624472,14.793716715886333,0.006759626530675305,0.006759626530675305,0.04966347418347507,0.05730901991087617
1.1100000000000008,2,0.133,0.0008616158628598828,0.03312164532393147,0.10405471762446983,0.0012929664856137933,0.0015719020915456509,133.00802351388472,16.765583014586557,6.933396852239722,0.014422944788988477,0.014422944788988477,0.04966347418347507,0.05730901991087617
1.1100000000000008,3,0.1995,0.0008663322869354757,0.03321217437336944,0.10433912302112061,0.001328547485420814,0.0016171666162646354,142.02727130175174,26.413203788957365,4.377131545137642,0.02284601204436853,0.02284601204436853,0.04966347418347507,0.05730901991087617
1.1100000000000008,4,0.266,0.0008701002709702906,0.03328432172786693,0.10456578061998588,0.0013548323889164264,0.0016532402935133881,151.52957765364556,36.41293917937494,3.1614212164305355,0.031631343359208225,0.031631343359208225,0.04966347418347507,0.05730901991087617
1.1100000000000008,5,0.3325,0.0008753582000343122,0.03338473717272429,0.10488124504385671,0.0013888885152862772,0.0017034480159420521,160.7731145639926,46.34382388352203,2.469137871921634,0.04049996605583385,0.04049996605583385,0.04966347418347507,0.05730901991087617
1.1100000000000008,6,0.399,0.0008875246920958434,0.03361594167809861,0.10560759541941753,0.001461626896692961,0.001819050268629221,168.92387466244634,56.05473569313468,2.013552246275872,0.04966347418347507,0.04966347418347507,0.04966347418347507,0.05730901991087617
1.1200000000000008,0,0.0,0.0008265434794496909,0.03244052779284489,0.10191492379257701,0.0010199371962176028,0.001231343326002366,125.98358991833146,4.845522689166595,25.0,0.0,0.0,0.04963928423107966,0.057805412753186965
1.1200000000000008,1,0.0665,0.0008391952963252242,0.03268786681686369,0.10269196225338055,0.0011083329128577428,0.0013550128380117683,127.38607494006393,8.062522083158768,14.799779972838982,0.00675685720892629,0.00675685720892629,0.04963928423107966,0.057805412753186965
1.1200000000000008,2,0.133,0.0008629601277386208,0.03314747290769719,0.1041358573718882,0.001291379188286139,0.0015848158834285123,132.7930282151137,16.732026659177695,6.936458082456815,0.01441657958734195,0.01441657958734195,0.04963928423107966,0.057805412753186965
1.1200000000000008,3,0.1995,0.0008677173069849075,0.03323871220285595,0.10442249407127767,0.0013268914743258134,0.0016304355310078936,141.78832073894085,26.359170160084524,4.379088942399626,0.022835800166507377,0.022835800166507377,0.04963928423107966,0.057805412753186965
1.1200000000000008,4,0.266,0.000871515717288407,0.03331138356643011,0.1046507978932086,0.0013530919281588777,0.001666771212794977,151.2666837381563,36.33740106078717,3.1628371683794665,0.031617182509347044,0.031617182509347044,0.04963928423107966,0.057805412753186965
1.1200000000000008,5,0.3325,0.000876813510525096,0.033412477234689035,0.10496839301873528,0.0013870030982372791,0.0017173180469244249,160.48450585993822,46.24555774009401,2.470268577187064,0.04048142818295154,0.04048142818295154,0.04963928423107966,0.057805412753186965
1.1200000000000008,6,0.399,0.0008890665287432875,0.033645128359041446,0.10569928808185022,0.001459334047141911,0.0018336436091006402,168.6029533192077,55.93003177619664,2.014533479864099,0.04963928423107966,0.04963928423107966,0.04963928423107966,0.057805412753186965
1.1300000000000008,0,0.0,0.0008275822903564339,0.03246090723630979,0.10197894770245058,0.0010189721732449572,0.0012415330477348154,125.82520168115386,4.839430833890533,25.0,0.0,0.0,0.04961516119277835,0.05830156436511475
1.1300000000000008,1,0.0665,0.0008403325406698344,0.03271000797169885,0.10276152074275269,0.0011070577417579878,0.0013660834154293482,127.21007206561336,8.048298354663341,14.805834532948865,0.006754094122655516,0.006754094122655516,0.04961516119277835,0.05830156436511475
1.1300000000000008,2,0.133,0.0008643037914989275,0.03317326884708484,0.10421689770556088,0.001289796969382304,0.0015977138531223353,132.57881316254506,16.6986041173727,6.9395147181562455,0.014410229542184605,0.014410229542184605,0.04961516119277835,0.05830156436511475
1.1300000000000008,3,0.1995,0.0008691017083696777,0.033265217021585185,0.10450576141508215,0.0013252409364616913,0.0016436879403725106,141.5502631800085,26.305356578486315,4.381043315557051,0.022825613169561866,0.022825613169561866,0.04961516119277835,0.05830156436511475
1.1300000000000008,4,0.266,0.0008729304972781925,0.033338410714068616,0.10473570618167721,0.0013513573819251236,0.0016802847866142282,151.0048000714899,36.2621763685746,3.164250886010062,0.03160305664829701,0.03160305664829701,0.04961516119277835,0.05830156436511475
1.1300000000000008,5,0.3325,0.0008782680564066452,0.03344017972880279,0.10505542297072916,0.0013851247056878636,0.0017311692939813036,160.19704984893144,46.14771233346231,2.4713974268399532,0.040462937653805355,0.040462937653805355,0.04961516119277835,0.05830156436511475
1.1300000000000008,6,0.399,0.0008906072879345114,0.03367426937332947,0.10579083727825564,0.0014570507144012167,0.0018482141162446523,168.28342576821808,55.80590382016779,2.0155129520078097,0.04961516119277835,0.04961516119277835,0.04961516119277835,0.05830156436511475
1.1400000000000008,0,0.0,0.000828620771401894,0.03248126742813228,0.1020429111315058,0.0010180095911247358,0.0012517131436460627,125.6672613852188,4.8333562071238,25.0,0.0,0.0,0.049591104344755006,0.058797475408562304
1.1400000000000008,1,0.0665,0.0008414692478120996,0.0327321237012345,0.10283099935619067,0.0011057864767825775,0.001377141280197174,127.03463474514889,8.034125827227694,14.811880156846419,0.006751337368455383,0.006751337368455383,0.049591104344755006,0.058797475408562304
1.1400000000000008,2,0.133,0.0008656468555850959,0.03319903324355383,0.10429783894423204,0.001288219823449781,0.0016105960513568332,132.3653739257495,16.665314544343794,6.942566794856824,0.014403894547198561,0.014403894547198561,0.049591104344755006,0.058797475408562304
1.1400000000000008,3,0.1995,0.0008704854926355712,0.033291688937959855,0.10458892539309127,0.0013235958187333952,0.0016569238985598444,141.31309300180436,26.25176124169651,4.382994752266461,0.02281545054287133,0.02281545054287133,0.049591104344755006,0.058797475408562304
1.1400000000000008,4,0.266,0.0008743446127927613,0.033365403290442894,0.10482050586131611,0.0013496288187140248,0.0016937810748013683,150.7439202612997,36.18726275901154,3.1656624118042944,0.03158896527536056,0.03158896527536056,0.049591104344755006,0.058797475408562304
1.1400000000000008,5,0.3325,0.0008797218399214753,0.033467844791010955,0.10514233532692344,0.0013832531104083193,0.0017450018250853867,159.9107395644634,46.0502851501915,2.4725244163618045,0.04044449443583048,0.04044449443583048,0.049591104344755006,0.058797475408562304
1.1400000000000008,6,0.399,0.000892146973798779,0.03370336491741456,0.10588224362580555,0.0014547772042543777,0.001862761888287196,167.965282084863,55.68234733376847,2.0164906856037073,0.049591104344755006,0.049591104344755006,0.049591104344755006,0.058797475408562304
1.1500000000000008,0,0.0,0.0008296589232210182,0.03250160841692907,0.10210681423247654,0.0010170494398392738,0.0012618836380444555,125.50976706032678,4.827298733089491,25.0,0.0,0.0,0.049567113789723914,0.05929314654645954
1.1500000000000008,1,0.0665,0.0008426054190545745,0.03275421408228913,0.10290039833502689,0.0011045190527313653,0.0013881864707244876,126.85975996467228,8.020004073402859,14.817917148618871,0.006748586795096278,0.006748586795096278,0.049567113789723914,0.05929314654645954
1.1500000000000008,2,0.133,0.0008669893214353771,0.0332247661980431,0.10437868140501068,0.0012866477244632018,0.0016234625286014653,132.15270622638096,16.63215722327805,6.945614297189455,0.014397574601927584,0.014397574601927584,0.049567113789723914,0.05929314654645954
1.1500000000000008,3,0.1995,0.0008718686613718088,0.033318128060770426,0.1046719863470803,0.0013219561405285818,0.0016701434599651302,141.07680568282586,26.198383416155153,4.3849431639293925,0.022805312694267395,0.022805312694267395,0.049567113789723914,0.05929314654645954
1.1500000000000008,4,0.266,0.0008757580655175686,0.033392361411522485,0.10490519729645434,0.0013479060539795416,0.0017072601353411638,150.48403893730767,36.11265889232969,3.1670717015320737,0.03157490875613107,0.03157490875613107,0.049567113789723914,0.05929314654645954
1.1500000000000008,5,0.3325,0.0008811748632770121,0.033495472556017064,0.10522913051050174,0.001381388250305611,0.0017588157075884429,159.62556785371413,45.953273428323854,2.4736495562757232,0.0404260982507797,0.0404260982507797,0.049567113789723914,0.05929314654645954
1.1500000000000008,6,0.399,0.0008936855904372314,0.03373241518635563,0.10597350773729561,0.0014525134470532936,0.001877287022757729,167.64851328572496,55.5593587664891,2.0174666700228907,0.049567113789723914,0.049567113789723914,0.049567113789723914,0.05929314654645954
1.1600000000000008,0,0.0,0.0008306967464465292,0.032521930251117624,0.10217065715747078,0.001016091709427741,0.001272044555138733,125.35271674803018,4.821258336462699,25.0,0.0,0.0,0.04954318792705952,0.05978857842573014
1.1600000000000008,1,0.0665,0.0008437410556951258,0.032776279191324136,0.1029697179194719,0.0011032554517501599,0.0013992190252419892,126.68544472016825,8.00593265127765,14.823945845953475,0.006745842236552505,0.006745842236552505,0.04954318792705952,0.05978857842573014
1.1600000000000008,2,0.133,0.0008683311904606066,0.03325046781056478,0.10445942540209421,0.0012850806260840846,0.0016363133348623062,131.94080548357482,16.599131108115156,6.948657349845875,0.014391269415841618,0.014391269415841618,0.04954318792705952,0.05978857842573014
1.1600000000000008,3,0.1995,0.0008732512161102358,0.03334453449726992,0.10475494461399461,0.0013203218249749052,0.0016833466782148793,140.8413958359817,26.145221480249283,4.386888611457225,0.022795199253254406,0.022795199253254406,0.04954318792705952,0.05978857842573014
1.1600000000000008,4,0.266,0.0008771708572328598,0.03341928519460162,0.10498978085558258,0.0013461891539565825,0.0017207220268807297,150.22514966619076,36.03836231310996,3.168478810468648,0.03156088646375042,0.03156088646375042,0.04954318792705952,0.05978857842573014
1.1600000000000008,5,0.3325,0.0008826271288781232,0.033523063161705335,0.1053158089546401,0.001379530284413714,0.00177261101043258,159.34152662646176,45.85667342932359,2.4747729111237478,0.04040774793942281,0.04040774793942281,0.04954318792705952,0.05978857842573014
1.1600000000000008,6,0.399,0.0008952231419317259,0.03376142037399393,0.10606463022169611,0.0014502593819151661,0.0018917896165768805,167.33310856438476,55.43693269443983,2.0184409640176173,0.04954318792705952,0.04954318792705952,0.04954318792705952,0.05978857842573014
1.1700000000000008,0,0.0,0.0008317342417089391,0.03254223297891734,0.1022344400579742,0.0010151363899857347,0.0012821959190385903,125.19610850154491,4.815234942367112,25.0,0.0,0.0,0.04951932828248978,0.06028377170855504
1.1700000000000008,1,0.0665,0.0008448761590509012,0.032798319104910885,0.1030389583500818,0.0011019956793373903,0.001410238982035363,126.51168638184325,7.991911475768719,14.829965930606665,0.0067431038255870894,0.0067431038255870894,0.04951932828248978,0.06028377170855504
1.1700000000000008,2,0.133,0.0008696724640656742,0.03327613818061955,0.1045400712480732,0.001283518502738381,0.00164914851988969,131.7296674659065,16.566235472918912,6.951695946930554,0.014384978969650408,0.014384978969650408,0.04951932828248978,0.06028377170855504
1.1700000000000008,3,0.1995,0.0008746331584263923,0.033370908355109204,0.10483780053202932,0.001318692891964159,0.001696533607134521,140.60685812350064,26.09227382617241,4.388831155928694,0.022785109849786333,0.022785109849786333,0.04951932828248978,0.06028377170855504
1.1700000000000008,4,0.266,0.0008785829896874124,0.03344617475589188,0.10507425690379033,0.0013444780645130764,0.0017341668075258605,149.967246493991,35.964371027446276,3.169883754662169,0.031546898163985676,0.031546898163985676,0.04951932828248978,0.06028377170855504
1.1700000000000008,5,0.3325,0.0008840786390376604,0.033550616743636665,0.10540237108521565,0.0013776790965662992,0.001786387801398243,159.0586099493767,45.76048356263561,2.475894430434982,0.04038944422296362,0.04038944422296362,0.04951932828248978,0.06028377170855504
1.1700000000000008,6,0.399,0.0008967596323403743,0.03379038067287686,0.10615561168391248,0.0014480149441462179,0.0019062697660183427,167.0190607001677,55.31506723076465,2.01941349909951,0.04951932828248978,0.04951932828248978,0.04951932828248978,0.06028377170855504
1.1800000000000008,0,0.0,0.0008327714096365592,0.03256251664835064,0.10229816308485369,0.0010141834716648685,0.001292337753755239,125.03994038566258,4.809228476371637,25.0,0.0,0.0,0.04949553424377742,0.06077872705099281
1.1800000000000008,1,0.0665,0.0008460107304342561,0.032820333899263955,0.10310811986629169,0.0011007397176535406,0.0014212463792118984,126.33848212706049,7.977940255058966,14.83597746886445,0.006740371519831786,0.006740371519831786,0.04949553424377742,0.06077872705099281
1.1800000000000008,2,0.133,0.0008710131436710642,0.033301777407611276,0.10462061925523412,0.0012819613495861442,0.0016619681333855513,131.51928804962324,16.533469673236876,6.954730050554159,0.014378703310279012,0.014378703310279012,0.04949553424377742,0.06077872705099281
1.1800000000000008,3,0.1995,0.0008760144898384293,0.03339724974040958,0.10492055443457435,0.001317069265018688,0.0017097042997847077,140.37318792362612,26.039539540209788,4.390770743348375,0.022775044712022616,0.022775044712022616,0.04949553424377742,0.06077872705099281
1.1800000000000008,4,0.266,0.0008799944646234694,0.03347303021100195,0.10515862580427293,0.001342772755503796,0.0017475945350808985,149.7103240241858,35.890683564747135,3.171286505427153,0.031532944068240414,0.031532944068240414,0.04949553424377742,0.06077872705099281
1.1800000000000008,5,0.3325,0.0008855293959286234,0.03357813343415271,0.10548881731799196,0.00137583452580219,0.001800146146656265,158.77681094050433,45.66470124305448,2.477014118528893,0.04037118692702096,0.04037118692702096,0.04949553424377742,0.06077872705099281
1.1800000000000008,6,0.399,0.0008982950653278688,0.0338192962673072,0.10624645270294902,0.0014457797215171706,0.0019207275632335144,166.70636015765132,55.19375812513256,2.0203842938127696,0.04949553424377742,0.04949553424377742,0.04949553424377742,0.06077872705099281
1.1900000000000008,0,0.0,0.0008338082508555118,0.03258278130724408,0.10236182638836085,0.0010132329446723696,0.0013024700832019627,124.88421047666372,4.803238864487066,25.0,0.0,0.0,0.04947180363173846,0.0612734450873102
1.1900000000000008,1,0.0665,0.0008471447711287532,0.0328423236497777,0.10317720270495993,0.0010994875256870663,0.001432241254468769,126.16582923914761,7.964018786140534,14.841980365328746,0.00673764535045489,0.00673764535045489,0.04947180363173846,0.0612734450873102
1.1900000000000008,2,0.133,0.0008723532306698405,0.033327385590026654,0.10470106973298207,0.0012804091207687868,0.0016747722245932391,131.30966309952788,16.500833030064825,6.957759639181805,0.014372442450708095,0.014372442450708095,0.04947180363173846,0.0612734450873102
1.1900000000000008,3,0.1995,0.0008773952119080662,0.03342355875969281,0.1050032066562777,0.0013154509641616434,0.0017228588094263242,140.1403803021393,25.987017361254814,4.392707379765743,0.02276500375614204,0.02276500375614204,0.04947180363173846,0.0612734450873102
1.1900000000000008,4,0.266,0.0008814052838124384,0.03349985167561964,0.10524288792047438,0.0013410732308842702,0.0017610052673897412,149.45437638592725,35.81729794954432,3.1726870797585853,0.03151902393336854,0.03151902393336854,0.04947180363173846,0.0612734450873102
1.1900000000000008,5,0.3325,0.0008869794018206726,0.03360561336687102,0.10557514807274095,0.0013739966359154364,0.0018138861130154193,158.49612221403046,45.56932332991939,2.478132011452688,0.040352975361219644,0.040352975361219644,0.04947180363173846,0.0612734450873102
1.1900000000000008,6,0.399,0.000899829444910079,0.03384816734738534,0.1063371538760237,0.001443554003907088,0.0019351631032725853,166.3949958104053,55.07299944220638,2.021353430822671,0.04947180363173846,0.04947180363173846,0.04947180363173846,0.0612734450873102
1.2000000000000008,0,0.0,0.0008348447659897412,0.03260302700322949,0.10242543011813542,0.0010122847992706777,0.0013125929311946696,124.72891686223174,4.797266033162759,25.0,0.0,0.0,0.049448137943224627,0.061767926466742444
1.2000000000000008,1,0.0665,0.0008482782824133771,0.03286428843149862,0.10324620710185209,0.0010982390860460674,0.0014432236453292297,125.99372475000139,7.950146594218244,14.847975035030238,0.00673492511699905,0.00673492511699905,0.049448137943224627,0.061767926466742444
1.2000000000000008,2,0.133,0.0008736927264708963,0.03335296282626518,0.10478142299044815,0.0012788618119265423,0.0016875608427125047,131.100788094545,16.468324449956306,6.9607848687297915,0.014366196037638506,0.014366196037638506,0.049448137943224627,0.061767926466742444
1.2000000000000008,3,0.1995,0.0008787753261400177,0.03344983551796646,0.10508575752703035,0.0013138379136825255,0.0017359971885631494,139.90843013014606,25.934705812081223,4.3946411092495286,0.02275498670176436,0.02275498670176436,0.049448137943224627,0.061767926466742444
1.2000000000000008,4,0.266,0.0008828154489465602,0.03352663926345566,0.1053270436096274,0.001339379391800975,0.0017743990613077508,149.1993979136353,35.74421238597531,3.174085479980405,0.031505137662712644,0.031505137662712644,0.049448137943224627,0.061767926466742444
1.2000000000000008,5,0.3325,0.0008884286589802356,0.03363305667479045,0.10566136376729082,0.0013721653959713627,0.001827607766975133,158.21653749471656,45.47434777223442,2.479248087013134,0.04033480978520172,0.04033480978520172,0.049448137943224627,0.061767926466742444
1.2000000000000008,6,0.399,0.0009013627747100017,0.033876994095004734,0.10642771577457168,0.0014413373809695706,0.001949576477082281,166.0849606429129,54.95278935683866,2.0223208427952946,0.049448137943224627,0.049448137943224627,0.049448137943224627,0.061767926466742444
1.2100000000000009,0,0.0,0.0008358809556610236,0.03262325378374503,0.10248897442320881,0.0010113390257770474,0.00132270632145244,124.57405764136753,4.791309909283367,25.0,0.0,0.0,0.04942453557112255,0.06226217182245367
1.2100000000000009,1,0.0665,0.0008494112655863356,0.03288622831958789,0.10331513329309391,0.001096994404463535,0.0014541935893738651,125.82216618011688,7.9363236762901765,14.853961016737697,0.00673221101680005,0.00673221101680005,0.04942453557112255,0.06226217182245367
1.2100000000000009,2,0.133,0.0008750316324557018,0.033378509213815466,0.10486167933390189,0.0012773193775141754,0.0017003340364876464,130.892659189102,16.435943492349406,6.963805622112893,0.014359964281952336,0.014359964281952336,0.04942453557112255,0.06226217182245367
1.2100000000000009,3,0.1995,0.0008801548340574729,0.03347608012016624,0.10516820737649758,0.0013122301099893362,0.001749119489663043,139.67733250762234,25.88260361002613,4.396571945084983,0.022744993428753513,0.022744993428753513,0.04942453557112255,0.06226217182245367
1.2100000000000009,4,0.266,0.0008842249616839901,0.03355339308710805,0.1054110932254692,0.0013376911826197034,0.001787775973133948,148.945382655536,35.671424752638735,3.1754817389097423,0.0314912848575642,0.0314912848575642,0.04942453557112255,0.06226217182245367
1.2100000000000009,5,0.3325,0.0008898771696631294,0.0336604634901556,0.10574746481710028,0.0013703407682576602,0.0018413111746577095,157.9380496636908,45.37977164192716,2.480362371805527,0.04031668966466667,0.04031668966466667,0.04942453557112255,0.06226217182245367
1.2100000000000009,6,0.399,0.0009028950587102399,0.033905776698017906,0.10651813898874905,0.0014391301506585144,0.001963967778588866,165.77624433092146,54.833122642572036,2.023286589230539,0.04942453557112255,0.04942453557112255,0.04942453557112255,0.06226217182245367
1.2200000000000009,0,0.0,0.0008369168204889801,0.0326434616960363,0.10255245945200744,0.001010395614563157,0.0013328102775980717,124.41963092430511,4.785370420165581,25.0,0.0,0.0,0.049400997056122026,0.0627561817930149
1.2200000000000009,1,0.0665,0.0008505437219411512,0.03290814338885897,0.10338398151371885,0.001095753463554105,0.001465151124009406,125.65115075096058,7.922549716959062,14.859938433960332,0.006729502981752861,0.006729502981752861,0.049400997056122026,0.0627561817930149
1.2200000000000009,2,0.133,0.0008763699500215019,0.033404024850082877,0.10494183906935126,0.0012757818133704963,0.0017130918546213515,130.6852722864813,16.403689437460745,6.966821902153197,0.014353747146757629,0.014353747146757629,0.049400997056122026,0.0627561817930149
1.2200000000000009,3,0.1995,0.0008815337371769084,0.033502292670678724,0.10525055653261944,0.001310627525624057,0.0017622257649192834,139.44708273491145,25.830709648593604,4.398499872128131,0.022735023964344667,0.022735023964344667,0.049400997056122026,0.0627561817930149
1.2200000000000009,4,0.266,0.0008856338237763882,0.03358011326048663,0.10549503712585798,0.0013360086689288683,0.0018011360598232365,148.6923250153725,35.59893325050774,3.1768758622353297,0.03147746538942113,0.03147746538942113,0.049400997056122026,0.0627561817930149
1.2200000000000009,5,0.3325,0.0008913249360025588,0.033687833942344765,0.10583345162862319,0.0013685226094581815,0.0018549964007522914,157.66065187027635,45.285592245074525,2.4814748809523244,0.04029861465356548,0.04029861465356548,0.049400997056122026,0.0627561817930149
1.2200000000000009,6,0.399,0.0009044263008645585,0.03393451534292626,0.10660842410446726,0.001436932245417753,0.001978337101043044,165.46883894739344,54.713996471184544,2.024250641872571,0.049400997056122026,0.049400997056122026,0.049400997056122026,0.0627561817930149
1.2300000000000009,0,0.0,0.0008379523610910849,0.03266365078715739,0.10261588535235612,0.0010094545560547141,0.001342904823158619,124.26563483242765,4.779447493554909,25.0,0.0,0.0,0.0493775220310558,0.06324995701332546
1.2300000000000009,1,0.0665,0.0008516756527189828,0.03293003371285763,0.10345275199477776,0.0010945161999331666,0.0014760962860087378,125.48067559620797,7.90882429645907,14.865907610615151,0.006726800853288904,0.006726800853288904,0.0493775220310558,0.06324995701332546
1.2300000000000009,2,0.133,0.0008777076805383493,0.033429509831572515,0.10502190249997598,0.001274249074481908,0.0017258343453661706,130.47862315798713,16.371561411350932,6.969833779417161,0.014347544455839564,0.014347544455839564,0.0493775220310558,0.06324995701332546
1.2300000000000009,3,0.1995,0.000882912037008112,0.033528473273344905,0.10533280532162208,0.001309030133309045,0.001775316066252374,139.21767620743663,25.77902288913287,4.400424865060488,0.022725078388226364,0.022725078388226364,0.0493775220310558,0.06324995701332546
1.2300000000000009,4,0.266,0.0008870420369379706,0.03360679989632832,0.10557887566496726,0.0013343317920846392,0.001814479377744083,148.44021987047492,35.5267365376062,3.1782678156589514,0.0314636795260965,0.0314636795260965,0.0493775220310558,0.06324995701332546
1.2300000000000009,5,0.3325,0.000892771960206359,0.03371516816160737,0.1059193246110502,0.0013667109631301034,0.0018686635103835924,157.38433779467005,45.19180737082365,2.4825856045819306,0.04028058481263935,0.04028058481263935,0.0493775220310558,0.06324995701332546
1.2300000000000009,6,0.399,0.000905956505108192,0.03396321021508146,0.10669857170402573,0.0014347436077600062,0.0019926845371206437,165.16273563502406,54.5954070374279,2.0252130096181293,0.0493775220310558,0.0493775220310558,0.0493775220310558,0.06324995701332546
1.2400000000000009,0,0.0,0.0008389875780826785,0.03268382110397201,0.10267925227148152,0.0010085158407310728,0.0013529899815659296,124.11206749818476,4.773541057622491,25.0,0.0,0.0,0.04935411017410492,0.06374349811506651
1.2400000000000009,1,0.0665,0.000852807059204248,0.032951899365714105,0.10352144496915759,0.0010932826428236364,0.0014870291124369742,125.31073792532379,7.895147047800142,14.87186877795261,0.006724104515247536,0.006724104515247536,0.04935411017410492,0.06374349811506651
1.2400000000000009,2,0.133,0.0008790448253922765,0.033454964254715065,0.10510186992872197,0.0012727211571273314,0.0017385615569374439,130.27270739154056,16.339558329128142,6.972841417586331,0.014341355842080128,0.014341355842080128,0.04935411017410492,0.06374349811506651
1.2400000000000009,3,0.1995,0.0008842897350544756,0.0335546220314689,0.10541495406804492,0.0013074379061997264,0.0017883904453143713,138.9891075723736,25.727541517768746,4.402347032513024,0.022715156088663976,0.022715156088663976,0.04935411017410492,0.06374349811506651
1.2400000000000009,4,0.266,0.0008884496028440671,0.033633453106175645,0.10566260919321821,0.0013326604923665376,0.0018278059826677482,148.1890610920226,35.45483223270548,3.179657659057399,0.03144992660299308,0.03144992660299308,0.04935411017410492,0.06374349811506651
1.2400000000000009,5,0.3325,0.000894218244494293,0.03374246627787883,0.10600508417258546,0.001364905813573042,0.001882312568519323,157.10910054995327,45.098414218714126,2.4836945660222125,0.04026259966423974,0.04026259966423974,0.04935411017410492,0.06374349811506651
1.2400000000000009,6,0.399,0.0009074856749890181,0.03399186149178505,0.1067885823444337,0.0014325638351794126,0.002007010175472438,164.8579256641781,54.47735061873738,2.026173699560851,0.04935411017410492,0.04935411017410492,0.04935411017410492,0.06374349811506651
1.2500000000000009,0,0.0,0.0008400224720769768,0.03270397269315451,0.10274256035601541,0.0010075794591248481,0.0013630657761571781,123.95892706500986,4.767651040961917,25.0,0.0,0.0,0.04933076088083417,0.06423680572387484
1.2500000000000009,1,0.0665,0.0008539379426766039,0.032973740421214585,0.10359006066866455,0.0010920527750239082,0.0014979496401872133,125.14133545575925,7.881518102336125,14.877821230743182,0.006721414274918316,0.006721414274918316,0.04933076088083417,0.06423680572387484
1.2500000000000009,2,0.133,0.0008803813859203981,0.03348038821463394,0.10518174165442828,0.0012711979959437924,0.0017512735368968818,130.0675216014716,16.307680110595772,6.975844554184098,0.01433518181537176,0.01433518181537176,0.04933076088083417,0.06423680572387484
1.2500000000000009,3,0.1995,0.0008856668328126769,0.033580739047814986,0.10549700309473146,0.0013058508173042565,0.0018014489534874138,138.7613726446661,25.676264861706684,4.404266289977923,0.022705257451747146,0.022705257451747146,0.04933076088083417,0.06423680572387484
1.2500000000000009,4,0.266,0.0008898565232068054,0.033660073001814,0.10574623806179499,0.001330994781917733,0.0018411159304869255,147.93884370522971,35.383219075668,3.181045353416216,0.031436206935121856,0.031436206935121856,0.04933076088083417,0.06423680572387484
1.2500000000000009,5,0.3325,0.0008956637910974327,0.03376972842077154,0.10609073072041832,0.0013631071446356198,0.0018959436399656792,156.8349342446524,45.00541095355361,2.4848017365402764,0.040244659575630934,0.040244659575630934,0.04933076088083417,0.06423680572387484
1.2500000000000009,6,0.399,0.0009090138144008373,0.034020469356046454,0.10687845660063222,0.001430393213070239,0.00202131410760314,164.55440013710552,54.3598232351504,2.027132730459296,0.04933076088083417,0.04933076088083417,0.04933076088083417,0.06423680572387484
1.260000000000001,0,0.0,0.0008410570436850824,0.03272410560119094,0.10280580975199806,0.001006645401821536,0.0013731322301753935,123.806211687239,4.761777372586115,25.0,0.0,0.0,0.049307474828368066,0.06472988047215852
1.260000000000001,1,0.0665,0.0008550683043873814,0.03299555695234825,0.1036585993226009,0.0010908265566832468,0.0015088579057540457,124.9724653645123,7.867937034786643,14.883765313826155,0.006718729964594766,0.006718729964594766,0.049307474828368066,0.06472988047215852
1.260000000000001,2,0.133,0.0008817173635189166,0.03350578180720327,0.10526151797829233,0.001269679628466114,0.001763970333181543,129.86306149030554,16.2759257338463,6.978843330567135,0.014329022054701079,0.014329022054701079,0.049307474828368066,0.06472988047215852
1.260000000000001,3,0.1995,0.0008870433317480368,0.03360682442414386,0.10557895272137238,0.0013042688164436114,0.0018144916416518498,138.53446645057784,25.62519143299286,4.406182693808579,0.02269538213667733,0.02269538213667733,0.049307474828368066,0.06472988047215852
1.260000000000001,4,0.266,0.0008912627995864486,0.033686659691706394,0.10582976261144421,0.0013293344946198593,0.001854409275433124,147.68956198680638,35.3118950348053,3.1824309298958786,0.0314225201435155,0.0314225201435155,0.049307474828368066,0.06472988047215852
1.260000000000001,5,0.3325,0.0008971086022054134,0.03379695471858402,0.10617626465761046,0.0013613148906242338,0.0019095567888719215,156.56183224913096,44.91279497201529,2.485907130622422,0.04022676421341693,0.04022676421341693,0.049307474828368066,0.06472988047215852
1.260000000000001,6,0.399,0.0009105409272243506,0.0340490339898486,0.10696819504433752,0.0014282316901071594,0.002035596424504212,164.25215157679625,54.24282232813848,2.0280900684548344,0.049307474828368066,0.049307474828368066,0.049307474828368066,0.06472988047215852
1.270000000000001,0,0.0,0.0008420912935159954,0.03274421987438012,0.1028690006048815,0.0010057136594591367,0.0013831893667699848,123.65391953002987,4.755919981924226,25.0,0.0,0.0,0.049284250710551404,0.06522272297926404
1.270000000000001,1,0.0665,0.0008561981455834054,0.033017349031769734,0.10372706115921787,0.0010896039710740083,0.0015197539454647859,124.80412508838755,7.854403660406912,14.889700922491402,0.00671605161987818,0.00671605161987818,0.049284250710551404,0.06522272297926404
1.270000000000001,2,0.133,0.0008830527595138131,0.03353114512659084,0.10534119919615098,0.0012681659693785242,0.0017766519928753284,129.65932328791322,16.244294688610193,6.981837671217873,0.01432287668506572,0.01432287668506572,0.049284250710551404,0.06522272297926404
1.270000000000001,3,0.1995,0.0008884192333693062,0.033632878262633094,0.10566080326896797,0.0013026919244617586,0.0018275185608964675,138.30838447277597,25.574320170712284,4.40809622893385,0.022685530171419645,0.022685530171419645,0.049284250710551404,0.06522272297926404
1.270000000000001,4,0.266,0.000892668433779041,0.03371321328832772,0.10591318319551617,0.0013276798310664902,0.001867686073743789,147.44121029422857,35.24085811258178,3.1838144185708326,0.03140886586124845,0.03140886586124845,0.049284250710551404,0.06522272297926404
1.270000000000001,5,0.3325,0.0008985526798641504,0.03382414529638245,0.10626168637706887,0.0013595288899215434,0.001923152077771137,156.28978730287884,44.8205630036532,2.487010801049957,0.04020891262626699,0.04020891262626699,0.049284250710551404,0.06522272297926404
1.270000000000001,6,0.399,0.0009120670169442133,0.03407755556700052,0.10705779822158679,0.0014260788575959932,0.002049857213080172,163.95117039452842,54.12634318458057,2.0290457612372856,0.049284250710551404,0.049284250710551404,0.049284250710551404,0.06522272297926404
1.280000000000001,0,0.0,0.0008431252221766227,0.032764315558834675,0.10293213305953278,0.0010047842227277816,0.0013932372089972625,123.50204876928174,4.750078798818528,25.0,0.0,0.0,0.049261087828326534,0.06571533385754731
1.280000000000001,1,0.0665,0.0008573274675071428,0.0330391167318036,0.1037954464057298,0.0010883850016931648,0.0015306377954817174,124.63631170114581,7.840917415561442,14.89562867398487,0.006713378950876335,0.006713378950876335,0.049261087828326534,0.06571533385754731
1.280000000000001,2,0.133,0.0008843875752688003,0.03355647826731348,0.10542078560493758,0.0012666570361319599,0.0017893185632366479,129.45630247839202,16.21278568664617,6.984827837761405,0.014316745139998954,0.014316745139998954,0.049261087828326534,0.06571533385754731
1.280000000000001,3,0.1995,0.000889794539129012,0.033658900663991645,0.10574255505390476,0.001301120067927482,0.0018405297615757424,138.08312186695989,25.523649667385058,4.4100069412646326,0.02267570127028498,0.02267570127028498,0.049261087828326534,0.06571533385754731
1.280000000000001,4,0.266,0.0008940734273192125,0.033739733898768685,0.1059965001504462,0.0013260305220482312,0.0018809463789642713,147.19378380909038,35.170107138170216,3.185195775230965,0.031395244454871477,0.031395244454871477,0.049261087828326534,0.06571533385754731
1.280000000000001,5,0.3325,0.0008999960262724001,0.03385130028159223,0.10634699627911225,0.0013577492604888125,0.0019367295703760252,156.01879398018824,44.72871356429239,2.488112703172854,0.0401911054400709,0.0401911054400709,0.049261087828326534,0.06571533385754731
1.280000000000001,6,0.399,0.0009135920873984679,0.03410603426716264,0.10714726669679989,0.0014239350081059277,0.0020640965631612313,163.65144781620376,54.01038181752339,2.029999831682506,0.049261087828326534,0.049261087828326534,0.049261087828326534,0.06571533385754731
1.290000000000001,0,0.0,0.0008441588302717901,0.032784392700482064,0.1029952072602373,0.001003857082369363,0.0014032757798209561,123.35059759155621,4.7442537535213924,25.0,0.0,0.0,0.04923798634571922,0.06620771372100451
1.290000000000001,1,0.0665,0.0008584562714201875,0.033060860124898214,0.10386375528973996,0.0010871696547309225,0.0015415094920290266,124.46902294122516,7.827478385594959,14.901547958316643,0.006710712221289024,0.006710712221289024,0.04923798634571922,0.06620771372100451
1.290000000000001,2,0.133,0.000885721812120375,0.03358178132300533,0.10550027749881247,0.0012651527845924904,0.0018019700910825729,129.25399569360602,16.181398569425404,6.98781360826438,0.014310627845272166,0.014310627845272166,0.04923798634571922,0.06620771372100451
1.290000000000001,3,0.1995,0.0008911692504982402,0.03368489172887981,0.10582420839241641,0.0012995532444082972,0.0018535252940198254,137.8586741177906,25.473178812451447,4.411914827465681,0.02266589540157615,0.02266589540157615,0.04923798634571922,0.06620771372100451
1.290000000000001,4,0.266,0.000895477781942469,0.033766221633473925,0.10607971382320643,0.001324386735261884,0.00189419024631689,146.94727648079976,35.09963964873356,3.1865750745991437,0.03138165511841253,0.03138165511841253,0.04923798634571922,0.06620771372100451
1.290000000000001,5,0.3325,0.0009014386435809672,0.03387841980021668,0.1064321947595917,0.0013559759312224877,0.00195028932968825,155.74884497456225,44.63724327763075,2.489212897979596,0.04017334157362208,0.04017334157362208,0.04923798634571922,0.06620771372100451
1.290000000000001,6,0.399,0.0009151161424014396,0.03413447026879145,0.10723660103061443,0.0014218000814402911,0.0020783145639756344,163.35297602093647,53.89493519578155,2.0309522671756066,0.04923798634571922,0.04923798634571922,0.04923798634571922,0.06620771372100451
1.300000000000001,0,0.0,0.0008451921184042512,0.032804451345065606,0.10305822335070192,0.0010029322291771653,0.0014133051021127277,123.1995641939984,4.738444776692246,25.0,0.0,0.0,0.04921494718333052,0.06669986319283781
1.300000000000001,1,0.0665,0.0008595845585560137,0.03308257928271668,0.1039319880363846,0.0010859578909232627,0.0015523690709382592,124.30225609312913,7.814086189535826,14.907459052548916,0.006708051294824905,0.006708051294824905,0.04921494718333052,0.06669986319283781
1.300000000000001,2,0.133,0.0008870554714211558,0.03360705438724298,0.10557967517175516,0.001263653211882619,0.001814606623201399,129.0523988832275,16.15013247002396,6.990795067641701,0.014304524597333727,0.014304524597333727,0.04921494718333052,0.06669986319283781
1.300000000000001,3,0.1995,0.0008925433689416798,0.03371085155743908,0.10590576359910665,0.0012979914279634536,0.00186650520829946,137.6350368631537,25.42290662628633,4.41381986278643,0.022656112643634336,0.022656112643634336,0.04921494718333052,0.06669986319283781
1.300000000000001,4,0.266,0.0008968814992810286,0.0337926766004998,0.10616282455326588,0.0013227483512939136,0.0019074177298298292,146.7016838068846,35.02945472814615,3.1879522517662795,0.03136809842261445,0.03136809842261445,0.04921494718333052,0.06669986319283781
1.300000000000001,5,0.3325,0.0009028805339450881,0.03390550397782762,0.10651728221300276,0.001354208880547344,0.0019638314184937233,155.47993529178822,44.546151043589425,2.4903113209410073,0.04015562197348614,0.04015562197348614,0.04921494718333052,0.06669986319283781
1.300000000000001,6,0.399,0.0009166391853908458,0.03416286374257069,0.10732580175924918,0.001419673688961978,0.002092511300865254,163.05574808434915,53.7800011419109,2.031903023841317,0.04921494718333052,0.04921494718333052,0.04921494718333052,0.06669986319283781
1.310000000000001,0,0.0,0.0008462250871746987,0.03282449153814552,0.10312118147405828,0.001002009653995503,0.0014233251986526827,123.0489467842592,4.732651799394585,25.0,0.0,0.0,0.049191968762635874,0.06719178288046417
1.310000000000001,1,0.0665,0.0008607123301436607,0.033104274276595395,0.10400014486977366,0.0010847496939359199,0.0015632165678776185,124.13600871805663,7.800740704416941,14.913361746246512,0.006705396254816164,0.006705396254816164,0.049191968762635874,0.06719178288046417
1.310000000000001,2,0.133,0.0008883885544967679,0.03363229755273038,0.10565897891500374,0.0012621582743701956,0.001827228205945101,128.85150830756066,16.118986811707057,6.99377217766424,0.014298435445090196,0.014298435445090196,0.049191968762635874,0.06719178288046417
1.310000000000001,3,0.1995,0.0008939168959177546,0.03373678024929753,0.10598722098696635,0.0012964345929223208,0.0018794695542286833,137.4122054910542,25.372831854147865,4.415722071582267,0.022646352822691902,0.022646352822691902,0.049191968762635874,0.06719178288046417
1.310000000000001,4,0.266,0.0008982845809558617,0.033819098907257386,0.10624583267806641,0.001321115337879082,0.00192062888320862,146.45700032548766,34.95955046152738,3.1893273337900054,0.03135457403212545,0.03135457403212545,0.049191968762635874,0.06719178288046417
1.310000000000001,5,0.3325,0.0009043216993979225,0.03393255293719498,0.1066022590250385,0.0013524479683680254,0.0019773558981774036,155.21205839274296,44.455434187926656,2.4914079960756728,0.04013794615635594,0.04013794615635594,0.049191968762635874,0.06719178288046417
1.310000000000001,6,0.399,0.0009181612201424585,0.0341912148647524,0.10741486943641627,0.0014175561090854641,0.002106686861956109,162.75975448182692,53.66557479392604,2.032852160939648,0.049191968762635874,0.049191968762635874,0.049191968762635874,0.06719178288046417
1.320000000000001,0,0.0,0.0008472577371817733,0.032844513325099904,0.10318408177286592,0.0010010893477193593,0.0014333360921298763,122.8987435804178,4.726874753092993,25.0,0.0,0.0,0.049169050583386734,0.06768347338629803
1.320000000000001,1,0.0665,0.0008618395874078772,0.03312594517754846,0.10406822601300447,0.0010835450476531351,0.0015740520183541498,123.97027802302803,7.787441437767193,14.919256538071977,0.0067027468657579,0.0067027468657579,0.049169050583386734,0.06768347338629803
1.320000000000001,2,0.133,0.0008897210626675514,0.033657510911713574,0.10573818901835766,0.001260667949159804,0.001839834885436699,128.6513198476209,16.08796061271327,6.996745078177039,0.014292360073529279,0.014292360073529279,0.049169050583386734,0.06768347338629803
1.320000000000001,3,0.1995,0.0008952898328786686,0.03376267790357358,0.1060685808673852,0.0012948827138026596,0.0018924183813667098,137.1901754035451,25.32295323035489,4.417621481806229,0.02263661574714932,0.02263661574714932,0.049169050583386734,0.06768347338629803
1.320000000000001,4,0.266,0.000899687028599779,0.03384548866095028,0.10632873853439805,0.0013194876846448665,0.0019338237600550687,146.21322056093285,34.88992489265997,3.1907003529174327,0.03134108156178455,0.03134108156178455,0.049169050583386734,0.06768347338629803
1.320000000000001,5,0.3325,0.0009057621420651385,0.033959566802321886,0.10668712558526626,0.0013506932563452294,0.001990862830740856,154.94520728174768,44.365089535399434,2.4925029771012865,0.04012031316259341,0.04012031316259341,0.049169050583386734,0.06768347338629803
1.320000000000001,6,0.399,0.0009196822500528905,0.03421952380379295,0.10750380459133699,0.0014154469520275374,0.002120841331476384,162.46498687914766,53.55165248185699,2.033799693374353,0.049169050583386734,0.049169050583386734,0.049169050583386734,0.06768347338629803
1.330000000000001,0,0.0,0.0008482900690220755,0.03286451675112578,0.10324692438911545,0.0010001713012940284,0.0014433378051428166,122.74895281090544,4.721113569650209,25.0,0.0,0.0,0.049146192493926794,0.06817493531123729
1.330000000000001,1,0.0665,0.0008629663315925423,0.03314759205671902,0.10413623168957986,0.001082343958528057,0.0015848754579394304,123.80506169116119,7.774188358031669,14.925143048953235,0.006700103286917136,0.006700103286917136,0.049146192493926794,0.06817493531123729
1.330000000000001,2,0.133,0.0008910529972484237,0.0336826945559806,0.10581730577017757,0.0012591822133513958,0.001852426707570213,128.45182989696397,16.05705338107351,6.999713698926259,0.014286298597518322,0.014286298597518322,0.049146192493926794,0.06817493531123729
1.330000000000001,3,0.1995,0.0008966621812456563,0.033788544618412575,0.10614984354869589,0.0012933357419494993,0.0019053517387862047,136.96894212803713,25.27326958983218,4.419518105530035,0.022626901307378388,0.022626901307378388,0.049146192493926794,0.06817493531123729
1.330000000000001,4,0.266,0.0009010888438195708,0.03387184596786488,0.10641154245616938,0.0013178653457302657,0.0019470024135123712,145.97033951582588,34.820576519204444,3.1920713011549213,0.031327621022694284,0.031327621022694284,0.049146192493926794,0.06817493531123729
1.330000000000001,5,0.3325,0.0009072018640728956,0.03398654569671747,0.1067718822817014,0.001348944719779238,0.0020043522779386483,154.67937660606262,44.27511553593231,2.4935962274458583,0.04010272348800754,0.04010272348800754,0.049146192493926794,0.06817493531123729
1.330000000000001,6,0.399,0.0009212022788653335,0.03424779073387788,0.10759260777123135,0.001413346504246506,0.002134974796518849,162.1714374560882,53.43823096629343,2.034745621695057,0.049146192493926794,0.049146192493926794,0.049146192493926794,0.06817493531123729
1.340000000000001,0,0.0,0.0008493220832901748,0.032884501861240076,0.1033097094642317,0.0009992555057147599,0.0014533303601999641,122.59957271442907,4.715368181324195,25.0,0.0,0.0,0.04912339502303277,0.06866616926146762
1.340000000000001,1,0.0665,0.0008640925639135733,0.03316921498447555,0.10420416212056888,0.0010811463878265197,0.0015956869218176955,123.64035724278814,7.760981258956662,14.93102123524643,0.006697465526600301,0.006697465526600301,0.04912339502303277,0.06866616926146762
1.340000000000001,2,0.133,0.0008923843595704493,0.03370784857727142,0.10589632945867304,0.0012577010645408021,0.0018650037182156212,128.25303482060377,16.026264573715526,7.00267799340777,0.01428025108310545,0.01428025108310545,0.04912339502303277,0.06866616926146762
1.340000000000001,3,0.1995,0.000898033942458554,0.033814380491924624,0.10623100933912041,0.0012917936756023697,0.0019182696755422285,136.74850138654728,25.223779934507753,4.4214119272213654,0.02261720953533614,0.02261720953533614,0.04912339502303277,0.06866616926146762
1.340000000000001,4,0.266,0.0009024900282690034,0.033898170934745876,0.1064942447787287,0.001316248344049557,0.001960164896952867,145.72835198028915,34.75150359748588,3.1934401937886787,0.031314192197650206,0.031314192197650206,0.04912339502303277,0.06866616926146762
1.340000000000001,5,0.3325,0.0009086408674073052,0.03401348974076963,0.10685652949255366,0.0013472022026080552,0.002017824299964729,154.41456006174056,44.18550965938735,2.494687766466324,0.04008517672800714,0.04008517672800714,0.04912339502303277,0.06866616926146762
1.340000000000001,6,0.399,0.0009227213102997953,0.03427601582803264,0.10768127951967482,0.0014112547077379388,0.0021490873435962283,161.8790991341354,53.3253077527546,2.035689918278499,0.04912339502303277,0.04912339502303277,0.04912339502303277,0.06866616926146762
1.350000000000001,0,0.0,0.0008503537805786194,0.032904468700280604,0.10337243713907683,0.0009983419520264078,0.0014633137797202282,122.45060153989652,4.7096385207652505,25.0,0.0,0.0,0.04910065735065819,0.0691571758349742
1.350000000000001,1,0.0665,0.0008652182855591819,0.033190814030419784,0.10427201752463182,0.0010799522972114875,0.0016064864447898105,123.47616191439147,7.747819632300009,14.936891638472034,0.006694833330814033,0.006694833330814033,0.04910065735065819,0.0691571758349742
1.350000000000001,2,0.133,0.000893715150937986,0.03373297306647012,0.10597526036936489,0.0012562244599350994,0.0018775659628149722,128.05493056887974,15.995593213241666,7.005638106805051,0.01427421720554809,0.01427421720554809,0.04910065735065819,0.0691571758349742
1.350000000000001,3,0.1995,0.0008994051179510407,0.0338401856217199,0.10631207854531018,0.0012902564897636665,0.0019311722404398652,136.52884885090282,25.174483194935206,4.423302945038043,0.022607540392904277,0.022607540392904277,0.04910065735065819,0.0691571758349742
1.350000000000001,4,0.266,0.0009038905835202334,0.033924463666382444,0.10657684583128095,0.001314636581828514,0.0019733112627711522,145.48725315340212,34.682704773180895,3.19480701130043,0.03130079521119353,0.03130079521119353,0.04910065735065819,0.0691571758349742
1.350000000000001,5,0.3325,0.0009100791542033162,0.034040399057161365,0.10694106760324307,0.0013454658195869418,0.0020312789581605982,154.15075157926216,44.09626956445066,2.4957776043607725,0.0400676726264688,0.0400676726264688,0.04910065735065819,0.0691571758349742
1.350000000000001,6,0.399,0.0009242393477020572,0.03430419925161483,0.10776982035615362,0.0014091711791092518,0.002163179055387321,161.5879634363434,53.212878907831026,2.036632611368889,0.04910065735065819,0.04910065735065819,0.04910065735065819,0.0691571758349742
1.360000000000001,0,0.0,0.0008513851614779472,0.032924417312907066,0.10343510755395344,0.000997430631323083,0.0014732880860334591,122.30203754634181,4.703924521013146,25.0,0.0,0.0,0.04907797885731577,0.06964795562354736
1.360000000000001,1,0.0665,0.0008663434977602382,0.033212389264738455,0.10433979812226685,0.001078761715933682,0.0016172740619491473,123.31247344269103,7.734703452114602,14.94275387623018,0.006692206860147282,0.006692206860147282,0.04907797885731577,0.06964795562354736
1.360000000000001,2,0.133,0.0008950453726501096,0.033758068114012975,0.106054098786367,0.0012547523771426626,0.0018901134865863987,127.85751349953141,15.965038704797953,7.008594019951017,0.01426819697578929,0.01426819697578929,0.04907797885731577,0.06964795562354736
1.360000000000001,3,0.1995,0.0009007757091508249,0.03386596010491493,0.10639305147236577,0.0012887241597515414,0.0019440594820373806,136.30997976613511,25.125377850801634,4.425191237941367,0.022597893429464708,0.022597893429464708,0.04907797885731577,0.06964795562354736
1.360000000000001,4,0.266,0.0009052905111391318,0.03395072426702928,0.1066593459413519,0.001313030032341993,0.001986441563094572,145.24703754606438,34.61417796858486,3.196171802140952,0.03128742952209738,0.03128742952209738,0.04907797885731577,0.06964795562354736
1.360000000000001,5,0.3325,0.0009115167265212653,0.03406727376668731,0.10702549699325714,0.0013437354762974737,0.002044716312923573,153.8879452947215,44.007393105236325,2.496865740870499,0.04005021109590632,0.04005021109590632,0.04907797885731577,0.06964795562354736
1.360000000000001,6,0.399,0.0009257563947530525,0.034332341175501595,0.10785823081749417,0.00140709619433857,0.0021772500173307067,161.29802223630642,53.10094076749566,2.0375737210109985,0.04907797885731577,0.04907797885731577,0.04907797885731577,0.06964795562354736
1.370000000000001,0,0.0,0.0008524162265766941,0.03294434774360202,0.10349772084860757,0.0009965215347478057,0.0014832533013809373,122.1538790028511,4.698226115494273,25.0,0.0,0.0,0.04905535991581378,0.07013850922270551
1.370000000000001,1,0.0665,0.0008674682017198161,0.03323394075685231,0.10440750413156562,0.0010775746056925365,0.0016280498080060728,123.14928937825329,7.721632497892934,14.948607941631261,0.0066895861066436895,0.0066895861066436895,0.04905535991581378,0.07013850922270551
1.370000000000001,2,0.133,0.0008963750260005945,0.0337831338098905,0.10613284499239296,0.0012532847938762548,0.0019026463345251613,127.66078014182776,15.93460060311523,7.011545649714619,0.014262190534845932,0.014262190534845932,0.04905535991581378,0.07013850922270551
1.370000000000001,3,0.1995,0.0009021457174547605,0.03389170403766792,0.10647392842237706,0.0012871966376492839,0.0019569314484138736,136.09189024000767,25.076463220698344,4.427076738942842,0.02258826894061913,0.02258826894061913,0.04905535991581378,0.07013850922270551
1.370000000000001,4,0.266,0.0009066898126786068,0.033976952840284534,0.10674174543440475,0.0013114286627625516,0.0019995558497221976,145.00770043187973,34.54592184307127,3.197534548089163,0.03127409524308649,0.03127409524308649,0.04905535991581378,0.07013850922270551
1.370000000000001,5,0.3325,0.0009129535864317543,0.03409411398984729,0.10710981804115724,0.0013420111579986829,0.00205813642450356,153.62613518881926,43.91887794336811,2.497952187824901,0.040032791855425895,0.040032791855425895,0.04905535991581378,0.07013850922270551
1.370000000000001,6,0.399,0.0009272724551216537,0.03436044176963607,0.10794651143758854,0.001405029706723752,0.002191300314397944,161.00926848641927,52.9894907492369,2.038513226110556,0.04905535991581378,0.04905535991581378,0.04905535991581378,0.07013850922270551
1.380000000000001,0,0.0,0.000853446976461406,0.03296426003667186,0.10356027716223193,0.000995614653492164,0.0014932094479158588,122.0061241884898,4.692543238018839,25.0,0.0,0.0,0.04903280008769776,0.07062883722358249
1.380000000000001,1,0.0665,0.0008685923986367593,0.0332554685758702,0.10447513576964004,0.0010763909508947718,0.0016388137175150205,122.98660723181699,7.708606491567318,14.954453942662115,0.006686971011005603,0.006686971011005603,0.04903280008769776,0.07062883722358249
1.380000000000001,2,0.133,0.0008977041122995942,0.03380817024405815,0.10621149927004611,0.0012518217083822573,0.0019151645516089838,127.46472668439519,15.90427810053015,7.014493074045675,0.014256197695883398,0.014256197695883398,0.04903280008769776,0.07062883722358249
1.380000000000001,3,0.1995,0.0009035151442784814,0.03391741751611491,0.10655470969736439,0.0012856739223498115,0.001969788187637372,135.87457571358442,25.027737929848367,4.428959504627817,0.022578666590992776,0.022578666590992776,0.04903280008769776,0.07062883722358249
1.380000000000001,4,0.266,0.0009080884898768688,0.03400314949280531,0.10682404464551265,0.0013098326260387167,0.002012654175982585,144.76923652215362,34.47793446751494,3.198895286449222,0.0312607919438964,0.0312607919438964,0.04903280008769776,0.07062883722358249
1.380000000000001,5,0.3325,0.0009143897358898408,0.03412091984450136,0.10719403111721165,0.0013402927327033274,0.002071539351830593,153.36531511274603,43.8307215844525,2.499036966964909,0.04001541446641761,0.04001541446641761,0.04903280008769776,0.07062883722358249
1.380000000000001,6,0.399,0.0009287875320949464,0.0343885011961886,0.10803466272590992,0.001402971327626733,0.0022053300276742116,160.72169432461504,52.87852541814681,2.039451139260754,0.04903280008769776,0.04903280008769776,0.04903280008769776,0.07062883722358249
1.390000000000001,0,0.0,0.0008544774117166458,0.03298415423624778,0.10362277663346868,0.0009947099787959732,0.0015031565477038186,121.85877139222957,4.6868758227780605,25.0,0.0,0.0,0.04901029901858813,0.07111894021376837
1.390000000000001,1,0.0665,0.0008697160897057321,0.03327697279059158,0.10454269325262995,0.0010752107360690753,0.0016495658248757113,122.82442444638524,7.6956250728836215,14.960292150818336,0.00668436144106517,0.00668436144106517,0.04901029901858813,0.07111894021376837
1.390000000000001,2,0.133,0.0008990326328306271,0.03383317750562785,0.10629006189927989,0.0012503630784853187,0.001927668182393837,127.26934935231337,15.874070406964591,7.017436365689496,0.014250218283265408,0.014250218283265408,0.04901029901858813,0.07111894021376837
1.390000000000001,3,0.1995,0.0009048839910561496,0.033943100636365985,0.10663539559926641,0.0012841560125534798,0.001982629747762907,135.65803220956622,24.979201164784072,4.430839493811286,0.022569086544361093,0.022569086544361093,0.04901029901858813,0.07111894021376837
1.390000000000001,4,0.266,0.0009094865441817705,0.03402931432539824,0.10690624389136902,0.001308241629646575,0.0020257365922790507,144.53164181232052,34.41021519500992,3.2002539360253732,0.031247520352774644,0.031247520352774644,0.04901029901858813,0.07111894021376837
1.390000000000001,5,0.3325,0.0009158251769779165,0.034147691450409384,0.10727813659765711,0.0013385802954014225,0.0020849251547846075,153.10548045616076,43.742923031251856,2.5001200159115,0.03999807983759602,0.03999807983759602,0.04901029901858813,0.07111894021376837
1.390000000000001,6,0.399,0.000930301629300271,0.03441651962294644,0.10812268520957748,0.0014009213378918678,0.0022193392410531304,160.43529210871813,52.76804147881046,2.040387469622926,0.04901029901858813,0.04901029901858813,0.04901029901858813,0.07111894021376837
1.400000000000001,0,0.0,0.0008555075329250062,0.03300403038628672,0.10368521940041267,0.0009938075019469412,0.001513094622723288,121.71181891287674,4.681223804341413,25.0,0.0,0.0,0.048987856453223615,0.07160881877830061
1.400000000000001,1,0.0665,0.0008708392761171385,0.03329845346950642,0.10461017679570292,0.0010740339457418716,0.00166030616433313,122.66273878360946,7.682688185908153,14.966122249839792,0.006681757527476463,0.006681757527476463,0.048987856453223615,0.07160881877830061
1.400000000000001,2,0.133,0.0009003605888719935,0.0338581556832746,0.10636853315867498,0.001248908882337467,0.0019401572712172117,127.07464479258753,15.84397713022753,7.020375423930106,0.0142442524738967,0.0142442524738967,0.048987856453223615,0.07160881877830061
1.400000000000001,3,0.1995,0.0009062522591422064,0.03396875349266493,0.10671598642415876,0.0012826428149470145,0.0019954561759123767,135.44225534067584,24.93085168186712,4.432716742652905,0.02255952857031684,0.02255952857031684,0.048987856453223615,0.07160881877830061
1.400000000000001,4,0.266,0.0009108839772222304,0.03405544744185557,0.10698834349804677,0.0013066558228664702,0.0020388031505077153,144.2949105383829,34.342761559679666,3.201610586487991,0.03123427952857161,0.03123427952857161,0.048987856453223615,0.07160881877830061
1.400000000000001,5,0.3325,0.0009172599117235478,0.03417442892583145,0.10736213485401862,0.0013368737711033933,0.0020982938924956414,152.8466241942493,43.65547886017499,2.5012014112548124,0.03998078665317545,0.03998078665317545,0.048987856453223615,0.07160881877830061
1.400000000000001,6,0.399,0.0009318147499971383,0.03444449721020566,0.10821057939217624,0.0013988793629613205,0.002233328034682744,160.1500543058118,52.65803574919026,2.04132222228351,0.048987856453223615,0.048987856453223615,0.048987856453223615,0.07160881877830061
1.410000000000001,0,0.0,0.0008565373406671168,0.03302388853057233,0.10374760560061426,0.0009929072142803304,0.0015230236948660914,121.56526505900052,4.675587117653866,25.0,0.0,0.0,0.04896547184781093,0.07209847349677871
1.410000000000001,1,0.0665,0.0008719619590571944,0.03331991068079809,0.10467758661306337,0.0010728605645837716,0.0016710347699789678,122.501547862977,7.66979561831966,14.97194422891484,0.006679159264223893,0.006679159264223893,0.04896547184781093,0.07209847349677871
1.410000000000001,2,0.133,0.00090168798169694,0.0338831048652419,0.10644691332545654,0.0012474590983652556,0.0019526318622008643,126.88060930531728,15.813997510054378,7.023310312566313,0.014238300110572798,0.014238300110572798,0.04896547184781093,0.07209847349677871
1.410000000000001,3,0.1995,0.0009076199499590648,0.03399437618016296,0.1067964824709678,0.0012811343749017108,0.002008267519661394,135.22724075753732,24.88268824336994,4.434591288325487,0.022549992434085227,0.022549992434085227,0.04896547184781093,0.07209847349677871
1.410000000000001,4,0.266,0.0009122807905407985,0.03408154894394914,0.10707034378527158,0.001305075104678347,0.0020518539015544988,144.05903800812942,34.27557216547273,3.202965228783149,0.031221069495653373,0.031221069495653373,0.04896547184781093,0.07209847349677871
1.410000000000001,5,0.3325,0.0009186939420668994,0.03420113238692852,0.10744602625122658,0.0013351730548531568,0.0021116456230441728,152.5887411955374,43.56838750745546,2.5022811245751586,0.03996353527902592,0.03996353527902592,0.04896547184781093,0.07209847349677871
1.410000000000001,6,0.399,0.0009333268977772337,0.034472434123730904,0.1082983457944711,0.0013968456762621184,0.002247296491445365,159.86597319721375,52.54850478376878,2.042255414403214,0.04896547184781093,0.04896547184781093,0.04896547184781093,0.07209847349677871
1.420000000000001,0,0.0,0.0008575668355216543,0.0330437287127159,0.10380993537108239,0.00099200910717863,0.0015329437859378776,121.4191081488628,4.6699656980331845,25.0,0.0,0.0,0.04894314500113098,0.07258790494679002
1.420000000000001,1,0.0665,0.0008730841396847565,0.0333413444919024,0.1047449229165671,0.0010716905552153539,0.0016817516755311213,122.340849089049,7.656946928770552,14.977758527927113,0.006676566444407738,0.006676566444407738,0.04894314500113098,0.07258790494679002
1.420000000000001,2,0.133,0.000903014812573692,0.03390802513934475,0.1065252026755035,0.0012460137051423957,0.001965091999252288,126.68723921537546,15.784130789992998,7.02624109625942,0.014232361034869313,0.014232361034869313,0.04894314500113098,0.07258790494679002
1.420000000000001,3,0.1995,0.0009089870648740494,0.034019968792613355,0.10687688403422814,0.0012796306225196943,0.002021063825886591,135.0129845146849,24.83471000175669,4.436463099634935,0.022540478249042293,0.022540478249042293,0.04894314500113098,0.07258790494679002
1.420000000000001,4,0.266,0.0009136769856941004,0.03410761893331389,0.10715224507233906,0.0013034994682375675,0.0020648888962368746,143.82401954439615,34.20864559717079,3.20431785689554,0.03120789024871698,0.03120789024871698,0.04894314500113098,0.07258790494679002
1.420000000000001,5,0.3325,0.0009201272700380275,0.034227801951069343,0.10752981115800583,0.0013334782070411996,0.002124980405114585,152.33182531542292,43.481646359178114,2.5033591887734192,0.03994632510127218,0.03994632510127218,0.04894314500113098,0.07258790494679002
1.420000000000001,6,0.399,0.0009348380758617785,0.03450033052176959,0.10838598491361105,0.0013948199019341498,0.0022612446904647066,159.58304143580003,52.43944551227615,2.04318704892563,0.04894314500113098,0.04894314500113098,0.04894314500113098,0.07258790494679002
1.430000000000001,0,0.0,0.0008585960180653533,0.033063550976157326,0.10387220884828749,0.0009911131720712273,0.00154285491765859,121.27334651034779,4.664359481167223,25.0,0.0,0.0,0.0489208753499985,0.07307711370029
1.430000000000001,1,0.0665,0.0008742058192010667,0.033362754970841305,0.1048121859199114,0.0010705239469449505,0.0016924569150005707,122.18064025875418,7.6441420512539375,14.983564857839315,0.006673979186447114,0.006673979186447114,0.0489208753499985,0.07307711370029
1.430000000000001,2,0.133,0.0009043410827654357,0.0339329165929716,0.10660340148335477,0.0012445726813425622,0.0019775377260657138,126.49453100732701,15.754376352511377,7.029167780237949,0.014226435209178467,0.014226435209178467,0.0489208753499985,0.07307711370029
1.430000000000001,3,0.1995,0.000910353605273349,0.03404553142376034,0.10695719140844595,0.001278131557349393,0.002033845141460085,134.79948212652494,24.786915540820925,4.438332248501319,0.02253098560473177,0.02253098560473177,0.0489208753499985,0.07307711370029
1.430000000000001,4,0.266,0.0009150725641975803,0.03413365751041873,0.10723404767488155,0.00130192885524208,0.0020779081847892952,143.58985006133787,34.14198000906532,3.2056685061385473,0.031194741380311038,0.031194741380311038,0.0489208753499985,0.07307711370029
1.430000000000001,5,0.3325,0.000921559897541007,0.034254437732814925,0.10761348993426038,0.0013317890872792553,0.0021382982959873777,152.0758711535497,43.395253530003835,2.504435595667236,0.039929156163170505,0.039929156163170505,0.0489208753499985,0.07307711370029
1.430000000000001,6,0.399,0.0009363482878094398,0.03452818656813648,0.10847349726423533,0.0013928023183445613,0.002275172713648152,159.30125140946586,52.33085452248069,2.0441171439505545,0.0489208753499985,0.0489208753499985,0.0489208753499985,0.07307711370029
1.440000000000001,0,0.0,0.0008596248888730143,0.033083355364166005,0.1039344261681644,0.00099021940043408,0.0015527571116629307,121.12797848089238,4.658768403111246,25.0,0.0,0.0,0.04889866279510067,0.07356610032824101
1.440000000000001,1,0.0665,0.0008753269987799516,0.03338414218489045,0.10487937583444894,0.0010693607024571037,0.0017031505220251417,122.02091897486157,7.6313807178529185,14.989363325748482,0.006671397432085835,0.006671397432085835,0.04889866279510067,0.07356610032824101
1.440000000000001,2,0.133,0.0009056667935518017,0.03395777931348943,0.10668151002348183,0.0012431360258913855,0.0019899690863246274,126.30248136072902,15.724733754478121,7.032090293723437,0.01422052274972294,0.01422052274972294,0.04889866279510067,0.07356610032824101
1.440000000000001,3,0.1995,0.0009117195725127116,0.034071064166418724,0.10703740488520751,0.0012766371329190902,0.0020466115127892757,134.58672998274272,24.739304300308785,4.440198655103768,0.02252151486174057,0.02252151486174057,0.04889866279510067,0.07356610032824101
1.440000000000001,4,0.266,0.0009164675276567952,0.03415966477701879,0.10731575191257224,0.0013003633300028039,0.0020909118180893233,143.35652511363855,34.075574167754596,3.2070171556872986,0.031181623030192028,0.031181623030192028,0.04889866279510067,0.07356610032824101
1.440000000000001,5,0.3325,0.0009229918266830658,0.034281039850042806,0.10769706295031342,0.0013301058613941175,0.002151599354601319,151.8208727590501,43.30920654307278,2.505510372443744,0.039912027944416464,0.039912027944416464,0.04889866279510067,0.07356610032824101
1.440000000000001,6,0.399,0.0009378575368116106,0.03455600241921013,0.10856088333762165,0.0013907925536825825,0.0022890806391849777,159.0205960043403,52.222728905178755,2.0450456982643574,0.04889866279510067,0.04889866279510067,0.04889866279510067,0.07356610032824101
1.450000000000001,0,0.0,0.0008606534485175139,0.033103141919841796,0.1039965874661153,0.0009893277837893948,0.0015626503895008247,120.98300240741763,4.653192400285294,25.0,0.0,0.0,0.04887650837314615,0.07405486541197248
1.450000000000001,1,0.0665,0.0008764476795678858,0.03340550620058323,0.10494649286920056,0.0010682007846390812,0.0017138325298715325,121.86168312105055,7.61866292473303,14.995153522994425,0.006668821352622652,0.006668821352622652,0.04887650837314615,0.07405486541197248
1.450000000000001,2,0.133,0.0009069919461643703,0.03398261338703635,0.10675952856649555,0.0012417036773458615,0.002002386123098086,126.1110869119727,15.695202491804576,7.035008594366528,0.014214623714898898,0.014214623714898898,0.04887650837314615,0.07405486541197248
1.450000000000001,3,0.1995,0.0009130849679911509,0.034096567113854344,0.10711752475751614,0.0012751473717811327,0.002059362986507087,134.37472386837598,24.69187509021644,4.442062353604677,0.022512065801789403,0.022512065801789403,0.04887650837314615,0.07405486541197248
1.450000000000001,4,0.266,0.0009178618775690095,0.03418564083245665,0.10739735809750507,0.0012988027718930574,0.002103899845808254,143.12404026246492,34.0094268340133,3.2083637857526197,0.031168535327592832,0.031168535327592832,0.04887650837314615,0.07405486541197248
1.450000000000001,5,0.3325,0.0009244230593792714,0.03430760841659981,0.1077805305638253,0.0013284283278499854,0.0021648836378798187,151.56682605294952,43.22350479151684,2.506583438432703,0.03989494164316638,0.03989494164316638,0.04887650837314615,0.07405486541197248
1.450000000000001,6,0.399,0.0009393658263870356,0.03458377823675139,0.10864814364195674,0.0013887908770633902,0.0023029685479556117,158.7410694371285,52.11506700613536,2.045972663115646,0.04887650837314615,0.04887650837314615,0.04887650837314615,0.07405486541197248
1.460000000000001,0,0.0,0.000861681697569813,0.0331229106861159,0.10405869287701257,0.0009884383137053073,0.0015725347726378777,120.83841664626021,4.647631409471547,25.0,0.0,0.0,0.0488544103748778,0.07454340951572126
1.460000000000001,1,0.0665,0.000877567862753799,0.033426847085043135,0.10501353723504091,0.0010670442229949756,0.0017245029721014821,121.70292996237302,7.605988032761298,15.000936293636222,0.006666250562134748,0.006666250562134748,0.0488544103748778,0.07454340951572126
1.460000000000001,2,0.133,0.0009083165418730106,0.03400741890014309,0.1068374573842402,0.001240275655337148,0.0020147888796514576,125.92034366516552,15.665781402627605,7.03792293718876,0.014208737562554809,0.014208737562554809,0.0488544103748778,0.07454340951572126
1.460000000000001,3,0.1995,0.0009144497930531177,0.03412204035795801,0.10719755131405531,0.0012736622051832856,0.00207209960855892,134.1634594174526,24.644626553511344,4.443923409678818,0.02250263804776677,0.02250263804776677,0.0488544103748778,0.07454340951572126
1.460000000000001,4,0.266,0.0009192556154696473,0.03421158577639767,0.10747886654278799,0.0012972471970510656,0.002116872317778765,142.892390215063,33.94353587888157,3.2097084618684475,0.031155477573121277,0.031155477573121277,0.0488544103748778,0.07454340951572126
1.460000000000001,5,0.3325,0.0009258535974902675,0.03433414354487266,0.10786389312786936,0.0013267564136424546,0.0021781512020162433,151.31372383502702,43.1381444989299,2.5076548978313284,0.039877895513645865,0.039877895513645865,0.0488544103748778,0.07454340951572126
1.460000000000001,6,0.399,0.0009408731600389521,0.03461151418157734,0.10873527868246231,0.0013867972412972785,0.0023168365203685847,158.46266299403052,52.00786424473239,2.0468981046473256,0.0488544103748778,0.0488544103748778,0.0488544103748778,0.07454340951572126
1.470000000000001,0,0.0,0.0008627096365989678,0.03314266170575181,0.10412074253520164,0.0009875509817955646,0.0015824102824558333,120.69421956310495,4.642085367811728,25.0,0.0,0.0,0.04883236887160652,0.07503173320443733
1.470000000000001,1,0.0665,0.0008786875494761539,0.03344816490421371,0.10508050913913775,0.0010658909585290945,0.0017351618816867731,121.54465740318722,7.593356034651414,15.006711241845112,0.006663685226457703,0.006663685226457703,0.04883236887160652,0.07503173320443733
1.470000000000001,2,0.133,0.0009096405819209893,0.03403219593851841,0.10691529674597783,0.0012388519187660648,0.002027177398839118,125.73024865649023,15.636470342387105,7.04083312303945,0.014202864668496944,0.014202864668496944,0.04883236887160652,0.07503173320443733
1.470000000000001,3,0.1995,0.0009158140490372633,0.03414748399016055,0.10727748484206345,0.0012721816101270722,0.0020848214246601904,133.95293318537702,24.597558226927763,4.4457817296163284,0.022493232030226105,0.022493232030226105,0.04883236887160652,0.07503173320443733
1.470000000000001,4,0.266,0.0009206487428494049,0.03423749970728844,0.10756027755770006,0.0012956965445386124,0.002129829283224151,142.66157084064025,33.877900317278744,3.2110511426199153,0.03114245010697943,0.03114245010697943,0.04883236887160652,0.07503173320443733
1.470000000000001,5,0.3325,0.0009272834429994023,0.03436064534907651,0.10794715100126306,0.0013250902101928808,0.0021914021041181723,151.06156106739925,43.05312401960649,2.5087247326954825,0.039860889756747314,0.039860889756747314,0.04883236887160652,0.07503173320443733
1.470000000000001,6,0.399,0.0009423795409103044,0.03463921040723024,0.10882228894150563,0.0013848112826449859,0.0023306846331950346,158.18536992323692,51.901117967468494,2.047822014592964,0.04883236887160652,0.04883236887160652,0.04883236887160652,0.07503173320443733
1.480000000000001,0,0.0,0.0008637372661721378,0.03316239502134619,0.10418273657450393,0.000986665779719209,0.0015922769402530253,120.55040953291751,4.636554212804519,25.0,0.0,0.0,0.04881038314311319,0.07551983703586847
1.480000000000001,1,0.0665,0.0008798067408925403,0.033469459724186544,0.10514740878912392,0.0010647409986414035,0.0017458092916731872,121.38686321465491,7.580766770455946,15.01247827432555,0.006661125376682192,0.006661125376682192,0.04881038314311319,0.07551983703586847
1.480000000000001,2,0.133,0.0009109640675467579,0.03405694458746007,0.10699304691967923,0.0012374324470831191,0.0020395517233099494,125.5407982963124,15.607268518189626,7.043739245595716,0.014197004817083149,0.014197004817083149,0.04881038314311319,0.07551983703586847
1.480000000000001,3,0.1995,0.0009171777373256012,0.034172898102351155,0.10735732563021898,0.0012707056095301846,0.0020975284807554923,133.74314061674409,24.550668514876243,4.447637425258042,0.022483847139180467,0.022483847139180467,0.04881038314311319,0.07551983703586847
1.480000000000001,4,0.266,0.0009220412612392894,0.034263382723942304,0.10764159145267257,0.0012941508326933318,0.0021427707915510842,142.43157702863252,33.81251815662414,3.2123918830555676,0.03112945233346869,0.03112945233346869,0.04881038314311319,0.07551983703586847
1.480000000000001,5,0.3325,0.0009287125979068262,0.034387113943288375,0.1080303045423899,0.0013234297105930376,0.002204636401224103,150.81033235527264,42.96844134022466,2.5097929469015305,0.03984392422628137,0.03984392422628137,0.04881038314311319,0.07551983703586847
1.480000000000001,6,0.399,0.0009438849724641189,0.034666867072502765,0.10890917491794859,0.0013828332636263323,0.0023445129658312977,157.90918274750294,51.79482472206912,2.0487444178997256,0.04881038314311319,0.04881038314311319,0.04881038314311319,0.07551983703586847
1.490000000000001,0,0.0,0.0008647645868545953,0.0331821106753298,0.10424467512821954,0.0009857826991802687,0.001602134767244828,120.40698493987803,4.631037882303001,25.0,0.0,0.0,0.048788454592657196,0.07600772158179504
1.490000000000001,1,0.0665,0.0008809254381334905,0.033490731610323315,0.1052142363903392,0.0010635943068385775,0.001756445234741573,121.22954505457146,7.56821995657018,15.018237544659199,0.006658570934347893,0.006658570934347893,0.048788454592657196,0.07600772158179504
1.490000000000001,2,0.133,0.000912286999983897,0.03408166493185602,0.10707070817202775,0.0012360172197972941,0.002051911895507922,125.35198925292589,15.578175375390913,7.046641293494898,0.014191158004922847,0.014191158004922847,0.048788454592657196,0.07600772158179504
1.490000000000001,3,0.1995,0.0009185408592456138,0.03419828278505414,0.10743707396291238,0.0012692341351494215,0.0021102208221069865,133.53407810836424,24.50395675850459,4.449490440437484,0.022474483615289614,0.022474483615289614,0.048788454592657196,0.07600772158179504
1.490000000000001,4,0.266,0.0009234331721442572,0.0342892349243068,0.10772280853541681,0.0012926100182246714,0.0021556968917333308,142.20240477256652,33.747388490981834,3.213730636092527,0.03111648464775717,0.03111648464775717,0.048788454592657196,0.07600772158179504
1.490000000000001,5,0.3325,0.0009301410640327976,0.03441354943781009,0.10811335409777333,0.0013217747260858407,0.0022178541484849613,150.5600330252631,42.88409514589712,2.5108595042763246,0.03982699941182963,0.03982699941182963,0.048788454592657196,0.07600772158179504
1.490000000000001,6,0.399,0.0009453894578115285,0.03469448432908858,0.10899593708835088,0.0013808628292908682,0.0023583215941242065,157.634096243982,51.6889833146611,2.049665250414599,0.048788454592657196,0.048788454592657196,0.048788454592657196,0.07600772158179504
1.500000000000001,0,0.0,0.0008657915992097339,0.03320180870996835,0.10430655832913016,0.000984901731927445,0.0016119837845641025,120.26394417731511,4.62553631451212,25.0,0.0,0.0,0.04876658042666175,0.07649538738606167
1.500000000000001,1,0.0665,0.0008820436423717198,0.03351198062857391,0.10528099214997126,0.0010624509125297878,0.0017670697438668707,121.07270056915304,7.555715281634793,15.023989265905362,0.00665602179488604,0.00665602179488604,0.04876658042666175,0.07649538738606167
1.500000000000001,2,0.133,0.0009136093804612453,0.03410635705618895,0.10714828076843362,0.0012346062166465066,0.002064257957674387,125.1638179491314,15.54919009433885,7.049539377276058,0.014185323983343719,0.014185323983343719,0.04876658042666175,0.07649538738606167
1.500000000000001,3,0.1995,0.0009199034161193762,0.03422363812834859,0.10751673012313546,0.001267767164722156,0.002122898493754208,133.3257414283196,24.457421643254428,4.451340839319094,0.022465141091127194,0.022465141091127194,0.04876658042666175,0.07649538738606167
1.500000000000001,4,0.266,0.0009248244770903451,0.034315056406342186,0.10780392911368397,0.0012910741017693119,0.002168607632751024,141.97404902786388,33.68250935120803,3.215067456747309,0.031103546455964637,0.031103546455964637,0.04876658042666175,0.07649538738606167
1.500000000000001,5,0.3325,0.0009315688434542283,0.034439951947253404,0.10819630002747678,0.0013201254721657174,0.0022310554032066183,150.31065660574686,42.8000822779867,2.5119244778427894,0.03981011407073783,0.03981011407073783,0.04876658042666175,0.07649538738606167
1.500000000000001,6,0.399,0.0009468930000453889,0.034722062327729085,0.10908257592628061,0.0013788999320253526,0.00237211059344446,157.36010085308106,51.58358814318806,2.0505846242466457,0.04876658042666175,0.04876658042666175,0.04876658042666175,0.07649538738606167
1.5100000000000011,0,0.0,0.0008668183037990789,0.03322148916736342,0.10436838630950182,0.0009840228697538084,0.0016218240132616405,120.12128564764059,4.620049447986177,25.0,0.0,0.0,0.04874476291691465,0.07698283501523082
1.5100000000000011,1,0.0665,0.0008831613547297202,0.03353320684372073,0.10534767627154001,0.001061310757340723,0.001777682851440278,120.91632794908872,7.543252971629742,15.02973258405311,0.006653478326427597,0.006653478326427597,0.04874476291691465,0.07698283501523082
1.5100000000000011,2,0.133,0.0009149312102026253,0.0341310210445334,0.10722576497302476,0.0012331994172225136,0.002076589951846612,124.97628165705837,15.520312685380386,7.052433233177179,0.01417950325705518,0.01417950325705518,0.04874476291691465,0.07698283501523082
1.5100000000000011,3,0.1995,0.0009212654092876714,0.03424896422231902,0.10759629439389709,0.0012663046985212523,0.0021355615407394205,133.11812703055278,24.411062519529203,4.453188566620415,0.02245581980281858,0.02245581980281858,0.04874476291691465,0.07698283501523082
1.5100000000000011,4,0.266,0.0009262151775515443,0.03434084726666665,0.10788495349100907,0.0012895430162230377,0.002181503062913254,141.74650579595323,33.61787979481514,3.2164023032117175,0.03109063810212599,0.03109063810212599,0.04874476291691465,0.07698283501523082
1.5100000000000011,5,0.3325,0.0009329959378957691,0.03446632157927743,0.10827914266972134,0.0013184816012013528,0.0022442402192186317,150.0621994075429,42.716402365637634,2.5129877774598706,0.03979326954828251,0.03979326954828251,0.04874476291691465,0.07698283501523082
1.5100000000000011,6,0.399,0.0009483956029221748,0.03474960123071141,0.10916909194157781,0.0013769451491165367,0.0023858800449356255,157.08719243862257,51.478638995724005,2.051502438743005,0.04874476291691465,0.04874476291691465,0.04874476291691465,0.07698283501523082
1.5200000000000011,0,0.0,0.0008678447011822952,0.03324115208945335,0.10443015920108764,0.0009831461044964923,0.0016316554743066054,119.97900776228455,4.6145772216263286,25.0,0.0,0.0,0.04872300020631618,0.07747006501729398
1.5200000000000011,1,0.0665,0.0008842785763493349,0.03355441032070278,0.10541428895905738,0.0010601738491023398,0.0017882845899313013,120.76042422689598,7.530832075410056,15.035468991694458,0.006650939857961176,0.006650939857961176,0.04872300020631618,0.07747006501729398
1.5200000000000011,2,0.133,0.000916252490427408,0.03415565698056842,0.10730316104868667,0.001231796801750939,0.0020889079198641216,124.78937621132751,15.49154170215879,7.055323260301315,0.014173694997460578,0.014173694997460578,0.04872300020631618,0.07747006501729398
1.5200000000000011,3,0.1995,0.0009226268400858365,0.03427426115660748,0.10767576705681606,0.0012648467144230316,0.002148210007883651,132.91123080450134,24.364878155354678,4.455033674169694,0.02244651944603707,0.02244651944603707,0.04872300020631618,0.07747006501729398
1.5200000000000011,4,0.266,0.0009276052749369972,0.034366607600325026,0.10796588196598425,0.0012880166829190031,0.002194383229742444,141.51977007790543,33.55349785123924,3.2177352330102496,0.031077758969760914,0.031077758969760914,0.04872300020631618,0.07747006501729398
1.5200000000000011,5,0.3325,0.0009344223492815274,0.03449265844479914,0.1083618823729629,0.0013168432760850878,0.002257408651979483,149.81465398759718,42.633051219277675,2.5140495391015896,0.039776463607688335,0.039776463607688335,0.04872300020631618,0.07747006501729398
1.5200000000000011,6,0.399,0.0009498972691643627,0.03477710118074834,0.1092554855825879,0.0013749975018461163,0.002399630019954087,156.81536243744097,51.37413127622269,2.0524187668360487,0.04872300020631618,0.04872300020631618,0.04872300020631618,0.07747006501729398
1.5300000000000011,0,0.0,0.0008688707919171963,0.03326079751801408,0.10449187713513065,0.000982271428036391,0.0016414781885869692,119.83710894163112,4.60911957467812,25.0,0.0,0.0,0.04870129123721141,0.0779570779296661
1.5300000000000011,1,0.0665,0.0008853953083682384,0.033575591124169725,0.10548083041562627,0.001059040173347358,0.0017988749916647748,120.6049878446519,7.518453041512068,15.041197195586465,0.006648406951897618,0.006648406951897618,0.04870129123721141,0.0779570779296661
1.5300000000000011,2,0.133,0.0009175732223499606,0.03418026494756938,0.10738046925703668,0.0012303983500480582,0.0021012119033646023,124.60309905781949,15.462877290615781,7.058209136370725,0.014167899826700121,0.014167899826700121,0.04870129123721141,0.0779570779296661
1.5300000000000011,3,0.1995,0.0009239877098436761,0.034299529020414374,0.1077551483921237,0.0012633931903447552,0.0021608439397870984,132.70504902575345,24.31886768433863,4.4568761485229675,0.022437240046066915,0.022437240046066915,0.04870129123721141,0.0779570779296661
1.5300000000000011,4,0.266,0.0009289947708552395,0.034392337505686814,0.1080467148476464,0.0012864952680893436,0.0022072481824233375,141.29383768890128,33.489362335101696,3.219066229899663,0.031064909156316725,0.031064909156316725,0.04870129123721141,0.0779570779296661
1.5300000000000011,5,0.3325,0.0009358480795476542,0.03451896265452558,0.10844451948499799,0.0013152104863220226,0.002270560756842703,149.5680163605004,42.55002810616389,2.5151096959871015,0.03975969722495668,0.03975969722495668,0.04870129123721141,0.0779570779296661
1.5300000000000011,6,0.399,0.0009513980021561753,0.034804562332074684,0.10934175733385387,0.0013730575663172431,0.0024133605956172593,156.54460336329416,51.27006131942519,2.0533336480325715,0.04870129123721141,0.04870129123721141,0.04870129123721141,0.0779570779296661
1.5400000000000011,0,0.0,0.0008698965765597539,0.03328042549466004,0.10455354024236643,0.0009813988322978616,0.0016512921769099478,119.69558761495489,4.603676446729034,25.0,0.0,0.0,0.04867963868865554,0.07844387431655266
1.5400000000000011,1,0.0665,0.0008865115518973838,0.03359674931805587,0.1055473008421022,0.0010579096943071848,0.0018094540886078466,120.45001627512414,7.506115336347387,15.046917863340123,0.006645879302872857,0.006645879302872857,0.04867963868865554,0.07844387431655266
1.5400000000000011,2,0.133,0.0009188934071800802,0.03420484502841824,0.10745768985845609,0.0012290040424430993,0.0021135019437890333,124.41744655275163,15.43431848816627,7.061091045137134,0.014162117349962295,0.014162117349962295,0.04867963868865554,0.07844387431655266
1.5400000000000011,3,0.1995,0.0009253480198612856,0.03432476790205241,0.10783443867726258,0.0012619440819018192,0.0021734633806061165,132.4995779481574,24.273030197951474,4.458715985091128,0.022427981583571573,0.022427981583571573,0.04867963868865554,0.07844387431655266
1.5400000000000011,4,0.266,0.0009303836667074603,0.03441803707691126,0.10812745243180553,0.0012849785612222611,0.00222009796803556,141.06870471898537,33.42547233788245,3.2203952510524876,0.03105208901525925,0.03105208901525925,0.04867963868865554,0.07844387431655266
1.5400000000000011,5,0.3325,0.0009372731306044927,0.03454523431825821,0.108527054350778,0.001313583186631653,0.0022836965887090195,149.32228228816473,42.467332018527614,2.5161681977812624,0.039742971113051674,0.039742971113051674,0.04867963868865554,0.07844387431655266
1.5400000000000011,6,0.399,0.0009528978052633152,0.03483198483797039,0.10942790767691885,0.0013711252947853842,0.002427071848565113,156.27491160555252,51.16642937901041,2.0542469643125005,0.04867963868865554,0.04867963868865554,0.04867963868865554,0.07844387431655266
1.5500000000000012,0,0.0,0.0008709220556641056,0.03330003606084501,0.10461514865302587,0.0009805283092484268,0.001661097460002432,119.55444222035763,4.598247777706063,25.0,0.0,0.0,0.04865804062883216,0.07893045472284098
1.5500000000000012,1,0.0665,0.0008876273080667721,0.03361788496644955,0.10561370043982467,0.0010567824196842258,0.0018200219128046888,120.29550738639485,7.493818806057769,15.052630908176177,0.006643356939396073,0.006643356939396073,0.04865804062883216,0.07893045472284098
1.5500000000000012,2,0.133,0.0009202130461228752,0.034229397305603364,0.10753482311208978,0.0012276138592564603,0.002125778082381598,124.23241548473867,15.405864745973275,7.063968984098088,0.014156347546982863,0.014156347546982863,0.04865804062883216,0.07893045472284098
1.5500000000000012,3,0.1995,0.0009267077714577175,0.034349977889852584,0.10791363818973271,0.0012604993900085918,0.0021860683745062023,132.29481348971285,24.227364428774106,4.460553246666414,0.022418743700623866,0.022418743700623866,0.04865804062883216,0.07893045472284098
1.5500000000000012,4,0.266,0.000931771963939617,0.034443706408623716,0.10820809501573594,0.0012834665856229007,0.002232932633891789,140.84436590798236,33.36182555568821,3.221722389648078,0.031039297588555857,0.031039297588555857,0.04865804062883216,0.07893045472284098
1.5500000000000012,5,0.3325,0.0009386975042557713,0.03457147354340934,0.10860948730774866,0.0013119612575561409,0.0022968162012845807,149.07744509727596,42.38495948691265,2.5172251407555812,0.03972628366884321,0.03972628366884321,0.04865804062883216,0.07893045472284098
1.5500000000000012,6,0.399,0.0009543966815004852,0.03485936884469407,0.10951393707126782,0.0013692003361842862,0.002440763851926956,156.00627875069284,51.063230873311156,2.055158792003337,0.04865804062883216,0.04865804062883216,0.04865804062883216,0.07893045472284098
1.5600000000000012,0,0.0,0.0008719472297825643,0.03331962925786298,0.10467670249683786,0.0009796598508984807,0.0016708940585114169,119.41367120470582,4.592833507873301,25.0,0.0,0.0,0.04863649599163468,0.07941681968275732
1.5600000000000012,1,0.0665,0.0008887425780025033,0.033638998133158814,0.10568002940925249,0.0010556583354630375,0.0018305784961593192,120.1414590396392,7.4815632802384915,15.058336278057842,0.0066408398745693015,0.0066408398745693015,0.04863649599163468,0.07941681968275732
1.5600000000000012,2,0.133,0.0009215321403787613,0.03425392186122159,0.10761186927585255,0.0012262277809111366,0.0021380403601907096,124.04800274533126,15.377515599632716,7.0668429137079904,0.014150590471740053,0.014150590471740053,0.04863649599163468,0.07941681968275732
1.5600000000000012,3,0.1995,0.0009280669659223568,0.034375159071264316,0.10799274720426451,0.0012590590705866956,0.002198658965212069,132.09075217591158,24.181869699724558,4.4623878887833115,0.02240952657911265,0.02240952657911265,0.04863649599163468,0.07941681968275732
1.5600000000000012,4,0.266,0.0009331596640072599,0.03446934559526509,0.1082886428961325,0.001281959332068988,0.0022457522272124786,140.62081741639054,33.298421089728315,3.223047604493426,0.031026535214864516,0.031026535214864516,0.04863649599163468,0.07941681968275732
1.5600000000000012,5,0.3325,0.0009401212022771043,0.03459768043645663,0.10869181869041947,0.0013103446523647026,0.0023099196478082278,148.83350008222857,42.30290897419836,2.518280508156211,0.03970963507683907,0.03970963507683907,0.04863649599163468,0.07941681968275732
1.5600000000000012,6,0.399,0.000955894634199383,0.03488671450370194,0.1095998459927145,0.0013672829503934936,0.002454436681430891,155.73869741243345,50.96046217927881,2.056069171126137,0.04863649599163468,0.04863649599163468,0.04863649599163468,0.07941681968275732
1.5700000000000012,0,0.0,0.0008729720994656273,0.033339205126849,0.10473820190303199,0.0009787934493009952,0.0016806819930044268,119.27327302356849,4.587433577829557,25.0,0.0,0.0,0.04861500509190845,0.0799029697336764
1.5700000000000012,1,0.0665,0.0008898573628040275,0.03366008888128242,0.10574628794861633,0.0010545374061804089,0.0018411238702211233,119.9878689690095,7.4693484489784,15.06403420440514,0.006638327996544063,0.006638327996544063,0.04861500509190845,0.0799029697336764
1.5700000000000012,2,0.133,0.0009228506911435724,0.034278418776982296,0.10768882860644201,0.001224845788035622,0.002150288818071066,123.86420502557925,15.34927036589528,7.069712896633482,0.014144845973535769,0.014144845973535769,0.04861500509190845,0.0799029697336764
1.5700000000000012,3,0.1995,0.0009294256045634786,0.03440031153375805,0.10807176599565452,0.0012576231246866115,0.0022112351964589353,131.88739023090568,24.136545009714894,4.464219927824026,0.022400330095014503,0.022400330095014503,0.04861500509190845,0.0799029697336764
1.5700000000000012,4,0.266,0.0009345467684058197,0.03449495473165233,0.10836909637087143,0.001280456819361772,0.002258556795406096,140.39805478807304,33.23525740507126,3.22437091661129,0.03101380163331109,0.03101380163331109,0.04861500509190845,0.0799029697336764
1.5700000000000012,5,0.3325,0.0009415442266771281,0.03462385510774916,0.1087740488454622,0.001308733564626301,0.002323006983454491,148.5904418999241,42.22117827967372,2.519334323539214,0.03969302488584282,0.03969302488584282,0.04861500509190845,0.0799029697336764
1.5700000000000012,6,0.399,0.0009573916663432561,0.03491402195949539,0.10968563489522343,0.0013653727896723745,0.0024680904093276144,155.47216165344636,50.85812112819979,2.05697808343219,0.04861500509190845,0.04861500509190845,0.04861500509190845,0.0799029697336764
1.5800000000000012,0,0.0,0.0008739966652619843,0.03335876370878003,0.10479964700034114,0.000977929096551233,0.001690461283969939,119.13324614115567,4.582047928505987,25.0,0.0,0.0,0.048593569042951146,0.08038890542410591
1.5800000000000012,1,0.0665,0.000890971663589758,0.03368115727407468,0.10581247625663545,0.0010534196396130141,0.0018516580666172535,119.83473523033697,7.457174308786301,15.069724304170217,0.006635821464386524,0.006635821464386524,0.048593569042951146,0.08038890542410591
1.5800000000000012,2,0.133,0.0009241686996085115,0.03430288813420859,0.1077657013593422,0.0012234678613148402,0.0021625234966842146,123.68101924733958,15.321128574144518,7.072578899707166,0.014139114093748805,0.014139114093748805,0.048593569042951146,0.08038890542410591
1.5800000000000012,3,0.1995,0.0009307836886840809,0.034425435364378976,0.10815069483736325,0.0012561915310463536,0.002223797111769399,131.68472378973453,24.09138925171435,4.466049401047464,0.0223911540200487,0.0223911540200487,0.048593569042951146,0.08038890542410591
1.5800000000000012,4,0.266,0.0009359332786356689,0.0345205339123335,0.10844945573698424,0.001278959034058532,0.0022713463857466816,140.1760740036509,33.172333387669475,3.225692307064414,0.031001096967926984,0.031001096967926984,0.048593569042951146,0.08038890542410591
1.5800000000000012,5,0.3325,0.0009429665791339791,0.0346499976611402,0.10885617809914157,0.0013071276695520652,0.0023360782601500115,148.34826696324342,42.139766962221415,2.5203865056073664,0.039676454296799155,0.039676454296799155,0.048593569042951146,0.08038890542410591
1.5800000000000012,6,0.399,0.0009588877812359909,0.03494129136184041,0.10977130424929833,0.0013634701172512598,0.002481725110500127,155.2066664738186,50.75620642130048,2.0578854768130217,0.048593569042951146,0.048593569042951146,0.048593569042951146,0.08038890542410591
1.5900000000000012,0,0.0,0.0008750209277185258,0.03337830504447575,0.10486103791700416,0.0009770667847864584,0.0017002319518178036,118.9935890302574,4.576676501163746,25.0,0.0,0.0,0.048572186168891564,0.08087462728579482
1.5900000000000012,1,0.0665,0.0008920854814516348,0.0337022033740871,0.10587859452982118,0.0010523050006210084,0.0018621811166234636,119.68205534673004,7.445040314067508,15.075407291024217,0.006633319954117541,0.006633319954117541,0.048572186168891564,0.08087462728579482
1.5900000000000012,2,0.133,0.0009254861669603022,0.03432733001384212,0.10784248778883881,0.0012220939816763904,0.0021747444365009783,123.49844201725159,15.293089420522048,7.075441045386618,0.014133394562760545,0.014133394562760545,0.048572186168891564,0.08087462728579482
1.5900000000000012,3,0.1995,0.0009321412195576683,0.034450530649301835,0.10822953400011665,0.0012547642461428678,0.0022363447542308275,131.48274943875904,24.04640175052491,4.4678762670131675,0.02238199852093292,0.02238199852093292,0.048572186168891564,0.08087462728579482
1.5900000000000012,4,0.266,0.0009373191960056927,0.03454608322796981,0.10852972127929152,0.0012774657818153898,0.0022841210435648354,139.95487085787016,33.10964771784862,3.2270117776705867,0.03098842114303805,0.03098842114303805,0.048572186168891564,0.08087462728579482
1.5900000000000012,5,0.3325,0.0009443882616049044,0.034676108205204635,0.10893820679255563,0.0013055272032217607,0.002349133532182229,148.10696903349594,42.05867186919977,2.5214371365339523,0.03965992193541783,0.03965992193541783,0.048572186168891564,0.08087462728579482
1.5900000000000012,6,0.399,0.000960382981824962,0.0349685228534208,0.10985685450319357,0.0013615745790194135,0.002495340856290321,154.94220395361012,50.65471384595474,2.058791417217407,0.048572186168891564,0.048572186168891564,0.048572186168891564,0.08087462728579482
1.6000000000000012,0,0.0,0.0008760448873803526,0.033397829174599464,0.10492237478076855,0.0009762065061856541,0.00170999401687966,118.85430017218333,4.571319237391666,25.0,0.0,0.0,0.04855085620039907,0.08136013584779882
1.6000000000000012,1,0.0665,0.000893198817500452,0.03372322724402665,0.10594464296517328,0.0010511934969774405,0.001872693051593238,119.52982765504696,7.432946717946324,15.081082266666954,0.006630823851483495,0.006630823851483495,0.04855085620039907,0.08136013584779882
1.6000000000000012,2,0.133,0.0009268030943809759,0.034351744496441135,0.10791918814801307,0.001220724129950771,0.0021869516778004862,123.31647061294998,15.265152754312126,7.078299156103455,0.01412768771065183,0.01412768771065183,0.04855085620039907,0.08136013584779882
1.6000000000000012,3,0.1995,0.0009334981984526808,0.034475597474285864,0.1083082837533353,0.001253341249201364,0.002248878166722841,131.28146316972476,24.001581214227397,4.469700600054848,0.022372863184342347,0.022372863184342347,0.04855085620039907,0.08136013584779882
1.6000000000000012,4,0.266,0.0009387045221293114,0.03457160277448477,0.10860989329914586,0.0012759773257478828,0.002296880816822314,139.73444046326352,33.04719835178044,3.2283294025659894,0.030975773389331492,0.030975773389331492,0.04855085620039907,0.08136013584779882
1.6000000000000012,5,0.3325,0.0009458092758542482,0.034702186844562936,0.10902013525437929,0.0013039319679150226,0.0023621728518613792,147.86654316670757,41.97789115184786,2.5224862209448675,0.0396434276507335,0.0396434276507335,0.04855085620039907,0.08136013584779882
1.6000000000000012,6,0.399,0.0009618772710501669,0.034995716576218514,0.10994228610295863,0.0013596861398855313,0.0025089377176891765,154.6787677537936,50.553640702941856,2.0596959111748485,0.04855085620039907,0.04855085620039907,0.04855085620039907,0.08136013584779882
1.6100000000000012,0,0.0,0.0008770685447907837,0.033417336139658846,0.10498365771889293,0.0009753482529692385,0.0017197474994093524,118.7153780567026,4.5659760791039465,25.0,0.0,0.0,0.048529579679554825,0.08184543164459436
1.6100000000000012,1,0.0665,0.0008943116728206123,0.033744228945902115,0.10601062175749813,0.00105008509377345,0.0018831939025309725,119.37804974509982,7.420893017281597,15.086749865157076,0.006628332867833283,0.006628332867833283,0.048529579679554825,0.08184543164459436
1.6100000000000012,2,0.133,0.0009281194830481725,0.03437613166218808,0.10799580268876556,0.001219358287347269,0.002199145260673959,123.13510159434949,15.237317689353665,7.081153396203334,0.01412199318455896,0.01412199318455896,0.048529579679554825,0.08184543164459436
1.6100000000000012,3,0.1995,0.0009348546266804184,0.03450063592556138,0.10838694436791972,0.0012519225637757073,0.002261397392360598,131.08086166133714,23.95692701876909,4.471522351704025,0.022363748212483298,0.022363748212483298,0.048529579679554825,0.08184543164459436
1.6100000000000012,4,0.266,0.0009400892582566173,0.03459709264075628,0.10868997207576542,0.0012744933135754315,0.0023096257499580683,139.51477963821043,32.98498496633124,3.2296450879276533,0.030963154550262485,0.030963154550262485,0.048529579679554825,0.08184543164459436
1.6100000000000012,5,0.3325,0.0009472296236441602,0.03472823368339297,0.10910196381189696,0.0013023419415018039,0.002375196271276397,147.62698562888562,41.89742412751345,2.523533694567658,0.039626972374201805,0.039626972374201805,0.048529579679554825,0.08184543164459436
1.6100000000000012,6,0.399,0.0009633706521695351,0.035022872677431184,0.1100275995110285,0.001357805060633684,0.0025225157682955135,154.41635242861275,50.452985157421146,2.0605989308028008,0.048529579679554825,0.048529579679554825,0.048529579679554825,0.08184543164459436
1.6200000000000012,0,0.0,0.0008780919004913647,0.03343682598000682,0.10504488685814976,0.0009744920173987836,0.0017294924195833403,118.57682118198437,4.56064696853786,25.0,0.0,0.0,0.04850835497159457,0.08233051519431031
1.6200000000000012,1,0.0665,0.0008954240485155021,0.03376520854188219,0.10607653110210442,0.0010489797990039297,0.0018936837005210118,119.2267195284389,7.408879015852025,15.092410103247955,0.006625846986392157,0.006625846986392157,0.04850835497159457,0.08233051519431031
1.6200000000000012,2,0.133,0.0009294353341135013,0.03440049159049109,0.10807233166056428,0.0012179964151506778,0.0022113252248254656,122.9543319718296,15.20958377241089,7.084003731572199,0.014116311028227867,0.014116311028227867,0.04850835497159457,0.08233051519431031
1.6200000000000012,3,0.1995,0.0009362105054748357,0.03452564608761227,0.1084655161092839,0.0012505081025447713,0.0022739024733860456,130.88094118248628,23.9124381168378,4.473341553169655,0.02235465340873501,0.02235465340873501,0.04850835497159457,0.08233051519431031
1.6200000000000012,4,0.266,0.0009414734059048301,0.034622552920235805,0.10876995790273665,0.001273013973976264,0.002322355889697831,139.29588329058575,32.92300526680253,3.230958934694911,0.03095056360084709,0.03095056360084709,0.04850835497159457,0.08233051519431031
1.6200000000000012,5,0.3325,0.0009486493068033481,0.03475424882669201,0.1091836927949673,0.0013007571649519198,0.0023882038429259163,147.3882895631344,41.817266968547166,2.524579683172323,0.039610554052444305,0.039610554052444305,0.04850835497159457,0.08233051519431031
1.6200000000000012,6,0.399,0.0009648631280858596,0.035049991297228376,0.11011279516775885,0.0013559309898594917,0.0025360750781941084,154.15495026462557,50.35274311331005,2.0615005406503233,0.04850835497159457,0.04850835497159457,0.04850835497159457,0.08233051519431031
1.6300000000000012,0,0.0,0.0008791149550218762,0.033456298735842355,0.10510606232482782,0.00097363779177674,0.0017392287975011077,118.43862805453898,4.555331848251499,25.0,0.0,0.0,0.04848718306981996,0.08281538702500851
1.6300000000000012,1,0.0665,0.0008965359456620597,0.03378616609343933,0.10614237119211356,0.0010478775778569552,0.0019041624762995814,119.07583506794414,7.396904659734583,15.098062709411323,0.006623366316902722,0.006623366316902722,0.04848718306981996,0.08281538702500851
1.6300000000000012,2,0.133,0.0009307506487671303,0.034424824361181834,0.10814877531420779,0.0012166385345372276,0.002223491610170838,122.77415869029198,15.181950464874838,7.0868501695051584,0.014110641202815572,0.014110641202815572,0.04848718306981996,0.08281538702500851
1.6300000000000012,3,0.1995,0.0009375658361369437,0.034550628045843745,0.10854399924573618,0.0012490979115735812,0.0022863934525017816,130.68169805849575,23.86811349048121,4.475158231948773,0.02234557859565416,0.02234557859565416,0.04848718306981996,0.08281538702500851
1.6300000000000012,4,0.266,0.0009428569664698537,0.034647983703795134,0.10884985106554167,0.0012715391779662638,0.0023350712814774934,139.0777477419396,32.86125838301592,3.2322709045683045,0.030938000852176652,0.030938000852176652,0.04848718306981996,0.08281538702500851
1.6300000000000012,5,0.3325,0.00095006832715386,0.03478023237893442,0.10926532253180622,0.0012991776121205282,0.002401195619047122,147.15045171303194,41.73741943351786,2.5256240972785347,0.0395941740133673,0.0395941740133673,0.04848718306981996,0.08281538702500851
1.6300000000000012,6,0.399,0.0009663547020256514,0.03507707258110095,0.11019787353022271,0.001354064193628816,0.0025496157201303966,153.89455638583243,50.252913245851865,2.062400693725665,0.04848718306981996,0.04848718306981996,0.04848718306981996,0.08281538702500851
1.6400000000000012,0,0.0,0.0008801377089203422,0.03347575444721128,0.1051671842447348,0.0009727855684461607,0.0017489566531855693,118.30079718915944,4.550030661121517,25.0,0.0,0.0,0.048466064243975086,0.08330004766744827
1.6400000000000012,1,0.0665,0.0008976473653562329,0.033807101662208315,0.10620814222115693,0.0010467784384491168,0.0019146302606840725,118.9253941547784,7.384969608662089,15.103707998376413,0.006620890711787436,0.006620890711787436,0.048466064243975086,0.08330004766744827
1.6400000000000012,2,0.133,0.0009320654281517734,0.03444913005292512,0.1082251338968289,0.0012152845871641628,0.0022356444560424796,122.59457869460599,15.154417215847177,7.089692724468955,0.014104983655337529,0.014104983655337529,0.048466064243975086,0.08330004766744827
1.6400000000000012,3,0.1995,0.0009389206199144602,0.03457558188436377,0.10862239404150956,0.0012476919260014229,0.002298870371761796,130.48312901541658,23.823952512110523,4.476972343236816,0.02233652395710374,0.02233652395710374,0.048466064243975086,0.08330004766744827
1.6400000000000012,4,0.266,0.0009442399413276014,0.03467338508159698,0.108929651847435,0.0012700688900921888,0.0023477719703784154,138.8603691227043,32.799743220549146,3.2335809822958566,0.030925466393917116,0.030925466393917116,0.048466064243975086,0.08330004766744827
1.6400000000000012,5,0.3325,0.0009514866864607704,0.03480618444315435,0.10934685334610506,0.0012976032109965384,0.002414171651157087,146.9134671044859,41.65787954103965,2.5266669528810928,0.039577831928332544,0.039577831928332544,0.048466064243975086,0.08330004766744827
1.6400000000000012,6,0.399,0.0009678453771937171,0.03510411667357776,0.11028283505247086,0.0013522046238404015,0.0025631377663688005,153.6351651549517,50.153493476444616,2.0632993736938565,0.048466064243975086,0.048466064243975086,0.048466064243975086,0.08330004766744827
1.6500000000000012,0,0.0,0.0008811601627230383,0.033495193154007084,0.10522825274319979,0.0009719353397904257,0.0017586760065834736,118.16332710886341,4.544743350340901,25.0,0.0,0.0,0.04844499745514208,0.08378449764199969
1.6500000000000012,1,0.0665,0.0008987583086676438,0.033828015309132986,0.10627384438069525,0.0010456823462335683,0.0019250870841464082,118.77539479376846,7.3730737271714055,15.109345869695415,0.006618420205772672,0.006618420205772672,0.04844499745514208,0.08378449764199969
1.6500000000000012,2,0.133,0.0009333796734487567,0.03447340874481301,0.10830140765690267,0.0012139345943944471,0.002247783801986424,122.41558896735546,15.126983490062239,7.0925314057344675,0.014099338343309668,0.014099338343309668,0.04844499745514208,0.08378449764199969
1.6500000000000012,3,0.1995,0.0009402748580501453,0.03460050768687776,0.10870070075957233,0.0012462901256994857,0.002311333273018791,130.28523031427423,23.779954065137822,4.47878393530106,0.022327489212376594,0.022327489212376594,0.04844499745514208,0.08378449764199969
1.6500000000000012,4,0.266,0.0009456223319242492,0.03469875714475425,0.10900936053465629,0.0012686031578634006,0.0023604580019570493,138.64374287152668,32.73845797180089,3.2348892238891276,0.030912959634449417,0.030912959634449417,0.04844499745514208,0.08378449764199969
1.6500000000000012,5,0.3325,0.0009529043865179527,0.03483210512251962,0.10942828556197505,0.001296033968263456,0.002427131990839722,146.6773302514806,41.578644770164644,2.527708299832106,0.0395615269398934,0.0395615269398934,0.04844499745514208,0.08378449764199969
1.6500000000000012,6,0.399,0.0009693351561240924,0.03513112370646899,0.1103676801485972,0.0013503516445612434,0.002576641282814413,153.3767696298356,50.05448039190838,2.064196619941937,0.04844499745514208,0.04844499745514208,0.04844499745514208,0.08378449764199969
1.6600000000000013,0,0.0,0.0008821823169645002,0.033514614895971746,0.10528926794507588,0.0009710870982329744,0.0017683868775658033,118.02621634483576,4.53946985941676,25.0,0.0,0.0,0.048423981934361225,0.08426873746134331
1.6600000000000013,1,0.0665,0.0008998687766848023,0.033848907095319125,0.10633947786269798,0.0010445893093069926,0.0019355329772394781,118.62583508869989,7.361216964341052,15.114976051289206,0.006615954908606731,0.006615954908606731,0.048423981934361225,0.08426873746134331
1.6600000000000013,2,0.133,0.0009346933857919563,0.034497660514775756,0.1083775968392542,0.0012125884981375639,0.0022599096869677995,122.23718662559301,15.099648874734674,7.0953661664361665,0.014093705335890737,0.014093705335890737,0.048423981934361225,0.08426873746134331
1.6600000000000013,3,0.1995,0.0009416285518056652,0.034625405537129464,0.10877891966301327,0.0012448925125852436,0.0023237821981446434,130.0879985499874,23.736117348600462,4.480592998401977,0.022318474370616893,0.022318474370616893,0.048423981934361225,0.08426873746134331
1.6600000000000013,4,0.266,0.0009470041395914116,0.034724099981938816,0.10908897740577646,0.0012671418592285588,0.002373129420549335,138.42786547651434,32.67740186752811,3.2361955836541463,0.03090048095519775,0.03090048095519775,0.048423981934361225,0.08426873746134331
1.6600000000000013,5,0.3325,0.0009543214290443458,0.0348579945184377,0.10950961949799715,0.0012944697959037695,0.0024400766887987596,146.44203750182794,41.49971441586322,2.5287480784651053,0.039545259906118374,0.039545259906118374,0.048423981934361225,0.08426873746134331
1.6600000000000013,6,0.399,0.0009708240423228387,0.035158093828663146,0.11045240928634878,0.0013485061097077676,0.0025901263439114908,153.11936330447122,49.95587091670704,2.065092460499224,0.048423981934361225,0.048423981934361225,0.048423981934361225,0.08426873746134331
1.6700000000000013,0,0.0,0.0008832041721775317,0.03353401971269649,0.1053502299747426,0.0009702408362370346,0.0017780892859281736,117.88946343637157,4.534210132168138,25.0,0.0,0.0,0.04840301842527146,0.08475276764559603
1.6700000000000013,1,0.0665,0.0009009787704701001,0.03386977708118843,0.10640504285698552,0.0010434992934651947,0.00194596797017413,118.47671273711033,7.349398854291752,15.120599124637891,0.006613494556380206,0.006613494556380206,0.04840301842527146,0.08475276764559603
1.6700000000000013,2,0.133,0.0009360065663324852,0.034521885440779394,0.10845370168882099,0.0012112463001819678,0.002272022149969619,122.05936847892674,15.072412627868689,7.0981971163157125,0.014088084391196022,0.014088084391196022,0.04840301842527146,0.08475276764559603
1.6700000000000013,3,0.1995,0.0009429817024137196,0.034650275518021974,0.10885705101228009,0.0012434990446256334,0.0023362171885908996,129.89143023696755,23.69244146560948,4.4823995418754174,0.02230947934600235,0.02230947934600235,0.04840301842527146,0.08475276764559603
1.6700000000000013,4,0.266,0.0009483853657820155,0.03474941368371248,0.10916850274530376,0.001265685088683194,0.002385786271436167,138.21273242191123,32.61657310296107,3.237500119513282,0.030888029747790022,0.030888029747790022,0.04840301842527146,0.08475276764559603
1.6700000000000013,5,0.3325,0.0009557378158395693,0.03488385273340306,0.10959085547616727,0.0012929107482682392,0.002453005796281442,146.20758282145343,41.42108536206004,2.5297863767561575,0.039529029375288974,0.039529029375288974,0.04840301842527146,0.08475276764559603
1.6700000000000013,6,0.399,0.0009723120382940868,0.03518502717034735,0.11053702287472049,0.0013466670842100397,0.002603593014753591,152.86294112596914,49.85766350559279,2.0659868589474057,0.04840301842527146,0.04840301842527146,0.04840301842527146,0.08475276764559603
1.6800000000000013,0,0.0,0.0008842257288932126,0.0335534076436226,0.10541113895610837,0.0009693965463053557,0.001787783251391227,117.75306693081959,4.5289641127238305,25.0,0.0,0.0,0.04838210589905499,0.08523658870458657
1.6800000000000013,1,0.0665,0.0009020882910822594,0.03389062532690267,0.10647053955256161,0.0010424122857123,0.001956392093031253,118.32802598985019,7.337619470256614,15.126214567203766,0.006611039368489272,0.006611039368489272,0.04838210589905499,0.08523658870458657
1.6800000000000013,2,0.133,0.0009373192162170732,0.03454608360042779,0.10852972244940277,0.0012099079824196717,0.0022841212297938156,121.88213170388903,15.04527436022128,7.101024201069899,0.014082475593440898,0.014082475593440898,0.04838210589905499,0.08523658870458657
1.6800000000000013,3,0.1995,0.0009443343111259992,0.03467511771250187,0.10893509506795718,0.0012421097239945984,0.0023486382858308457,129.6955218087042,23.648925417667922,4.48420359564455,0.02230050395060758,0.02230050395060758,0.04838210589905499,0.08523658870458657
1.6800000000000013,4,0.266,0.0009497660118497786,0.034774698338483734,0.10924793683098168,0.0012642327385624943,0.002398428598821792,137.99834016264612,32.5559708389246,3.2388027942835116,0.03087560631246214,0.03087560631246214,0.04838210589905499,0.08523658870458657
1.6800000000000013,5,0.3325,0.0009571535486034969,0.03490967986770377,0.10967199381154966,0.001291356715035374,0.002465919363431796,145.9739629759552,41.342757280536674,2.5308231133552566,0.03951283654408557,0.03951283654408557,0.04838210589905499,0.08523658870458657
1.6800000000000013,6,0.399,0.0009737991471915018,0.035211923872938235,0.11062152135798581,0.0013448351295444068,0.0026170413660490353,152.6074964158524,49.75985485476554,2.0668798544784557,0.04838210589905499,0.04838210589905499,0.04838210589905499,0.08523658870458657
1.6900000000000013,0,0.0,0.0008852469876409071,0.0335727787280422,0.10547199501261306,0.000968554220979946,0.0017974687936010265,117.61702538352627,4.523731745520241,25.0,0.0,0.0,0.048361244418964305,0.08572020114877621
1.6900000000000013,1,0.0665,0.0009031973395989888,0.03391145189279024,0.1065359681389535,0.001041328294378435,0.0019668053759750374,118.1797725919584,7.32587836833718,15.131822922796179,0.006608589097969778,0.006608589097969778,0.048361244418964305,0.08572020114877621
1.6900000000000013,2,0.133,0.0009386313365667038,0.034570255070571106,0.10860565936243148,0.0012085735071659454,0.002296206964865475,121.70547318283941,15.018233371849472,7.103847514513058,0.014076878733067039,0.014076878733067039,0.048361244418964305,0.08572020114877621
1.6900000000000013,3,0.1995,0.0009456863791891727,0.03469993220311917,0.10901305208938307,0.001240724530865184,0.0023610455311394974,129.5002699216235,23.60556841410056,4.486005151406046,0.022291548187067297,0.022291548187067297,0.048361244418964305,0.08572020114877621
1.6900000000000013,4,0.266,0.0009511460791825975,0.034799954034956504,0.10932727994148184,0.001262784823638361,0.0024110564470581756,137.7846844997945,32.49559355281644,3.2401036397703384,0.030863210291349846,0.030863210291349846,0.048361244418964305,0.08572020114877621
1.6900000000000013,5,0.3325,0.0009585686291049243,0.03493547602250416,0.10975303482196143,0.001289807740019627,0.0024788174408319924,145.74117229801163,41.26472737869676,2.53185835836278,0.03949668024267548,0.03949668024267548,0.048361244418964305,0.08572020114877621
1.6900000000000013,6,0.399,0.0009752853721362281,0.03523878407671858,0.11070590517685606,0.001343010189017054,0.0026304714679392057,152.35302356430225,49.66244277214781,2.067771439743725,0.048361244418964305,0.048361244418964305,0.048361244418964305,0.08572020114877621
1.7000000000000013,0,0.0,0.0008862679489482717,0.033592133005099035,0.10553279826723035,0.0009677138528418085,0.0018071459321294446,117.4813373577801,4.518512975299235,25.0,0.0,0.0,0.04834043459685904,0.0862036054947448
1.7000000000000013,1,0.0665,0.0009043059170718821,0.033932256838499805,0.10660132880355301,0.0010402472854783554,0.001977207848829821,118.03195067628006,7.314175483984793,15.13742395636039,0.006606143838495212,0.006606143838495212,0.04834043459685904,0.0862036054947448
1.7000000000000013,2,0.133,0.0009399429285410499,0.034594399928494814,0.10868151267070657,0.0012072428961853296,0.0023082793938273283,121.52939013186658,14.991289277726265,7.106667003780143,0.0140712938916103,0.0140712938916103,0.04834043459685904,0.0862036054947448
1.7000000000000013,3,0.1995,0.000947037907821083,0.03472471907159303,0.10909092233328604,0.0012393434236929912,0.002373438965376427,129.30567121754578,23.56236963194024,4.487804208039585,0.022282612022346486,0.022282612022346486,0.04834043459685904,0.0862036054947448
1.7000000000000013,4,0.266,0.0009525255691625067,0.03482518086139786,0.10940653235410339,0.0012613413220679567,0.0024236698602788554,137.5717616597574,32.43544013284883,3.2414026477301374,0.030850841708921037,0.030850841708921037,0.04834043459685904,0.0862036054947448
1.7000000000000013,5,0.3325,0.0009599830590271912,0.03496124129703134,0.10983397881913375,0.0012882637263592939,0.0024917000780955855,145.5092067687733,41.18699449965673,2.5328920824748713,0.039480560854488006,0.039480560854488006,0.04834043459685904,0.0862036054947448
1.7000000000000013,6,0.399,0.0009767707156041155,0.03526560790978121,0.11079017473374676,0.0013411916531318238,0.002643883384470524,152.099517571908,49.56542564662483,2.0686615839092513,0.04834043459685904,0.04834043459685904,0.04834043459685904,0.0862036054947448
1.7100000000000013,0,0.0,0.0008872886133412636,0.03361147051378925,0.10559354884247026,0.0009668754345106823,0.0018168146864745514,117.34600142475661,4.5133077471060234,25.0,0.0,0.0,0.048319674259179525,0.0866868022373366
1.7100000000000013,1,0.0665,0.0009054140245713738,0.03395304022384575,0.10666662173427256,0.00103916926729732,0.001987599541502794,117.88455836253775,7.302510725608335,15.143017489743897,0.0066037036586485,0.0066037036586485,0.048319674259179525,0.0866868022373366
1.7100000000000013,2,0.133,0.0009412539932524732,0.034618518250337245,0.10875728261342367,0.001205916092121575,0.002320338554748544,121.35387973912914,14.9644416535457,7.109482635483118,0.014065721111815416,0.014065721111815416,0.048319674259179525,0.0866868022373366
1.7100000000000013,3,0.1995,0.0009483888982347056,0.03474947839925427,0.10916870605517441,0.0012379663830620448,0.0023858186292070476,129.1117223492787,23.519328239018574,4.489600767384262,0.022273695408837467,0.022273695408837467,0.048319674259179525,0.0866868022373366
1.7100000000000013,4,0.266,0.0009539044831487075,0.0348503789053303,0.10948569434380637,0.0012599021966220232,0.0024362688822450757,137.35956787226166,32.37550945173711,3.242699812246248,0.030838500567442004,0.030838500567442004,0.048319674259179525,0.0866868022373366
1.7100000000000013,5,0.3325,0.0009613968401400191,0.03498697579171001,0.1099148261185601,0.0012867247339334485,0.00250456732543492,145.27806184541203,41.10955693311071,2.533924291176227,0.039464478219900095,0.039464478219900095,0.048319674259179525,0.0866868022373366
1.7100000000000013,6,0.399,0.0009782551810160677,0.03529239551676412,0.11087433048305151,0.0013393803491455847,0.0026572771879619797,151.84697072684702,49.46879906129726,2.069550375352593,0.048319674259179525,0.048319674259179525,0.048319674259179525,0.0866868022373366
1.7200000000000013,0,0.0,0.0008883089813441476,0.03363079129296215,0.10565424686038147,0.000966038958644783,0.0018264750760609992,117.21101616346354,4.508116006287059,25.0,0.0,0.0,0.04829896575791763,0.08716979189491578
1.7200000000000013,1,0.0665,0.0009065216631195921,0.03397380210754975,0.10673184711559174,0.0010380941852000285,0.0019979804833547945,117.7375935454466,7.290883768292054,15.148603830098851,0.006601268415331412,0.006601268415331412,0.04829896575791763,0.08716979189491578
1.7200000000000013,2,0.133,0.0009425645318521731,0.034642610112677316,0.10883296943116254,0.0012045931170035573,0.0023323844859185795,121.1789389956038,14.937689856831824,7.112294481745585,0.014060160227709919,0.014060160227709919,0.04829896575791763,0.08716979189491578
1.7200000000000013,3,0.1995,0.0009497393516620186,0.034774210267484396,0.10924640351071573,0.0012365934115061755,0.0023981845633221093,128.9184198797657,23.476443295965385,4.491394852895854,0.02226479819193015,0.02226479819193015,0.04829896575791763,0.08716979189491578
1.7200000000000013,4,0.266,0.0009552828225252834,0.03487554825440617,0.10956476618595876,0.0012584674537935421,0.002448853556783011,137.14809893725857,32.31579993189718,3.2439951734534374,0.030826186431573418,0.030826186431573418,0.04829896575791763,0.08716979189491578
1.7200000000000013,5,0.3325,0.0009628099741200345,0.03501267960489552,0.10999557702923295,0.0012851906592755659,0.0025174192320276756,145.04773269879544,41.032412671910514,2.534955008826242,0.03944843188609604,0.03944843188609604,0.04829896575791763,0.08716979189491578
1.7200000000000013,6,0.399,0.0009797387708147406,0.03531914702412203,0.11095837282203959,0.0013375753678955982,0.0026706529416409357,151.59537985159093,49.37256320764053,2.070437708774479,0.04829896575791763,0.04829896575791763,0.04829896575791763,0.08716979189491578
1.7300000000000013,0,0.0,0.000889329053479505,0.03365009538132096,0.10571489244255375,0.0009652044179405492,0.0018361271202404048,117.07638016068695,4.50293769848796,25.0,0.0,0.0,0.04827830642214503,0.08765257495913722
1.7300000000000013,1,0.0665,0.0009076288337799424,0.03399454254892218,0.10679700513383956,0.0010370220686216135,0.0020083507040410107,117.59105430742343,7.279294458384291,15.15418293348225,0.006598838118751758,0.006598838118751758,0.04827830642214503,0.08765257495913722
1.7300000000000013,2,0.133,0.0009438745454226358,0.03466667559055851,0.10890857335967923,0.0012032738940598669,0.0023444172248591783,121.00456498723064,14.911033328982876,7.115102576561989,0.014054611149164896,0.014054611149164896,0.04827830642214503,0.08765257495913722
1.7300000000000013,3,0.1995,0.0009510892693301287,0.03479891475727931,0.10932401495436611,0.0012352244897457752,0.002410536808219567,128.72576045658263,23.43371393349959,4.49318647577084,0.022255920278235114,0.022255920278235114,0.04827830642214503,0.08765257495913722
1.7300000000000013,4,0.266,0.0009566605886284569,0.03490068899508102,0.10964374815216867,0.0012570370337425412,0.0024614239271204368,136.93735140554685,32.25631073148688,3.2452886985577045,0.030813899559827374,0.030813899559827374,0.04827830642214503,0.08765257495913722
1.7300000000000013,5,0.3325,0.0009642224627042158,0.03503835283567042,0.11007623186242928,0.0012836615387446673,0.0025302558474151224,144.81821530505476,40.95556048430933,2.5359842129504426,0.03943242212996938,0.03943242212996938,0.04827830642214503,0.08765257495913722
1.7300000000000013,6,0.399,0.0009812214880734714,0.035345862569175275,0.1110423021821155,0.0013357772526622715,0.0026840107141675586,151.34473682085513,49.27671320182347,2.0713236940335276,0.04827830642214503,0.04827830642214503,0.04827830642214503,0.08765257495913722
1.7400000000000013,0,0.0,0.0008903488302682411,0.033669382817423606,0.10577548571012041,0.0009643718051323855,0.0018457708382917286,116.94209201093724,4.497772769651433,25.0,0.0,0.0,0.04825769760638467,0.08813515193520108
1.7400000000000013,1,0.0665,0.0009087355375899372,0.034015261606603515,0.10686209597324055,0.001035952884066828,0.002018710232881679,117.44493871762405,7.267742623559317,15.15975479606436,0.006596412761633922,0.006596412761633922,0.04825769760638467,0.08813515193520108
1.7400000000000013,2,0.133,0.0009451840351066817,0.03469071475986298,0.10898409463736455,0.0012019584652234595,0.0023564368095114127,120.8307549204738,14.884471608825315,7.117906909697132,0.014049073873636122,0.014049073873636122,0.04825769760638467,0.08813515193520108
1.7400000000000013,3,0.1995,0.0009524386524137999,0.03482359194838348,0.1094015406366502,0.001233859555208502,0.0024228754037716516,128.53374071958905,23.39113925754962,4.494975653146268,0.02224706154526216,0.02224706154526216,0.04825769760638467,0.08813515193520108
1.7400000000000013,4,0.266,0.0009580377828544014,0.034925801214583795,0.10972264051647393,0.0012556109751390087,0.002473980036871827,136.72732109474322,32.19704025254002,3.246580431689115,0.030801639480089054,0.030801639480089054,0.04825769760638467,0.08813515193520108
1.7400000000000013,5,0.3325,0.0009656343075552128,0.035063995581397354,0.11015679092402289,0.001282137286346893,0.0025430772202785913,144.58950480701452,40.878998292216664,2.5370119339383193,0.039416448406202585,0.039416448406202585,0.04825769760638467,0.08813515193520108
1.7400000000000013,6,0.399,0.0009827033358457927,0.03537254228836292,0.11112611899191523,0.0013339859593822089,0.0026973505737613807,151.0950375714596,49.18124826346165,2.072208268526463,0.04825769760638467,0.04825769760638467,0.04825769760638467,0.08813515193520108
1.7500000000000013,0,0.0,0.0008913683122295927,0.03368865363968345,0.10583602678376057,0.0009635411129924125,0.0018554062494216528,116.80815031639594,4.492621166015229,25.0,0.0,0.0,0.04823713900011333,0.08861752332520222
1.7500000000000013,1,0.0665,0.0009098417755836519,0.034035959338986774,0.10692711981724176,0.0010348866191630176,0.002029059099073309,117.29924477306749,7.256228005823432,15.165319595653534,0.006593992257747114,0.006593992257747114,0.04823713900011333,0.08861752332520222
1.7500000000000013,2,0.133,0.0009464930019999673,0.03471472769533784,0.10905953349904347,0.0012006467737428579,0.002368443277248841,120.65750593354038,14.85800415850973,7.120707508648485,0.014043548324172084,0.014043548324172084,0.04823713900011333,0.08861752332520222
1.7500000000000013,3,0.1995,0.000953787502154282,0.034848241921465795,0.1094789808109968,0.0012324986541160303,0.002435200390312812,128.34235752430885,23.34871856754625,4.496762366338142,0.022238222048062816,0.022238222048062816,0.04823713900011333,0.08861752332520222
1.7500000000000013,4,0.266,0.0009594144064745236,0.03495088499755019,0.10980144354476538,0.0012541891483198186,0.002486521928355025,136.51800445897615,32.13798752263201,3.2478703547581596,0.03078940631158479,0.03078940631158479,0.04823713900011333,0.08861752332520222
1.7500000000000013,5,0.3325,0.00096704551039645,0.035089607940177375,0.11023725452220731,0.0012806179390009557,0.002555883399668601,144.36159691176255,40.80272455440045,2.538038169958275,0.03940051067145456,0.03940051067145456,0.04823713900011333,0.08861752332520222
1.7500000000000013,6,0.399,0.0009841843168554708,0.03539918631167314,0.1112098236598087,0.0013322011655109258,0.00271067258541649,150.84627638159856,49.0861659267663,2.0730914410111483,0.04823713900011333,0.04823713900011333,0.04823713900011333,0.08861752332520222
1.7600000000000013,0,0.0,0.0008923874998811367,0.033707907886370056,0.10589651578370161,0.0009627123343302176,0.001865033372764955,116.67455368686292,4.4874828341101125,25.0,0.0,0.0,0.04821662957758937,0.08909968962097811
1.7600000000000013,1,0.0665,0.000910947548813931,0.03405663580463376,0.10699207684982052,0.0010338232823490813,0.0020393973318968,117.15397068043505,7.2447505461416,15.170877097049084,0.006591576700562105,0.006591576700562105,0.04821662957758937,0.08909968962097811
1.7600000000000013,2,0.133,0.0009478014472370034,0.034738714472176004,0.10913489018094157,0.0011993388419084536,0.002380436665667926,120.48481530760745,14.831630562768254,7.123504344158875,0.014038034535908989,0.014038034535908989,0.04821662957758937,0.08909968962097811
1.7600000000000013,3,0.1995,0.0009551358197168663,0.03487286475551656,0.10955633572556125,0.0012311417025384856,0.0024475118073381966,128.15160747824353,23.306450906015478,4.498546646807007,0.022229401593729905,0.022229401593729905,0.04821662957758937,0.08909968962097811
1.7600000000000013,4,0.266,0.000960790460871397,0.03497594043032703,0.10988015750830962,0.001252771638842005,0.002499049644743445,136.30939758268295,32.07915116866331,3.2491584913206033,0.030777199778689632,0.030777199778689632,0.04821662957758937,0.08909968962097811
1.7600000000000013,5,0.3325,0.000968456072866675,0.0351151900082111,0.1103176229592057,0.0012791034016864415,0.002568674433685465,144.13448716178576,40.72673755235528,2.539062930746592,0.03938460870309968,0.03938460870309968,0.04821662957758937,0.08909968962097811
1.7600000000000013,6,0.399,0.0009856644338164255,0.03542579476841794,0.11129341659204152,0.001330422837239896,0.002723976813788889,150.59844689575078,48.99146303371756,2.073973251056085,0.04821662957758937,0.04821662957758937,0.04821662957758937,0.08909968962097811
1.7700000000000014,0,0.0,0.0008934063937387965,0.03372714559560991,0.10595695282972144,0.0009618854619926053,0.0018746522273848812,116.54130073970387,4.482357720757841,25.0,0.0,0.0,0.048196169372335715,0.08958165131470147
1.7700000000000014,1,0.0665,0.0009120528583078462,0.03407729106144275,0.10705696725286966,0.0010327628404496125,0.002049724960301296,117.00911458687085,7.233310117994801,15.17642720665042,0.00658916612179837,0.00658916612179837,0.048196169372335715,0.08958165131470147
1.7700000000000014,2,0.133,0.0009491093719051078,0.034762675164439455,0.10921016491573135,0.0011980346131724993,0.0023924170117996506,120.31268042239365,14.80535049425691,7.126297345615946,0.014032532625307782,0.014032532625307782,0.048196169372335715,0.08958165131470147
1.7700000000000014,3,0.1995,0.0009564836063331905,0.034897460530450036,0.10963360563140159,0.001229788746673545,0.002459809694804932,127.9614876531699,23.2643357552929,4.500328442605855,0.022220600401800086,0.022220600401800086,0.048196169372335715,0.08958165131470147
1.7700000000000014,4,0.266,0.0009621659473119804,0.035000967596841986,0.10995878267077318,0.0012513583257480003,0.002511563228000925,136.10149711997465,32.02053038212406,3.2504448082457547,0.030765020143187542,0.030765020143187542,0.048196169372335715,0.08958165131470147
1.7700000000000014,5,0.3325,0.0009698659966756574,0.03514074188262719,0.11039789654015673,0.0012775937208044216,0.0025814503708935094,143.90817156661635,40.65103600651256,2.5400861996127557,0.03936874268882896,0.03936874268882896,0.048196169372335715,0.08958165131470147
1.7700000000000014,6,0.399,0.000987143689422792,0.03545236778705852,0.11137689819218648,0.0013286509320291995,0.002737263323109181,150.3515438804363,48.89713752349106,2.0748536927791474,0.048196169372335715,0.048196169372335715,0.048196169372335715,0.08958165131470147
1.7800000000000014,0,0.0,0.0008944249943168505,0.033746366805387173,0.1060173380411508,0.0009610604888633534,0.0018842628322735147,116.40839009979851,4.477245773069174,25.0,0.0,0.0,0.04817575799268511,0.09006340889462833
1.7800000000000014,1,0.0665,0.000913157705089072,0.034097925167068686,0.10712179120751751,0.0010317052812969026,0.002060042013114265,116.86467454698266,7.221906489073787,15.181970055108065,0.00658676045579173,0.00658676045579173,0.04817575799268511,0.09006340889462833
1.7800000000000014,2,0.133,0.0009504167770875831,0.034786609845853834,0.10928535793502878,0.0011967340707189833,0.0024043843525068404,120.14109834553236,14.779163293438033,7.129086603899637,0.014027042390717996,0.014027042390717996,0.04817575799268511,0.09006340889462833
1.7800000000000014,3,0.1995,0.0009578308631591831,0.03492202932451215,0.10971079077433468,0.0012284397031055644,0.002472094091835988,127.7719945297839,23.222371997973283,4.502107818311372,0.022211818116232386,0.022211818116232386,0.04817575799268511,0.09006340889462833
1.7800000000000014,4,0.266,0.0009635408671898243,0.035025966583015176,0.11003731930208206,0.0012499493086594446,0.0025240627210875196,135.8942990318078,31.962123631741182,3.251729346821401,0.03075286696223689,0.03075286696223689,0.04817575799268511,0.09006340889462833
1.7800000000000014,5,0.3325,0.0009712752834564444,0.035166263658805146,0.11047807556470396,0.00127608880889772,0.0025942112589824864,143.68264552242482,40.57561801268316,2.541107999328867,0.03935291220460171,0.03935291220460171,0.04817575799268511,0.09006340889462833
1.7800000000000014,6,0.399,0.0009886220866744534,0.03547890550105101,0.11146026887950836,0.001326885699624383,0.002750532180105425,150.10556171343933,48.8031869208977,2.0757327786141686,0.04817575799268511,0.04817575799268511,0.04817575799268511,0.09006340889462833
1.7900000000000014,0,0.0,0.0008954433021279401,0.033765571553544434,0.1060776715368757,0.0009602374078629671,0.0018938652063521444,116.27582039948891,4.472146938441881,25.0,0.0,0.0,0.048155395873402146,0.09054496285336235
1.7900000000000014,1,0.0665,0.0009142620901779449,0.03411853817892532,0.10718654889413468,0.001030650592831668,0.002070348519042582,116.72064850746757,7.210539308700287,15.187506025607767,0.006584359527587298,0.006584359527587298,0.048155395873402146,0.09054496285336235
1.7900000000000014,2,0.133,0.000951723663906783,0.03481051859059778,0.1093604694718729,0.0011954372371971514,0.002416338724878812,119.97006608042975,14.753068221410707,7.1318722505682315,0.014021563551146407,0.014021563551146407,0.048155395873402146,0.09054496285336235
1.7900000000000014,3,0.1995,0.0009591775913935465,0.034946571216445385,0.10978789140173734,0.0012270945966619982,0.002484365037802608,127.58312478458083,23.180558688335857,4.503884807089612,0.022203054536960837,0.022203054536960837,0.048155395873402146,0.09054496285336235
1.7900000000000014,4,0.266,0.0009649152218746863,0.03505093747402135,0.11011576766982065,0.0012485445503084042,0.0025365481665906037,135.68779954168684,31.903929645591095,3.253012122612864,0.030740740037475987,0.030740740037475987,0.048155395873402146,0.09054496285336235
1.7900000000000014,5,0.3325,0.0009726839349257679,0.03519175543328425,0.11055816033613447,0.0012745887239549703,0.0026069571462220362,143.4579046122523,40.50048182668177,2.5421283437112607,0.03933711696633291,0.03933711696633291,0.048155395873402146,0.09054496285336235
1.7900000000000014,6,0.399,0.0009900996285571318,0.035505408043093045,0.11154352907088906,0.0013251271021015973,0.002763783451126441,149.86049560329997,48.70960958943191,2.0766104854146445,0.048155395873402146,0.048155395873402146,0.048155395873402146,0.09054496285336235
1.8000000000000014,0,0.0,0.0008964613176830752,0.0337847598777834,0.10613795343533952,0.0009594162119484389,0.0019034593684716288,116.14359027852842,4.467061164558785,25.0,0.0,0.0,0.04813508390067701,0.09102631369236912
1.8000000000000014,1,0.0665,0.0009153660145913823,0.03413913015418483,0.10725124049233284,0.0010295987629751306,0.0020806445066723334,116.57703469882958,7.199208499630209,15.193034929439483,0.0065819634104987415,0.0065819634104987415,0.04813508390067701,0.09102631369236912
1.8000000000000014,2,0.133,0.0009530300334379076,0.03483440147172646,0.10943549975577331,0.0011941440564338529,0.0024282801654431506,119.79958114712073,14.727065045645967,7.1346541741892615,0.014016096303835693,0.014016096303835693,0.04813508390067701,0.09102631369236912
1.8000000000000014,3,0.1995,0.0009605237922301658,0.034971086284621304,0.10986490775982106,0.0012257534087960268,0.0024966225718905683,127.39487563031668,23.13889540593044,4.505659340923668,0.02219430996296756,0.02219430996296756,0.04813508390067701,0.09102631369236912
1.8000000000000014,4,0.266,0.0009662890125735568,0.035075880351770866,0.11019412803131792,0.0012471438874758947,0.0025490196054653628,135.48199558186758,31.845947841098255,3.2542930817409537,0.03072863982690301,0.03072863982690301,0.04813508390067701,0.09102631369236912
1.8000000000000014,5,0.3325,0.0009740919526726177,0.03521721729993824,0.11063815114936136,0.0012730933326999512,0.0026196880795490356,143.23394546506506,40.425626740615584,2.5431471819621305,0.03932135768990231,0.03932135768990231,0.04813508390067701,0.09102631369236912
1.8000000000000014,6,0.399,0.0009915763174091255,0.035531875533781836,0.11162667914519592,0.0013233745344396152,0.002777017196470837,149.6163412530047,48.616404362078256,2.077486770488283,0.04813508390067701,0.04813508390067701,0.04813508390067701,0.09102631369236912
1.8100000000000014,0,0.0,0.0008974790414916457,0.03380393181566566,0.10619818385454552,0.0009585968941130082,0.001913045337412759,116.01169838403109,4.461988399385811,25.0,0.0,0.0,0.04811481834083658,0.09150746187577749
1.8100000000000014,1,0.0665,0.000916469479342889,0.03415970114977898,0.10731586618096846,0.0010285497797076818,0.00209093000446941,116.43383139194896,7.187914014691043,15.198556515002164,0.0065795722048532825,0.0065795722048532825,0.04811481834083658,0.09150746187577749
1.8100000000000014,2,0.133,0.0009543358867736335,0.03485825856235634,0.10951044901643217,0.0011928545314942064,0.0024402087107580927,119.62964088637914,14.701153334664156,7.137432360786409,0.014010640654110788,0.014010640654110788,0.04811481834083658,0.09150746187577749
1.8100000000000014,3,0.1995,0.0009618694668347753,0.03499557460661795,0.10994184009230447,0.0012244160998323493,0.0025088667328888917,127.20724361053536,23.09738104500979,4.507431485961418,0.022185584031937954,0.022185584031937954,0.04811481834083658,0.09150746187577749
1.8100000000000014,4,0.266,0.0009676622406747427,0.03510079530116258,0.11027240065329148,0.0012457474695856494,0.002561477080161219,135.27688284191203,31.788176358883796,3.255572301935666,0.030716565545339906,0.030716565545339906,0.04811481834083658,0.09150746187577749
1.8100000000000014,5,0.3325,0.0009754993382727618,0.03524264935205445,0.11071804829745534,0.0012716026058103922,0.0026324041056071394,143.01076251433273,40.35104981921208,2.5441646042686594,0.03930563291078637,0.03930563291078637,0.04811481834083658,0.09150746187577749
1.8100000000000014,6,0.399,0.0009930521561918202,0.03555830810440712,0.11170971951488781,0.0013216285312641113,0.002790233481783478,149.3730898372437,48.52356545440198,2.0783617905739202,0.04811481834083658,0.04811481834083658,0.04811481834083658,0.09150746187577749
1.8200000000000014,0,0.0,0.0008984964740614237,0.03382308740461338,0.10625836291205885,0.0009577794473859225,0.0019226231318866182,115.8801433704211,4.456928591170042,25.0,0.0,0.0,0.04809460151679871,0.09198840789094548
1.8200000000000014,1,0.0665,0.0009175724854647986,0.0341802512228145,0.10738042613944757,0.0010275036517759417,0.0021012050409871695,116.29103647413726,7.176655412914933,15.204071365174194,0.006577185649697475,0.006577185649697475,0.04809460151679871,0.09198840789094548
1.8200000000000014,2,0.133,0.0009556412249812413,0.034882089934883044,0.10958531748128704,0.0011915686263354074,0.002452124397021447,119.46024233791942,14.675332343520559,7.140206950111315,0.014005196305751477,0.014005196305751477,0.04809460151679871,0.09198840789094548
1.8200000000000014,3,0.1995,0.0009632146163685061,0.03502003625965129,0.11001868864176867,0.0012230826516670243,0.002521097559405562,127.02022573836771,23.05601495094133,4.509201221834814,0.022176876808196546,0.022176876808196546,0.04809460151679871,0.09198840789094548
1.8200000000000014,4,0.266,0.0009690349074244503,0.03512568240421227,0.11035058579340154,0.0012443551524847056,0.0025739206316860662,135.0724581819506,31.730614513160905,3.256849741309819,0.03070451753779179,0.03070451753779179,0.04809460151679871,0.09198840789094548
1.8200000000000014,5,0.3325,0.0009769060934396489,0.035268051685060586,0.11079785208021146,0.001270116650306902,0.0026451052721102085,142.7883523030043,40.276750217182325,2.545180570255886,0.03928994318463867,0.03928994318463867,0.04809460151679871,0.09198840789094548
1.8200000000000014,6,0.399,0.0009945271478470701,0.03558470588541605,0.11179265058977653,0.0013198890504462712,0.0028034323722879407,149.13073859555914,48.43109318772643,2.079235441114353,0.04809460151679871,0.04809460151679871,0.04809460151679871,0.09198840789094548
1.8300000000000014,0,0.0,0.000899513615898576,0.033842226681910025,0.10631849072500901,0.0009569638648322026,0.0019321927705349402,115.74892389938336,4.451881688437822,25.0,0.0,0.0,0.04807443347385411,0.09246915222568403
1.8300000000000014,1,0.0665,0.0009186750339417936,0.03420078042933537,0.10744492054383757,0.001026460326043654,0.002111469644247606,116.14864840524763,7.165432818367041,15.209578869754473,0.006574804000580083,0.006574804000580083,0.04807443347385411,0.09246915222568403
1.8300000000000014,2,0.133,0.000956946049145412,0.03490589566176489,0.10966010537797241,0.0011902863440922463,0.0024640272604623693,119.2913831998313,14.64960196863447,7.1429777720405045,0.013999763570793449,0.013999763570793449,0.04807443347385411,0.09246915222568403
1.8300000000000014,3,0.1995,0.0009645592419879645,0.03504447132057851,0.11009545364966764,0.0012217530463607242,0.0025333150898691694,126.83381889426207,23.01479632064484,4.510968558104901,0.022168188208789227,0.022168188208789227,0.04807443347385411,0.09246915222568403
1.8300000000000014,4,0.266,0.0009704070141755039,0.03515054174456814,0.1104286837144366,0.0012429670177932287,0.0025863503018639985,134.86871769248665,31.67326081695982,3.2581254412639957,0.030692495363593128,0.030692495363593128,0.04807443347385411,0.09246915222568403
1.8300000000000014,5,0.3325,0.0009783122198423284,0.03529342439323355,0.11087756279380931,0.0012686354086481285,0.0026577916261966896,142.56671050952147,40.20272622122224,2.546195094457631,0.03927428821839796,0.03927428821839796,0.04807443347385411,0.09246915222568403
1.8300000000000014,6,0.399,0.0009960012946839919,0.03561106899545531,0.11187547274260166,0.001318155501963071,0.0028166139273075714,148.88928250415518,48.338985595239464,2.0801077157651013,0.04807443347385411,0.04807443347385411,0.04807443347385411,0.09246915222568403
1.8400000000000014,0,0.0,0.0009005304675076672,0.03386134968470107,0.10637856741009195,0.0009561501395524065,0.0019417542719304642,115.61803863981359,4.44684763999283,25.0,0.0,0.0,0.04805431291453438,0.09294969535482937
1.8400000000000014,1,0.0665,0.0009197771257994134,0.03422128882597296,0.10750934957205112,0.0010254198318791913,0.002121723842566398,116.00666529151427,7.154245986152017,15.21507920136663,0.006572427174156145,0.006572427174156145,0.04805431291453438,0.09294969535482937
1.8400000000000014,2,0.133,0.0009582503603469697,0.03492967581513578,0.10973481293310364,0.0011890076685443945,0.0024759173371478134,119.12306057334987,14.62396149738453,7.145744953900134,0.013994342177776748,0.013994342177776748,0.04805431291453438,0.09294969535482937
1.8400000000000014,3,0.1995,0.0009659033448688541,0.035068879866328645,0.11017213535768108,0.001220427287506928,0.0025455193627442387,126.64801979599928,22.97372417274737,4.51273354044338,0.022159517973705783,0.022159517973705783,0.04805431291453438,0.09294969535482937
1.8400000000000014,4,0.266,0.0009717785622045429,0.03517537340419719,0.11050669467390369,0.0012415829814527736,0.0025987661316785263,134.66565809650393,31.616114410997955,3.2593993792500715,0.030680499185407648,0.030680499185407648,0.04805431291453438,0.09294969535482937
1.8400000000000014,5,0.3325,0.0009797177190566562,0.03531876756882478,0.11095718072806536,0.0012671587795615232,0.002670463213992305,142.34583361978093,40.12897690289694,2.547208142490792,0.03925866847387463,0.03925866847387463,0.04805431291453438,0.09294969535482937
1.8400000000000014,6,0.399,0.000997474599614559,0.03563739756348842,0.111958186378514,0.0013164284016552786,0.0028297782113241242,148.6487153227131,48.24723940723481,2.0809786663239183,0.04805431291453438,0.04805431291453438,0.04805431291453438,0.09294969535482937
1.8500000000000014,0,0.0,0.0009015470293916705,0.03388045644999472,0.10643859308357233,0.0009553382646823998,0.0019513076545772882,115.48748626776977,4.441826394914222,25.0,0.0,0.0,0.04803424033426237,0.09343003775817199
1.8500000000000014,1,0.0665,0.0009208787620158197,0.03424177646830407,0.10757371339868792,0.0010243821165554236,0.0021319676637319524,115.86508524453522,7.143094671997127,15.220572534024763,0.006570055086722621,0.006570055086722621,0.04803424033426237,0.09343003775817199
1.8500000000000014,2,0.133,0.0009595541596627536,0.034953430466804485,0.10980944037227462,0.0011877325834352373,0.002487794662982166,118.95527197519117,14.598410618216226,7.148508429181743,0.013988932235398727,0.013988932235398727,0.04803424033426237,0.09343003775817199
1.8500000000000014,3,0.1995,0.0009672469261821764,0.0350932619734712,0.11024873400635916,0.0012191053571276947,0.002557710416315516,126.46282581251334,22.932798164066238,4.514496090174898,0.022150866453873895,0.022150866453873895,0.04803424033426237,0.09343003775817199
1.8500000000000014,4,0.266,0.0009731495527263006,0.035200177463650124,0.11058461892486023,0.0012402029726466025,0.0026111681614049923,134.46327599514862,31.559174289978763,3.260671548616714,0.03066852901587814,0.03066852901587814,0.04803424033426237,0.09343003775817199
1.8500000000000014,5,0.3325,0.000981122592637179,0.035344081303363147,0.11103670617052602,0.0012656867269182155,0.002683120081261487,142.12571697183046,40.05550015847394,2.548219755327735,0.03924308325093362,0.03924308325093362,0.04803424033426237,0.09343003775817199
1.8500000000000014,6,0.399,0.0009989470655427473,0.03566369171785465,0.1120407919007033,0.001314707718311558,0.00284292528850724,148.4090325622981,48.15585314435435,2.081848267071915,0.04803424033426237,0.04803424033426237,0.04803424033426237,0.09343003775817199
1.8600000000000014,0,0.0,0.0009025633020519725,0.03389954701466258,0.10649856786128577,0.0009545282333931223,0.0019608529369112195,115.35726546642303,4.436817902554732,25.0,0.0,0.0,0.04801421475590839,0.09391017990573107
1.8600000000000014,1,0.0665,0.0009219799436099744,0.034262243412492926,0.10763801220019306,0.0010233472094428229,0.002142201135826381,115.72390631895203,7.13197855953855,15.226059199824563,0.006567687586631229,0.006567687586631229,0.04801421475590839,0.09391017990573107
1.8600000000000014,2,0.133,0.0009608574481443029,0.034977159687868346,0.10988398791884425,0.0011864610531932365,0.002499659273514098,118.78801449668158,14.572948579874785,7.151268348035455,0.013983533428370267,0.013983533428370267,0.04801421475590839,0.09391017990573107
1.8600000000000014,3,0.1995,0.0009685899870710419,0.03511761771779758,0.11032524983380763,0.0012177872163192333,0.002569888288478708,126.27823353963709,22.89201716290447,4.516256284494909,0.022142233234928973,0.022142233234928973,0.04801421475590839,0.09391017990573107
1.8600000000000014,4,0.266,0.000974519987080136,0.03522495400543809,0.11066245672652267,0.0012388270893984568,0.002623556432298977,134.26156744515694,31.50243888177454,3.2619420023010597,0.030656584307586516,0.030656584307586516,0.04801421475590839,0.09391017990573107
1.8600000000000014,5,0.3325,0.0009825268422521372,0.0353693656900882,0.11111613941411198,0.0012642193362527988,0.002695762274624015,141.90635584956118,39.98229381037399,2.549229979715208,0.039227531762815564,0.039227531762815564,0.04801421475590839,0.09391017990573107
1.8600000000000014,6,0.399,0.001000418694737985,0.035689951575096565,0.11212328967529883,0.0013129928620957921,0.002856055217128198,148.17022829481903,48.064823865137775,2.0827165560943492,0.04801421475590839,0.04801421475590839,0.04801421475590839,0.09391017990573107
1.8700000000000014,0,0.0,0.0009035792859883822,0.033918621415440386,0.10655849185864094,0.0009537200388903607,0.0019703901373001233,115.22737492600973,4.4318221125388355,25.0,0.0,0.0,0.047994236449658036,0.09439012227022765
1.8700000000000014,1,0.0665,0.00092308067165282,0.034282689715497305,0.1077022461555047,0.0010223151502190256,0.002152424287328571,115.58312711236523,7.120897870746231,15.231538383270305,0.006565325017322997,0.006565325017322997,0.047994236449658036,0.09439012227022765
1.8700000000000014,2,0.133,0.0009621602268391269,0.035000863549103055,0.10995845579516093,0.0011851930617355474,0.0025115112041314536,118.6212859447594,14.547575330214773,7.154024519700366,0.01397814610847718,0.01397814610847718,0.047994236449658036,0.09439012227022765
1.8700000000000014,3,0.1995,0.0009699325286740845,0.035141947174748535,0.11040168307703058,0.001216472847547797,0.0025820530169541863,126.09424010347551,22.851380550080773,4.518014101035563,0.022133618391558196,0.022133618391558196,0.047994236449658036,0.09439012227022765
1.8700000000000014,4,0.266,0.0009758898665493587,0.03524970311076342,0.11074020833399563,0.0012374552662663685,0.0026359309849616408,134.0605294833275,31.44590759176349,3.263210692587594,0.030644665460048508,0.030644665460048508,0.047994236449658036,0.09439012227022765
1.8700000000000014,5,0.3325,0.0009839304694562942,0.03539462081985887,0.11119548074426497,0.0012627564885333363,0.002708389839509348,141.68774770703126,39.90935784566003,2.5502387248367913,0.03921201534040691,0.03921201534040691,0.047994236449658036,0.09439012227022765
1.8700000000000014,6,0.399,0.0010018894900791133,0.03571617726217735,0.11220568010116717,0.0013112843540391366,0.002869168060668589,147.93229797491793,47.97414992552492,2.083583517468638,0.047994236449658036,0.047994236449658036,0.047994236449658036,0.09439012227022765
1.8800000000000014,0,0.0,0.000904594981699137,0.033937679688928676,0.10661836519062186,0.0009529136744145221,0.0019799192740442687,115.09781334378351,4.426838974760905,25.0,0.0,0.0,0.0479743058600843,0.09486986532882849
1.8800000000000014,1,0.0665,0.0009241809470568694,0.03430311543116164,0.10776641543378009,0.0010212857832169442,0.0021626371451607404,115.44274579380756,7.109852395720016,15.237010189311626,0.006562967324793644,0.006562967324793644,0.0479743058600843,0.09486986532882849
1.8800000000000014,2,0.133,0.0009634624968338141,0.03502454212174784,0.11003284422502928,0.001183928632239352,0.002523350490453847,118.45508393959555,14.522290616264815,7.156776852194866,0.013972770433569079,0.013972770433569079,0.0479743058600843,0.09486986532882849
1.8800000000000014,3,0.1995,0.0009712745521488194,0.03516625041983879,0.11047803397326453,0.0012151622545129206,0.0025942046394993156,125.9108429666457,22.810888027819367,4.519769454529312,0.022125022306124238,0.022125022306124238,0.0479743058600843,0.09486986532882849
1.8800000000000014,4,0.266,0.0009772591923995298,0.03527442486021608,0.11081787400045999,0.0012360874726327783,0.0026482918596879685,133.860158766454,31.38957942373655,3.2644776140335927,0.030632772474870756,0.030632772474870756,0.0479743058600843,0.09486986532882849
1.8800000000000014,5,0.3325,0.0009853334758793363,0.03541984678454894,0.111274730449615,0.0012612982345032106,0.0027210028218543803,141.46988792086483,39.83669014495028,2.551246034901763,0.03919653323590586,0.03919653323590586,0.0479743058600843,0.09486986532882849
1.8800000000000014,6,0.399,0.0010033594544235885,0.03574236890520844,0.11228796357449909,0.0013095821515544657,0.002882263882184134,147.6952371747104,47.88382983865421,2.0844491276569412,0.0479743058600843,0.0479743058600843,0.0479743058600843,0.09486986532882849
1.8900000000000015,0,0.0,0.0009056103896809103,0.03395672187159349,0.10667818797178995,0.0009521091332404079,0.001989440365376673,114.96857942396788,4.42186843938338,25.0,0.0,0.0,0.047954422543751964,0.095349409554266
1.8900000000000015,1,0.0665,0.0009252807707874222,0.03432352061414414,0.10783052020673306,0.0010202591491247615,0.002172839736651988,115.3027601210499,7.098841485356019,15.242475671404188,0.0065606140469429185,0.0065606140469429185,0.047954422543751964,0.095349409554266
1.8900000000000015,2,0.133,0.0009647642591684498,0.03504819547594988,0.11010715342882317,0.001182667710101912,0.0025351771675548663,118.28940499037506,14.497093064767405,7.159525807132764,0.013967405481012975,0.013967405481012975,0.047954422543751964,0.095349409554266
1.8900000000000015,3,0.1995,0.0009726160586017833,0.035190527527393545,0.11055430275600894,0.0012138553777375088,0.0026063431932766908,125.7280382345349,22.77053792860913,4.521522531822534,0.02211644402879754,0.02211644402879754,0.047954422543751964,0.095349409554266
1.8900000000000015,4,0.266,0.0009786279659230231,0.035299119334580124,0.11089545397970635,0.0012347237182024724,0.002660639096869993,133.66045127814942,31.333452690944213,3.2657428339130687,0.030620904671841014,0.030620904671841014,0.047954422543751964,0.095349409554266
1.8900000000000015,5,0.3325,0.0009867358630615036,0.035445043674091965,0.11135388881269669,0.0012598444771513176,0.0027336012666258932,141.2527721868818,39.76428889876707,2.5522519350587825,0.03918108499649226,0.03918108499649226,0.047954422543751964,0.095349409554266
1.8900000000000015,6,0.399,0.0010048285903143765,0.03576852662423701,0.11237014047243392,0.0013078859514287437,0.0028953427416984214,147.45904061745156,47.7938612451715,2.085313401673505,0.047954422543751964,0.047954422543751964,0.047954422543751964,0.095349409554266
1.9000000000000015,0,0.0,0.0009066255104288182,0.03397574799976703,0.1067379603162862,0.0009513064086769909,0.0019989534294634426,114.8396718777091,4.416910456834965,25.0,0.0,0.0,0.04793458515508155,0.09582875540581683
1.9000000000000015,1,0.0665,0.0009263801438502882,0.03434390531968715,0.10789456064791257,0.0010192352771504138,0.002183032089423492,115.16316854737202,7.087865183076315,15.247934402356712,0.006558265359834186,0.006558265359834186,0.04793458515508155,0.09582875540581683
1.9000000000000015,2,0.133,0.0009660655149007195,0.03507182368193209,0.11018138362715438,0.001181410299110547,0.0025469912705459717,118.12424679781691,14.47198247555433,7.1622712712200345,0.013962051451726963,0.013962051451726963,0.04793458515508155,0.09582875540581683
1.9000000000000015,3,0.1995,0.0009739570492054156,0.03521477857266613,0.11063048966167918,0.0012125522636291953,0.0026184687159129826,125.54582301907288,22.730329571680755,4.523273326203233,0.022107883558727698,0.022107883558727698,0.04793458515508155,0.09582875540581683
1.9000000000000015,4,0.266,0.0009799961883691461,0.035323786613574236,0.1109729485221783,0.0012333639497054659,0.0026729727363670477,133.4614035310615,31.277526223118514,3.267006366776368,0.030609061866834486,0.030609061866834486,0.04793458515508155,0.09582875540581683
1.9000000000000015,5,0.3325,0.0009881376326309373,0.03547021157967198,0.1114329561199731,0.0012583952790006048,0.0027461852194158995,141.03639634103692,39.692152411628875,2.5532564442062493,0.03916567026665736,0.03916567026665736,0.04793458515508155,0.09582875540581683
1.9000000000000015,6,0.399,0.0010062969002785475,0.03579465053857997,0.11245221116981677,0.0013061957171478962,0.0029084046988699,147.22370221253146,47.704240919423334,2.0861763938599354,0.04793458515508155,0.04793458515508155,0.04793458515508155,0.09582875540581683
1.9100000000000015,0,0.0,0.000907640344436428,0.033994758109648374,0.10679768233783338,0.0009505054940671947,0.0020084584844041143,114.71108942302959,4.411964977808831,25.0,0.0,0.0,0.04791479479999477,0.09630790335381677
1.9100000000000015,1,0.0665,0.0009274790672042174,0.03436426960199345,0.10795853692760167,0.0010182141153149502,0.0021932142305766417,115.02396955824227,7.076923560070544,15.253385893162834,0.006555921465595644,0.006555921465595644,0.04791479479999477,0.09630790335381677
1.9100000000000015,2,0.133,0.0009673662650628122,0.03509542680921162,0.11025553503841751,0.0011801563639766374,0.002558792834185738,117.95960733409649,14.446958908511398,7.165013002466617,0.0139567087967006,0.0139567087967006,0.04791479479999477,0.09630790335381677
1.9100000000000015,3,0.1995,0.0009752975250573306,0.03523900362929302,0.110706594921611,0.0012112528313443173,0.002630581244226426,125.36419501802322,22.690262854810157,4.525021716152001,0.02209934145576615,0.02209934145576615,0.04791479479999477,0.09630790335381677
1.9100000000000015,4,0.266,0.000981363860994216,0.03534842677675793,0.11105035787781944,0.0012320081591846717,0.0026852928179588943,133.26301293590404,31.221799728315638,3.2682681362229515,0.030597244727774166,0.030597244727774166,0.04791479479999477,0.09630790335381677
1.9100000000000015,5,0.3325,0.0009895387861156254,0.03549535059034696,0.11151193265122814,0.0012569505337489402,0.002758754724753389,140.82075751857832,39.62028027964564,2.5542594985357288,0.03915028995970325,0.03915028995970325,0.04791479479999477,0.09630790335381677
1.9100000000000015,6,0.399,0.0010077643868362906,0.0358207407669879,0.1125341760397136,0.0013045114203964919,0.002921449813073865,146.98921835002304,47.61496809413975,2.0870380519715996,0.04791479479999477,0.04791479479999477,0.04791479479999477,0.09630790335381677
1.9200000000000015,0,0.0,0.0009086548921957631,0.03401375223730413,0.10685735414973804,0.0009497063827876719,0.002017955548231991,114.58283078478148,4.407031953260826,25.0,0.0,0.0,0.04789504985042821,0.09678685385232105
1.9200000000000015,1,0.0665,0.000928577541826731,0.0343846135154485,0.10802244921665731,0.0010171956727523784,0.0022033861873041656,114.88516120295397,7.0660162367620085,15.258830627255948,0.0065535821481218825,0.0065535821481218825,0.04789504985042821,0.09678685385232105
1.9200000000000015,2,0.133,0.0009686665107048418,0.035119004927389834,0.11032960788127165,0.0011789059089106011,0.002570581893274844,117.79548360370327,14.42202143991065,7.167751247250473,0.013951377014982166,0.013951377014982166,0.04789504985042821,0.09678685385232105
1.9200000000000015,3,0.1995,0.0009766374872978304,0.03526320277142141,0.11078261876874475,0.001209957106419659,0.0026426808152906225,125.18315066730372,22.650336391863284,4.526767836978945,0.022090817024700247,0.022090817024700247,0.04789504985042821,0.09678685385232105
1.9200000000000015,4,0.266,0.000982730985074478,0.03537303990376522,0.1111276822968074,0.0012306563503643763,0.002697599381462538,133.06527529554896,31.16627129239525,3.2695282360587568,0.0305854523282982,0.0305854523282982,0.04789504985042821,0.09678685385232105
1.9200000000000015,5,0.3325,0.0009909393250301713,0.035520460794612234,0.11159081868447807,0.0012555102132635013,0.0027713098268860236,140.6058506464903,39.548669863770336,2.5552611789681503,0.039134942769482914,0.039134942769482914,0.04789504985042821,0.09678685385232105
1.9200000000000015,6,0.399,0.001009231052800258,0.03584679743296449,0.1126160354701227,0.0013028332988294228,0.0029344781460621592,146.7555827356831,47.52603929653318,2.087898442788779,0.04789504985042821,0.04789504985042821,0.04789504985042821,0.09678685385232105
1.9300000000000015,0,0.0,0.0009096691541973114,0.034032730418669103,0.10691697586489274,0.000948909068248588,0.002027444638914477,114.45489469460091,4.402111334407728,25.0,0.0,0.0,0.04787535143349947,0.09726560736665604
1.9300000000000015,1,0.0665,0.0009296755686921805,0.034404937114214225,0.10808629768523423,0.001016179938286416,0.0022135479866870296,114.74674170295722,7.055142998904543,15.264268735697353,0.006551247343158852,0.006551247343158852,0.04787535143349947,0.09726560736665604
1.9300000000000015,2,0.133,0.0009699662528516176,0.03514255810536941,0.11040360237218098,0.0011776588989790462,0.0025823584822646344,117.63187322166917,14.397169745406867,7.170485956741414,0.013946056181308585,0.013946056181308585,0.04787535143349947,0.09726560736665604
1.9300000000000015,3,0.1995,0.0009779769370393833,0.03528737607243578,0.1108585614336245,0.0012086650507185644,0.002654767465797808,125.00268751567465,22.61054990002677,4.5285116049091165,0.022082310640784353,0.022082310640784353,0.04787535143349947,0.09726560736665604
1.9300000000000015,4,0.266,0.0009840975617707586,0.035397626071870754,0.11120492202190768,0.0012293084052769545,0.0027098924655153075,132.86818788279683,31.110940458242148,3.2707866083680663,0.030573685163121735,0.030573685163121735,0.04787535143349947,0.09726560736665604
1.9300000000000015,5,0.3325,0.0009923392509948632,0.03554554228253568,0.11166961450267947,0.001254074396172556,0.0027838505708477493,140.39167243327427,39.47732028870144,2.556261453578319,0.03911962912088569,0.03911962912088569,0.04787535143349947,0.09726560736665604
1.9300000000000015,6,0.399,0.00101069690035788,0.03587282064846459,0.11269778981276059,0.0013011607750047062,0.0029474897538122064,146.522791805898,47.43745379282807,2.088757513120368,0.04787535143349947,0.04787535143349947,0.04787535143349947,0.09726560736665604
1.9400000000000015,0,0.0,0.000910683130930032,0.03405169268954697,0.10697654759577803,0.000948113543893404,0.002036925774353411,114.32727989086231,4.397203072725474,25.0,0.0,0.0,0.04785569793366508,0.09774416434599269
1.9400000000000015,1,0.0665,0.0009307731487933681,0.03442524045262984,0.10815008250404406,0.0010151669207808093,0.0022236996558948376,114.60870970327463,7.044304046498225,15.269699454589478,0.006548917370468866,0.006548917370468866,0.04785569793366508,0.09774416434599269
1.9400000000000015,2,0.133,0.0009712654925456133,0.03516608641213506,0.11047751872786736,0.0011764153382825603,0.00259412263564746,117.46877400944527,14.372403691397013,7.1732169880365495,0.013940746553015117,0.013940746553015117,0.04785569793366508,0.09774416434599269
1.9400000000000015,3,0.1995,0.0009793158754136109,0.03531152360580811,0.11093442314706932,0.0012073766686165161,0.002666841232483973,124.82280242474,22.570902392487014,4.530253077798463,0.02207382198801934,0.02207382198801934,0.04785569793366508,0.09774416434599269
1.9400000000000015,4,0.266,0.0009854635924048337,0.03542218536096564,0.11128207730410557,0.0012279644547442746,0.0027221721100627503,132.67174693582456,31.05580570733222,3.27204330765442,0.030561942675412044,0.030561942675412044,0.04785569793366508,0.09774416434599269
1.9400000000000015,5,0.3325,0.000993738565490776,0.03557059514136992,0.11174832037994453,0.0012526429417118738,0.002796377000264868,140.1782188803079,39.40622996649072,2.557260336741402,0.03910434872947873,0.03910434872947873,0.04785569793366508,0.09774416434599269
1.9400000000000015,6,0.399,0.0010121619325942101,0.03589881054094292,0.1127794394680381,0.0012994946239164602,0.002960484700051371,146.29083940131855,47.34920817182653,2.089615329372366,0.04785569793366508,0.04785569793366508,0.04785569793366508,0.09774416434599269
1.9500000000000015,0,0.0,0.0009116968228813624,0.03407063908561094,0.1070360694544646,0.0009473198031986622,0.0020463989723853975,114.19998511863326,4.392307119947433,25.0,0.0,0.0,0.04783609160270563,0.09822252526201974
1.9500000000000015,1,0.0665,0.0009318702830548222,0.034445523583608785,0.10821380383931932,0.0010141565489473296,0.002233841221384311,114.4710630775363,7.0334988013884585,15.275123705848783,0.006546591826402716,0.006546591826402716,0.04783609160270563,0.09822252526201974
1.9500000000000015,2,0.133,0.0009725642308257041,0.035189589916369064,0.11055135716410251,0.0011751752117002052,0.002605874387764462,117.3061832056315,14.347722550442787,7.175944495247526,0.013935447809863616,0.013935447809863616,0.04783609160270563,0.09822252526201974
1.9500000000000015,3,0.1995,0.0009806543035243771,0.035335645444252974,0.11101020413751879,0.00120609192224334,0.0026789021517064065,124.64349298506593,22.53139359959918,4.531992170572319,0.022065351447280102,0.022065351447280102,0.04783609160270563,0.09822252526201974
1.9500000000000015,4,0.266,0.000986829078231731,0.035446717849459485,0.11135914838973211,0.001226624424692171,0.002734438354309672,132.4759498886604,31.000866718952118,3.273298262582844,0.030550225484522006,0.030550225484522006,0.04783609160270563,0.09822252526201974
1.9500000000000015,5,0.3325,0.0009951372700238072,0.035595619458496645,0.11182693659079095,0.0012512158563362,0.0028088891588282303,139.96548658018546,39.33539787006965,2.5582578074463904,0.03908910185241194,0.03908910185241194,0.04783609160270563,0.09822252526201974
1.9500000000000015,6,0.399,0.0010136261516786368,0.03592476722116599,0.11286098478393848,0.0012978340111535385,0.0029734630401629064,146.0597230956869,47.261302823452255,2.0904717891781934,0.04783609160270563,0.04783609160270563,0.04783609160270563,0.09822252526201974
1.9600000000000015,0,0.0,0.0009127102305372241,0.034089569642404415,0.10709554155261534,0.0009465278396737724,0.002055864250782135,114.07300912962965,4.387423428062679,25.0,0.0,0.0,0.04781652954992996,0.09870069055751904
1.9600000000000015,1,0.0665,0.0009329669724631554,0.03446578656105111,0.10827746186039197,0.0010131488721161503,0.0022439727101054726,114.33380024625943,7.022727215597096,15.280541267832568,0.0065442707982152695,0.0065442707982152695,0.04781652954992996,0.09870069055751904
1.9600000000000015,2,0.133,0.0009738624686841221,0.035213068685674545,0.11062511789326794,0.00117393846527393,0.002617613772417201,117.14409820597582,14.323125739097916,7.17866856298042,0.01393015976746561,0.01393015976746561,0.04781652954992996,0.09870069055751904
1.9600000000000015,3,0.1995,0.0009819922224715554,0.035359741660158574,0.11108590463238713,0.0012048107952801353,0.002690950259659208,124.46475573926938,22.492022187181103,4.533729013045598,0.022056898352824924,0.022056898352824924,0.04781652954992996,0.09870069055751904
1.9600000000000015,4,0.266,0.0009881940203631601,0.03547122361291192,0.11143613551616488,0.0012252881726215461,0.0027466912360358873,132.28079289398315,30.94612186950648,3.2745515399889014,0.030538532919331892,0.030538532919331892,0.04781652954992996,0.09870069055751904
1.9600000000000015,5,0.3325,0.0009965353661947685,0.035620615322679586,0.1119054634140782,0.0012497932091468603,0.0028213870909196987,139.75347139564968,39.26482222908029,2.5592538934798883,0.03907388800101706,0.03907388800101706,0.04781652954992996,0.09870069055751904
1.9600000000000015,6,0.399,0.001015089560371329,0.03595069080994978,0.11294242614001632,0.0012961794391896052,0.0029864248345548025,145.82943554202436,47.17373310736152,2.091327014763381,0.04781652954992996,0.04781652954992996,0.04781652954992996,0.09870069055751904
1.9700000000000015,0,0.0,0.0009137233543820314,0.03410848439534163,0.10715496400148736,0.000945737646860802,0.0020653216272507433,113.94635068217136,4.3825519493142835,25.0,0.0,0.0,0.04779701300049045,0.09917866068752394
1.9700000000000015,1,0.0665,0.000934063217958346,0.03448602943783389,0.10834105673338029,0.0010121438391391964,0.0022540941484968644,114.19691973620165,7.011989345807588,15.285951689940754,0.006541954470902007,0.006541954470902007,0.04779701300049045,0.09917866068752394
1.9700000000000015,2,0.133,0.0009751602071738033,0.03523652278851902,0.11069880113046068,0.0011727051422237708,0.0026293408238394385,116.98251698663366,14.298613236734061,7.181388995549443,0.0139248827854853,0.0139248827854853,0.04779701300049045,0.09917866068752394
1.9700000000000015,3,0.1995,0.000983329633350762,0.035383812325583554,0.11116152485805326,0.0012035332712488807,0.0027029855923716966,124.28658807763503,22.452787654743574,4.53546356865746,0.022048462849763546,0.022048462849763546,0.04779701300049045,0.09917866068752394
1.9700000000000015,4,0.266,0.0009895584201355225,0.03549570273064332,0.11151303893259622,0.0012239558865701277,0.0027589307949015887,132.0862724054134,30.891569807182613,3.2758031796332334,0.030526864563088996,0.030526864563088996,0.04779701300049045,0.09917866068752394
1.9700000000000015,5,0.3325,0.0009979328554648686,0.03564558281987195,0.11198390111983626,0.0012483748596181874,0.0028338708395158805,139.54216908433526,39.1945011617746,2.5602486304999124,0.03905870656807033,0.03905870656807033,0.04779701300049045,0.09917866068752394
1.9700000000000015,6,0.399,0.0010165521611133189,0.03597658142202324,0.11302376389670325,0.0012945306036730652,0.002999370140591533,145.59997341163174,47.08649843961144,2.0921809486081044,0.04779701300049045,0.04779701300049045,0.04779701300049045,0.09917866068752394
1.9800000000000015,0,0.0,0.0009147361948986966,0.03412738337970832,0.10721433691193405,0.0009449492183342648,0.002074771119434086,113.82000854113792,4.3776926361976125,25.0,0.0,0.0,0.04777754164732325,0.09965643610399717
1.9800000000000015,1,0.0665,0.0009351590204990866,0.03450625226702021,0.10840458862498685,0.0010111414593160781,0.002264205563090025,114.0604195916193,7.001284752140535,15.291355605376154,0.006539642565427089,0.006539642565427089,0.04777754164732325,0.09965643610399717
1.9800000000000015,2,0.133,0.000976457447301156,0.0352599522922959,0.11077240708740338,0.0011714751888440528,0.0026410555757278792,116.82143676171235,14.274184254538449,7.184105983119084,0.013919616474892755,0.013919616474892755,0.04777754164732325,0.09965643610399717
1.9800000000000015,3,0.1995,0.0009846665372766387,0.03540785751267728,0.1112370650411811,0.0012022593546860982,0.0027150081859185576,124.10898732583172,22.413689423292915,4.537195817340732,0.022040045002644476,0.022040045002644476,0.04777754164732325,0.09965643610399717
1.9800000000000015,4,0.266,0.000990922278726701,0.035520155278854215,0.11158985887841712,0.001222627410544802,0.002771157069007037,131.8923860350229,30.837210347361363,3.2770530975188708,0.0305152211527217,0.0305152211527217,0.04777754164732325,0.09965643610399717
1.9800000000000015,5,0.3325,0.0009993297394247686,0.03567052203802884,0.11206224998438422,0.0012469609078444737,0.002846340448594325,139.3315769438654,39.124434296560906,2.561241956567098,0.03904355843601466,0.03904355843601466,0.04777754164732325,0.09965643610399717
1.9800000000000015,6,0.399,0.001018013956340718,0.03600243917160749,0.11310499841283549,0.0012928874792124735,0.003012299015383658,145.37133193979798,46.99959674966183,2.0930336001413443,0.04777754164732325,0.04777754164732325,0.04777754164732325,0.09965643610399717
1.9900000000000015,0,0.0,0.0009157487525686366,0.034146266630662336,0.1072736603944071,0.0009441625477009136,0.002084212744911095,113.693981477925,4.372845441458654,25.0,0.0,0.0,0.04775811539042474,0.10013401725790141
1.9900000000000015,1,0.0665,0.0009362543810408796,0.03452645510145504,0.108468057701229,0.0010101417217414047,0.002274306980307439,113.9242983897384,6.990613521221765,15.296752501606981,0.006537335293193417,0.006537335293193417,0.04775811539042474,0.10013401725790141
1.9900000000000015,2,0.133,0.0009777541900903657,0.03528335726448881,0.1108459359761021,0.0011702486096452404,0.0026527580618243315,116.6608554037093,14.249838644718567,7.186819395807506,0.013914361067475256,0.013914361067475256,0.04775811539042474,0.10013401725790141
1.9900000000000015,3,0.1995,0.0009860029353364417,0.03543187729284613,0.11131252540610041,0.0012009890084428102,0.0027270180760029855,123.93195060348177,22.37472669641469,4.538925783765686,0.02203164465866982,0.02203164465866982,0.04775811539042474,0.10013401725790141
1.9900000000000015,4,0.266,0.0009922855973429148,0.03554458133398327,0.11166659559376672,0.0012213027564526287,0.002783370096571563,131.69913017081473,30.783042050870183,3.2783013437455844,0.03050360217518814,0.03050360217518814,0.04775811539042474,0.10013401725790141
1.9900000000000015,5,0.3325,0.0010007260195237552,0.03569543306227083,0.11214051027513626,0.001245551212099724,0.0028587959607153223,139.12169096758493,39.054619955006295,2.5622338951925023,0.03902844318296981,0.03902844318296981,0.04775811539042474,0.10013401725790141
1.9900000000000015,6,0.399,0.0010194749487748662,0.03602826417754558,0.1131861300617695,0.001291250296904356,0.0030252115183527013,145.14350659940436,46.91302618491866,2.0938849697584487,0.04775811539042474,0.04775811539042474,0.04775811539042474,0.10013401725790141
2.0000000000000013,0,0.0,0.0009167610278717815,0.03416513418323433,0.1073329345589585,0.000943377628599535,0.00209364652119709,113.56826827040102,4.368010318092347,25.0,0.0,0.0,0.04775811539042474,0.10061159841180566
2.0000000000000013,1,0.0665,0.0009373494160714,0.03454664012283278,0.10853147081610186,0.001009251068886971,0.002284399490996309,113.7910139066593,6.982434929624087,15.296752501606981,0.006537335293193417,0.006537335293193417,0.04775811539042474,0.10061159841180566
2.0000000000000013,2,0.133,0.0009790504927203506,0.03530673878488349,0.11091939118880378,0.0011690760197342013,0.0026644488220216736,116.5061343863401,14.230939850218661,7.186819395807506,0.013914361067475256,0.013914361067475256,0.04775811539042474,0.10061159841180566
2.0000000000000013,3,0.1995,0.0009873388656854907,0.03545587240281539,0.11138790826730192,0.0011997554984630836,0.0027390156309876163,123.76397704843592,22.344400679854196,4.538925783765686,0.02203164465866982,0.02203164465866982,0.04775811539042474,0.10061159841180566
2.0000000000000013,4,0.266,0.000993648428168662,0.03556898188461791,0.11174325218438406,0.0012200275317320035,0.0027955703718888832,131.51818642197688,30.740748688551893,3.2783013437455844,0.03050360217518814,0.03050360217518814,0.04775811539042474,0.10061159841180566
2.0000000000000013,5,0.3325,0.0010021217882472241,0.035720317599891,0.11221868735571175,0.0012442268810082112,0.0028712382295254042,138.9275790481928,39.00012832837445,2.5622338951925023,0.03902844318296981,0.03902844318296981,0.04775811539042474,0.10061159841180566
2.0000000000000013,6,0.399,0.001020935387628521,0.03605406091064022,0.11326717288894625,0.0012898366547320038,0.0030381098849000215,144.93550387676532,46.84579591466873,2.0938849697584487,0.04775811539042474,0.04775811539042474,0.04775811539042474,0.10061159841180566
2.010000000000001,0,0.0,0.0009177730212865787,0.034183986072328344,0.10739215951524253,0.0009425944547007423,0.0021030724657440975,113.44286770286386,4.363187219340918,25.0,0.0,0.0,0.04772234633341183,0.10108882187513978
2.010000000000001,1,0.0665,0.0009384439160643286,0.034566803503494926,0.10859481594466158,0.0010081690331071778,0.0022944811813273808,113.65361081536375,6.969808291521581,15.306561968658109,0.006533145732187356,0.006533145732187356,0.04772234633341183,0.10108882187513978
2.010000000000001,2,0.133,0.0009803462544452342,0.03533009508468201,0.11099276716866587,0.0011678149899259382,0.002676126971920933,116.34218479061896,14.20240676737931,7.191723184399887,0.013904873343417555,0.013904873343417555,0.04772234633341183,0.10108882187513978
2.010000000000001,3,0.1995,0.00098867426114058,0.03547984168716097,0.1114632099949138,0.001198464217279133,0.002751000273160408,123.58089795766661,22.298548527846577,4.5421050299905374,0.022016223609916907,0.022016223609916907,0.04772234633341183,0.10108882187513978
2.010000000000001,4,0.266,0.0009950106770877072,0.035593355299855876,0.11181982352663855,0.001218670761898155,0.002807757079507865,131.31600634838264,30.67678913117794,3.2806307331206774,0.030481943301456454,0.030481943301456454,0.04772234633341183,0.10108882187513978
2.010000000000001,5,0.3325,0.0010035168765506744,0.03574517269553237,0.11229677194158297,0.0012427547820688689,0.002883665777346093,138.7059036795953,38.91763325898459,2.5640888734561846,0.03900020823584328,0.03900020823584328,0.04772234633341183,0.10108882187513978
2.010000000000001,6,0.399,0.0010223948192068352,0.03607982142620027,0.11334810193538238,0.0012880257780023437,0.003050990142680045,144.69313937344123,46.74374785290149,2.09545438737129,0.04772234633341183,0.04772234633341183,0.04772234633341183,0.10108882187513978
2.020000000000001,0,0.0,0.0009187847332900017,0.03420282233272248,0.10745133537251786,0.000941813019706775,0.002112490595941165,113.31777856599855,4.358376098692252,25.0,0.0,0.0,0.04770056409944289,0.1015658275161342
2.020000000000001,1,0.0665,0.0009395379599256362,0.03458694673366125,0.10865809776857167,0.0010071615083162807,0.0023045527964105435,113.51825302080522,6.958875003435041,15.312730572796655,0.006530513909625748,0.006530513909625748,0.04770056409944289,0.1015658275161342
2.020000000000001,2,0.133,0.0009816415131282054,0.03535342689568428,0.11106606621470554,0.0011665905501134916,0.002687792877422068,116.18225427409908,14.177478362970852,7.194846170779371,0.013898837810616826,0.013898837810616826,0.04770056409944289,0.1015658275161342
2.020000000000001,3,0.1995,0.0009900091491645672,0.03550378569062656,0.11153843230029882,0.0011972001732793935,0.0027629722748932018,123.40443309707709,22.258885032909408,4.54405276430628,0.022006786713724823,0.022006786713724823,0.04770056409944289,0.1015658275161342
2.020000000000001,4,0.266,0.0009963723842261016,0.03561770235260453,0.11189631204869029,0.0012173526374326068,0.0028199306058821908,131.12336938948064,30.621935281567737,3.2820079196107415,0.030469152558248665,0.030469152558248665,0.04770056409944289,0.1015658275161342
2.020000000000001,5,0.3325,0.0010049113559440442,0.03576999968327355,0.11237476822388141,0.0012413493870590579,0.0028960792712166834,138.49652513509824,38.84698028267509,2.5651812348684584,0.03898360031669574,0.03898360031669574,0.04770056409944289,0.1015658275161342
2.020000000000001,6,0.399,0.0010238534236319183,0.03610554897769374,0.11342892742214912,0.0012863775746734351,0.003063853918426779,144.46529004717343,46.655717735784854,2.096411266573846,0.04770056409944289,0.04770056409944289,0.04770056409944289,0.1015658275161342
2.0300000000000007,0,0.0,0.0009197961643575558,0.03422164299906951,0.10751046223964936,0.0009410333173512943,0.0021219009291146783,113.19299965683457,4.353576909878253,25.0,0.0,0.0,0.04768093414953283,0.10204263685762953
2.0300000000000007,1,0.0665,0.0009406315625429574,0.03460707012238568,0.10872131725875368,0.0010061694362214326,0.002314614490772758,113.38356577082696,6.948270694601482,15.318242445407503,0.0065281640734169595,0.0065281640734169595,0.04768093414953283,0.10204263685762953
2.0300000000000007,2,0.133,0.0009829362768931412,0.03537673441253586,0.11113928893841989,0.0011653758425791301,0.0026994466358478595,116.02349393267748,14.153311526343476,7.197621716777988,0.01389347814249468,0.01389347814249468,0.04768093414953283,0.10204263685762953
2.0300000000000007,3,0.1995,0.0009913435347976268,0.03552770455464126,0.1116135756277696,0.0011959432007348282,0.0027749317069005503,123.22942650776434,22.220258982003212,4.545814142291103,0.021998259688989334,0.021998259688989334,0.04768093414953283,0.10204263685762953
2.0300000000000007,4,0.266,0.0009977335552769295,0.035642023198575484,0.11197271823972173,0.001216042298547608,0.002832091028867667,130.93238797972978,30.568305651543206,3.283272663924041,0.03045741558378032,0.03045741558378032,0.04768093414953283,0.10204263685762953
2.0300000000000007,5,0.3325,0.0010063052359579332,0.03579479879110496,0.11245267691886016,0.0012399553915705304,0.0029084788251323886,138.28917295231855,38.77790819398875,2.5661844434856804,0.038968360303894896,0.038968360303894896,0.04768093414953283,0.10204263685762953
2.0300000000000007,6,0.399,0.0010253112302258192,0.0361312441521818,0.11350965119355352,0.001284758724403256,0.003076701505670812,144.2403089552251,46.5700783422632,2.0972743463118535,0.04768093414953283,0.04768093414953283,0.04768093414953283,0.10204263685762953
2.0400000000000005,0,0.0,0.0009208073149632839,0.03424044810589749,0.1075695402251101,0.000940255341399185,0.00213130348252867,113.06852977870398,4.34878960687323,25.0,0.0,0.0,0.04766166503978396,0.10251925350802737
2.0400000000000005,1,0.0665,0.0009417247273163182,0.03462717376676985,0.10878447472026137,0.0010051822192085884,0.0023246663129648437,113.24930245758021,6.937751812124233,15.323631274856028,0.006525868327573651,0.006525868327573651,0.04766166503978396,0.10251925350802737
2.0400000000000005,2,0.133,0.0009842305480537489,0.03540001772483165,0.11121243562127958,0.0011641656147896575,0.002711088291995756,115.86534390764433,14.12934906159044,7.200331338873596,0.013888249761523306,0.013888249761523306,0.04766166503978396,0.10251925350802737
2.0400000000000005,3,0.1995,0.0009926774198132746,0.03555159836170421,0.11168864023650488,0.0011946903531478744,0.002786878610432029,123.05513339532892,22.181928002998358,4.5475400235135295,0.021989910915118854,0.021989910915118854,0.04766166503978396,0.10251925350802737
2.0400000000000005,4,0.266,0.0009990941922188726,0.03566631792669805,0.11204904237911253,0.0012147364061280649,0.002844238392928948,130.74219908182243,30.515039765481557,3.2845167526118475,0.030445879114630793,0.030445879114630793,0.04766166503978396,0.10251925350802737
2.0400000000000005,5,0.3325,0.0010076985192171092,0.03581957012358314,0.11253049835499322,0.0012385666239088833,0.0029208644913714774,138.08271753659852,38.70929044237606,2.567172530381384,0.038953361652379406,0.038953361652379406,0.04766166503978396,0.10251925350802737
2.0400000000000005,6,0.399,0.0010267682453946974,0.03615690713148549,0.11359027382080322,0.0012831489651843006,0.003089532995322655,144.01643197379423,46.48507071290611,2.0981222522655973,0.04766166503978396,0.04766166503978396,0.04766166503978396,0.10251925350802737
2.0500000000000003,0,0.0,0.0009218181855797747,0.03425923768761042,0.10762856943698346,0.0009394790856463571,0.0021406982733851334,112.9443677411999,4.344014143892304,25.0,0.0,0.0,0.04764249235324111,0.10299567843155978
2.0500000000000003,1,0.0665,0.0009428174556102461,0.03464725772625525,0.10884757033983569,0.0010041979742698298,0.002334708292707542,113.11541762891642,6.927274640492199,15.328992785664882,0.006523585821862763,0.006523585821862763,0.04764249235324111,0.10299567843155978
2.0500000000000003,2,0.133,0.0009855243278195137,0.035423276902036394,0.11128550648151454,0.0011629588602371328,0.0027227178805981273,115.70770045683585,14.105489269890452,7.2030263710047455,0.013883053434670554,0.013883053434670554,0.04764249235324111,0.10299567843155978
2.0500000000000003,3,0.1995,0.0009940108054028733,0.0355754671836223,0.11176362635209258,0.0011934410959041038,0.00279881302139107,122.88141716466635,22.143757574494252,4.549257697176214,0.02198160813401961,0.02198160813401961,0.04764249235324111,0.10299567843155978
2.0500000000000003,4,0.266,0.0010004542964215904,0.03569058661473867,0.11212528471117322,0.0012134344020312048,0.00285637273694926,130.55265383645116,30.461990935176992,3.285755783798464,0.030434398226759276,0.030434398226759276,0.04764249235324111,0.10299567843155978
2.0500000000000003,5,0.3325,0.0010090912075088022,0.03584431377003559,0.11260823281291125,0.0012371823226223447,0.002933236314597701,137.87698300724168,38.64095348752879,2.568156853369079,0.03893843161051996,0.03893843161051996,0.04764249235324111,0.10299567843155978
2.0500000000000003,6,0.399,0.001028224472066716,0.03618253803562954,0.11367079568096702,0.0012815452072023619,0.0031023484473946786,143.79339545749804,46.4004341456109,2.098966596007587,0.04764249235324111,0.04764249235324111,0.04764249235324111,0.10299567843155978
2.06,0,0.0,0.000922828776678168,0.03427801177848881,0.10768754998296486,0.000938704543919547,0.002150085318824329,112.82051236013481,4.3392504753898,25.0,0.0,0.0,0.04762337320583775,0.10347191216361816
2.06,1,0.0665,0.0009439097484444319,0.03466732205377956,0.10891060428378528,0.0010032163762154827,0.0023447404564696968,112.98190203587032,6.916831427611151,15.33434372635717,0.006521309407465332,0.006521309407465332,0.04762337320583775,0.10347191216361816
2.06,2,0.133,0.0009868176172098387,0.03544651200996923,0.11135850172590171,0.0011617553966421505,0.002734335434564549,115.55054326007001,14.081713747508518,7.205715961277399,0.013877871475560138,0.013877871475560138,0.04762337320583775,0.10347191216361816
2.06,3,0.1995,0.0009953436926697047,0.03559931109038194,0.11183853419440155,0.001192195337981943,0.0028107349747708895,122.70825099851255,22.10572288065177,4.550972101704669,0.02197332740460939,0.02197332740460939,0.04762337320583775,0.10347191216361816
2.06,4,0.266,0.0010018138690027093,0.03571482933570286,0.11220144546525733,0.0012121360482092065,0.002868494097431352,130.3637230616195,30.40913207462643,3.286992563342372,0.030422946834511605,0.030422946834511605,0.04762337320583775,0.10347191216361816
2.06,5,0.3325,0.0010104833023497199,0.035869029814677746,0.11268588055718487,0.0012358022321078683,0.0029455943369187795,137.6719364112689,38.57286661868255,2.569139358301886,0.038923540553322346,0.038923540553322346,0.04762337320583775,0.10347191216361816
2.06,6,0.399,0.0010296799131719167,0.036208136984246415,0.11375121714988143,0.0012799474308436971,0.0031151479217031157,143.57115320268247,46.316125028725956,2.0998092589489614,0.04762337320583775,0.04762337320583775,0.04762337320583775,0.10347191216361816
2.07,0,0.0,0.000923839088728161,0.03429677041269034,0.10774648197036374,0.0009379317100761238,0.00215946463592509,112.69696245749985,4.334498556057687,25.0,0.0,0.0,0.04760429973339507,0.10394795516095211
2.07,1,0.0665,0.0009450016067715643,0.034687366800894875,0.10897357671406582,0.0010022373557658781,0.0023547628300273557,112.84875258966782,6.906420534298631,15.339687400910343,0.00651903766918128,0.00651903766918128,0.04760429973339507,0.10394795516095211
2.07,2,0.133,0.0009881104172203775,0.03546972311380151,0.11143142155918291,0.001160555191613817,0.002745940986480687,115.39386687490573,14.058018937022968,7.208401723731239,0.013872700750123795,0.013872700750123795,0.04760429973339507,0.10394795516095211
2.07,3,0.1995,0.000996676082668294,0.0356231301508585,0.11191336397981012,0.001190953023827995,0.0028226445050091695,122.53562822536475,22.06781922988036,4.552684066735899,0.021965064681436636,0.021965064681436636,0.04760429973339507,0.10394795516095211
2.07,4,0.266,0.0010031729111823842,0.035739046164167655,0.11227752487565558,0.001210841423239762,0.00288060251166375,130.17539889147395,30.356457375373246,3.2882276176626286,0.0304115200124385,0.0304115200124385,0.04760429973339507,0.10394795516095211
2.07,5,0.3325,0.001011874805159242,0.03589371833970305,0.11276344184603232,0.0012344262512650073,0.0029579385994314296,137.467567844342,38.505022132338894,2.5701204734249004,0.038908681921334856,0.038908681921334856,0.04760429973339507,0.10394795516095211
2.07,6,0.399,0.0010311345707477082,0.03623370408086233,0.1138315385527836,0.0012783548307957586,0.0031279314700110735,143.34969328351934,46.23213401021934,2.1006505832465514,0.04760429973339507,0.04760429973339507,0.04760429973339507,0.10394795516095211
2.0799999999999996,0,0.0,0.0009248491221980152,0.034315513624250414,0.10780536550610556,0.0009371605780038948,0.002168836241705129,112.57371686142405,4.329758340824002,25.0,0.0,0.0,0.047585269021689594,0.104423807851169
2.0799999999999996,1,0.0665,0.0009460930314985646,0.034707392018161524,0.10903648778951727,0.0010012608633323664,0.0023647754386606793,112.71596759275303,6.896041696930673,15.345024079961881,0.0065167704839631906,0.0065167704839631906,0.047585269021689594,0.104423807851169
2.0799999999999996,2,0.133,0.0009894027288435238,0.03549291027842682,0.11150426618522735,0.001159358231265431,0.0027575345687933413,115.2376685379411,14.034403946007277,7.211083917869251,0.013867540738528564,0.013867540738528564,0.047585269021689594,0.104423807851169
2.0799999999999996,3,0.1995,0.000998007976449488,0.03564692443362551,0.1119881159237484,0.001189714138350356,0.002834541646392673,122.36354550198828,22.030045241521787,4.554393745472657,0.021956819192325228,0.021956819192325228,0.047585269021689594,0.104423807851169
2.0799999999999996,4,0.266,0.0010045314241300075,0.03576323717354814,0.11235352317300823,0.00120955046902396,0.0028926980163539893,129.98767790582696,30.30396547171072,3.289460995696181,0.030400117262626494,0.030400117262626494,0.047585269021689594,0.104423807851169
2.0799999999999996,5,0.3325,0.0010132657173871679,0.035918379427554714,0.11284091693845665,0.0012330543925832941,0.0029702691433572625,137.263873626735,38.437418525639096,2.5711002167113595,0.0388938553814553,0.0388938553814553,0.047585269021689594,0.104423807851169
2.0799999999999996,6,0.399,0.0010325884474072212,0.036259239438735595,0.11391176024548504,0.0012767678936634545,0.003140699148947708,143.12900877202756,46.14845663372921,2.101490693567783,0.047585269021689594,0.047585269021689594,0.047585269021689594,0.104423807851169
2.0899999999999994,0,0.0,0.0009258588775545629,0.03433424144708283,0.10786420069673361,0.0009363911416209131,0.002178200153121338,112.45077440613395,4.3250297848513055,25.0,0.0,0.0,0.04756628183171304,0.10489947066948613
2.0899999999999994,1,0.0665,0.0009471840235509099,0.03472739775633038,0.10909933766957819,0.0010002869084426713,0.002374778307745106,112.58354521323082,6.885694504400477,15.350354367490667,0.0065145075876412535,0.0065145075876412535,0.04756628183171304,0.10489947066948613
2.0899999999999994,2,0.133,0.0009906945530468781,0.035516073568076366,0.11157703580582334,0.0011581644824774074,0.0027691162136181152,115.08194561545353,14.010867999884102,7.213762745920203,0.013862391032551736,0.013862391032551736,0.04756628183171304,0.10489947066948613
2.0899999999999994,3,0.1995,0.000999339375083344,0.03567069400736463,0.11206279024198619,0.001188478686956143,0.0028464264332622347,122.191999893615,21.99239993073708,4.556101211256926,0.021948590552142773,0.021948590552142773,0.04756628183171304,0.10489947066948613
2.0899999999999994,4,0.266,0.001005889409043173,0.035787402437506576,0.11242944058873211,0.00120826319792205,0.0029047806483332096,129.80055664156285,30.25165493686325,3.290692754246445,0.03038873801601681,0.03038873801601681,0.04756628183171304,0.10489947066948613
2.0899999999999994,5,0.3325,0.001014656040401704,0.03594301315894159,0.11291830608801216,0.001231686569343811,0.0029825860090507005,137.06084966870623,38.37005387442782,2.5720786350016587,0.038879060165256385,0.038879060165256385,0.04756628183171304,0.10489947066948613
2.0899999999999994,6,0.399,0.0010340415454583721,0.0362847431653672,0.11399188256571005,0.001275186331580184,0.00315345101226351,142.909096264097,46.0650920036435,2.1023295525556245,0.04756628183171304,0.04756628183171304,0.04756628183171304,0.10489947066948613
2.099999999999999,0,0.0,0.0009268683552632131,0.03435295391498033,0.10792298764841093,0.0009356233948752863,0.002187556387070091,112.32813393191347,4.320312843535134,25.0,0.0,0.0,0.04754733715089232,0.10537494404099505
2.099999999999999,1,0.0665,0.0009482745838297968,0.034747384065557746,0.10916212651181925,0.0009993154613682305,0.0023847714623587883,112.45148391962191,6.8753788401582865,15.355678215548776,0.006512248993257914,0.006512248993257914,0.04754733715089232,0.10537494404099505
2.099999999999999,2,0.133,0.0009919858908161235,0.03553921304708963,0.11164973062309931,0.0011569739506630838,0.002780685953124746,114.92669591212643,13.987410748550728,7.216438194183601,0.013857251639818562,0.013857251639818562,0.04754733715089232,0.10537494404099505
2.099999999999999,3,0.1995,0.0010006702796129332,0.035694438940041893,0.11213738714804505,0.0011872466338629308,0.002858298899600864,122.02098891696227,21.954882753918206,4.557806447187044,0.02194037881132871,0.02194037881132871,0.04754733715089232,0.10537494404099505
2.099999999999999,4,0.266,0.0010072468670509576,0.035811542028232744,0.11250527734961811,0.0012069795363084336,0.002916850443696294,129.61403236430087,30.19952506262593,3.2919228728105887,0.030377382418629292,0.030377382418629292,0.04754733715089232,0.10537494404099505
2.099999999999999,5,0.3325,0.0010160457757101965,0.03596761961675162,0.11299560955509902,0.001230322890501519,0.0029948892379557156,136.8584927084632,38.302927060413786,2.5730557221541157,0.03886429630691473,0.03886429630691473,0.04754733715089232,0.10537494404099505
2.099999999999999,6,0.399,0.0010354938674957117,0.03631021537289875,0.1140719058657619,0.0012736103765776255,0.003166187116029286,142.6899507074324,45.98203753004473,2.1031672011967406,0.04754733715089232,0.04754733715089232,0.04754733715089232,0.10537494404099505
2.109999999999999,0,0.0,0.0009278775557879581,0.03437165106161523,0.10798172646692222,0.0009348573317449874,0.0021969049603875407,112.20579428506433,4.3156074725024745,25.0,0.0,0.0,0.04752843599556858,0.10585022840095074
2.109999999999999,1,0.0665,0.0009493647132335446,0.0347673509957993,0.10922485447318085,0.0009983465120776244,0.0023947549274795647,112.31978222105488,6.8650946176710725,15.360995510817656,0.006509994741524214,0.006509994741524214,0.04752843599556858,0.10585022840095074
2.109999999999999,2,0.133,0.0009932767431120144,0.03556232877914446,0.11172235083710512,0.0011557866027415073,0.002792243819152161,114.7719172564136,13.964031856220748,7.219110242525306,0.013852122580277865,0.013852122580277865,0.04752843599556858,0.10585022840095074
2.109999999999999,3,0.1995,0.0010020006910775002,0.03571815929932329,0.112211906854504,0.0011860179640696851,0.0028701590792415605,121.85050987560372,21.917492939514887,4.559509484587096,0.02193218378819885,0.02193218378819885,0.04752843599556858,0.10585022840095074
2.109999999999999,4,0.266,0.0010086037993474104,0.03583565601882087,0.1125810336852985,0.0012056995294063317,0.002928907438990357,129.42810184844222,30.147574629943648,3.2931513873719584,0.03036605009519567,0.03036605009519567,0.04752843599556858,0.10585022840095074
2.109999999999999,5,0.3325,0.0010174349248150219,0.03599219888349603,0.11307282759893388,0.0012289633372203604,0.003007178871327919,136.65679930155872,38.23603678217133,2.5740314844889713,0.03884956365242488,0.03884956365242488,0.04752843599556858,0.10585022840095074
2.109999999999999,6,0.399,0.0010369454155124728,0.03633565616253978,0.11415183046359967,0.0012720394820513324,0.0031789075108497994,142.47156900345385,45.89929258636137,2.104003590804539,0.04752843599556858,0.04752843599556858,0.04752843599556858,0.10585022840095074
2.1199999999999988,0,0.0,0.0009288864795913795,0.03439033292053998,0.10804041725767562,0.0009340929462376664,0.002206245889849917,112.08375431786654,4.310913627610251,25.0,0.0,0.0,0.04750957724109434,0.10632532417336168
2.1199999999999988,1,0.0665,0.0009504544127001173,0.03478729859758909,0.1092875217124204,0.0009973800894896453,0.002404728728374461,112.18843868346082,6.854841799077863,15.366306031825971,0.00650774491884287,0.00650774491884287,0.04750957724109434,0.10632532417336168
2.1199999999999988,2,0.133,0.0009945671108919326,0.03558542082764528,0.11179489664703163,0.0011546024250407964,0.002803789843402569,114.6176074423588,13.940730938946361,7.2217788969838335,0.013847003823637535,0.013847003823637535,0.04750957724109434,0.10632532417336168
2.1199999999999988,3,0.1995,0.0010033306105124867,0.03574185515257667,0.11228634957300536,0.0011847926626691843,0.0028820070058682523,121.680560084419,21.88022971492082,4.561210356097916,0.021924005295285116,0.021924005295285116,0.04750957724109434,0.10632532417336168
2.1199999999999988,4,0.266,0.001009960207083247,0.03585974448134432,0.11265670982219843,0.001204423126172378,0.002940951670252081,129.2427622967715,30.095802841827666,3.2943782884285673,0.030354741090677973,0.030354741090677973,0.04750957724109434,0.10632532417336168
2.1199999999999988,5,0.3325,0.0010188234890194463,0.03601675103787972,0.11314996046677549,0.0012276077191846768,0.003019454948519766,136.45576655897926,38.16938227923692,2.575005892437704,0.03883486258951124,0.03883486258951124,0.04750957724109434,0.10632532417336168
2.1199999999999988,6,0.399,0.0010383961920739618,0.036361065645150965,0.11423165670750249,0.0012704741305592142,0.0031916122521553915,142.2539460943497,45.816854513614345,2.1048387674033657,0.04750957724109434,0.04750957724109434,0.04750957724109434,0.10632532417336168
2.1299999999999986,0,0.0,0.0009298951271346544,0.03440899952518779,0.10809906012570465,0.0009333302323904643,0.0022155791921738216,111.96201288853938,4.306231264943822,25.0,0.0,0.0,0.04749076060546465,0.10680023177941633
2.1299999999999986,1,0.0665,0.0009515436831220645,0.03480722692048244,0.1093501283852205,0.0009964161446673057,0.0024146928898211343,112.05745160475261,6.8446200751340465,15.371610166040963,0.006505499353666963,0.006505499353666963,0.04749076060546465,0.10680023177941633
2.1299999999999986,2,0.133,0.0009958569951314057,0.03560848925610911,0.11186736825242347,0.0011534214231917843,0.0028153240576344867,114.46376429790658,13.917507635226947,7.224444153217815,0.013841895359584078,0.013841895359584078,0.04749076060546465,0.10680023177941633
2.1299999999999986,3,0.1995,0.0010046600389493742,0.0357655265668704,0.11236071551425061,0.0011835707146862593,0.002893842713015115,121.5111373717482,21.84309280872878,4.562908990763011,0.021915843643262753,0.021915843643262753,0.04749076060546465,0.10680023177941633
2.1299999999999986,4,0.266,0.00101131609130812,0.035883807485835376,0.11273230598033084,0.0012031502245528805,0.0029529831724976097,129.058010836683,30.044208808978553,3.295603577289567,0.030343455350368295,0.030343455350368295,0.04749076060546465,0.10680023177941633
2.1299999999999986,5,0.3325,0.0010202114697926623,0.03604127616126267,0.11322700841422373,0.0012262561691474933,0.003031717510211241,136.25539020325098,38.102961369632574,2.5759790133226828,0.03882019204458224,0.03882019204458224,0.04749076060546465,0.10680023177941633
2.1299999999999986,6,0.399,0.0010398461994488796,0.036386443926012896,0.11431138492821906,0.0012689140430964603,0.0032043013925863563,142.0370776888975,45.73472145599127,2.1056727398148523,0.04749076060546465,0.04749076060546465,0.04749076060546465,0.10680023177941633
2.1399999999999983,0,0.0,0.0009309034988775618,0.03442765090887319,0.10815765517566997,0.0009325691842698262,0.00222490488401652,111.84056886120254,4.301560340815482,25.0,0.0,0.0,0.04747198580550406,0.10727495163747137
2.1399999999999983,1,0.0665,0.0009526325253890563,0.034827136013836545,0.1094126746466414,0.000995454667705372,0.002424647436498188,111.92681963080308,6.8344294717987255,15.376907552071865,0.006503258191633345,0.006503258191633345,0.04747198580550406,0.10727495163747137
2.1399999999999983,2,0.133,0.0009971463967810726,0.03563153412739677,0.1119397658507637,0.0011522435643828578,0.0028268464932783154,114.31038573141097,13.894361654776592,7.227105970867934,0.013836797246794843,0.013836797246794843,0.04747198580550406,0.10727495163747137
2.1399999999999983,3,0.1995,0.001005988977438833,0.03578917360938656,0.11243500488929853,0.0011823521258082642,0.0029056662342731975,121.34223896079234,21.806081332212575,4.564605447084253,0.02190769852055391,0.02190769852055391,0.04747198580550406,0.10727495163747137
2.1399999999999983,4,0.266,0.0010126714532696724,0.03590784510559459,0.11280782238997616,0.0012018809879606903,0.0029650019823772166,128.87384430715343,29.99279133127157,3.2968272903891047,0.03033219249656163,0.03033219249656163,0.04747198580550406,0.10727495163747137
2.1399999999999983,5,0.3325,0.0010215988684950201,0.036065774332801406,0.11330397168995622,0.0012249085769369546,0.0030439665959806107,136.0556670609068,38.03677297777813,2.5769508401880823,0.03880555206582884,0.03880555206582884,0.04747198580550406,0.10727495163747137
2.1399999999999983,6,0.399,0.0010412954398931924,0.0364117911098096,0.11439101545462398,0.0012673591898352673,0.003216974984484709,141.82095956465918,45.65289158210541,2.1065055169528146,0.04747198580550406,0.04747198580550406,0.04747198580550406,0.10727495163747137
2.149999999999998,0,0.0,0.0009319115952784887,0.03444628710479262,0.10821620251186131,0.0009318097959713207,0.002234222981976233,111.71942110583765,4.2969008117629865,25.0,0.0,0.0,0.04745325316557793,0.10774948416912715
2.149999999999998,1,0.0665,0.0009537209404092374,0.03484702592720143,0.10947516065234907,0.0009944956682443064,0.002434592393180631,111.79654098261226,6.824269582200126,15.382198803255564,0.0065010211660270255,0.0065010211660270255,0.04745325316557793,0.10774948416912715
2.149999999999998,2,0.133,0.0009984353167884034,0.03565455550410319,0.1120120896387001,0.0011510688353207842,0.0028383571816315233,114.15746919858195,13.87129224120244,7.22976455355007,0.013831709077012262,0.013831709077012262,0.04745325316557793,0.10774948416912715
2.149999999999998,3,0.1995,0.0010073174269819084,0.03581279634619783,0.11250921790572248,0.0011811368405634144,0.0029174776026788317,121.17386233661928,21.769194648716805,4.566299731890262,0.021899569864329532,0.021899569864329532,0.04745325316557793,0.10774948416912715
2.149999999999998,4,0.266,0.001014026294109791,0.03593185741179872,0.11288325927474281,0.001200615310206269,0.0029770081354792794,128.6902603300221,29.941549998429295,3.298049377429461,0.030320952950055952,0.030320952950055952,0.04745325316557793,0.10774948416912715
2.149999999999998,5,0.3325,0.0010229856866158208,0.0360902456336517,0.1133808505489313,0.0012235650425148094,0.0030562022464057587,135.8565944961054,37.97081654167587,2.5779213319521963,0.03879094321480806,0.03879094321480806,0.04745325316557793,0.10774948416912715
2.149999999999998,6,0.399,0.0010427439159419623,0.036437107305730305,0.1144705486297453,0.0012658097960355265,0.003229633082445064,141.60558811311273,45.57136365683623,2.1073370807913108,0.04745325316557793,0.04745325316557793,0.04745325316557793,0.10774948416912715
2.159999999999998,0,0.0,0.0009329194167944357,0.03446490814602501,0.10827470223819918,0.0009310520616194538,0.0022435335025924276,111.59856849825016,4.292252634548083,25.0,0.0,0.0,0.04743456344301418,0.1082238298035573
2.159999999999998,1,0.0665,0.0009548089290877895,0.03486689670992825,0.10953758655738471,0.0009935391363408118,0.0024445277845440393,111.6666143866371,6.814140499369343,15.387483409972537,0.006498788485139201,0.006498788485139201,0.04743456344301418,0.1082238298035573
2.159999999999998,2,0.133,0.0009997237561189508,0.03567755344893789,0.11208433981324045,0.001149897241734944,0.0028498561540488726,114.00501286991373,13.84829934172748,7.232419740263384,0.013826631140238315,0.013826631140238315,0.04743456344301418,0.1082238298035573
2.159999999999998,3,0.1995,0.0010086453886216768,0.035836394843899756,0.11258335477273862,0.0011799248850964815,0.0029292768515297965,121.00600501975461,21.732432140531476,4.567991849107201,0.021891457625859093,0.021891457625859093,0.04743456344301418,0.1082238298035573
2.159999999999998,4,0.266,0.001015380614907368,0.035955844474265475,0.11295861685396957,0.0011993531233377474,0.002989001666712657,128.5072556676858,29.890483518015305,3.299269886023528,0.030309736230922844,0.030309736230922844,0.04743456344301418,0.1082238298035573
2.159999999999998,5,0.3325,0.0010243719254105473,0.036114690140567555,0.11345764523227876,0.0012222253457925766,0.0030684244998636845,135.65816893896204,37.90509056421572,2.5788905110025,0.03877636509706908,0.03877636509706908,0.04743456344301418,0.1082238298035573
2.159999999999998,6,0.399,0.0010441916298275257,0.036462392617296335,0.11454998477880488,0.0012642655783014385,0.0032422757382280787,141.39096012833528,45.490136857009794,2.1081673940171424,0.04743456344301418,0.04743456344301418,0.04743456344301418,0.1082238298035573
2.1699999999999977,0,0.0,0.0009339269638810241,0.03448351406553236,0.10833315445823676,0.0009302959753674913,0.0022528364623461026,111.4780099200314,4.287615766155054,25.0,0.0,0.0,0.047415914141093335,0.10869798894496824
2.1699999999999977,1,0.0665,0.0009558964922848108,0.0348867484104015,0.10959995251375275,0.000992585023662414,0.0024544536347806635,111.5370382249421,6.804041964068669,15.392761657549414,0.006496560021180786,0.006496560021180786,0.047415914141093335,0.10869798894496824
2.1699999999999977,2,0.133,0.0010010117157134763,0.03570052802396052,0.11215651656935091,0.0011487287511318214,0.002861343441560191,113.85301457869201,13.82538255741028,7.235071550889406,0.013821563380075631,0.013821563380075631,0.047415914141093335,0.10869798894496824
2.1699999999999977,3,0.1995,0.0010099728633744583,0.035859969168388364,0.11265741569736537,0.001178716224430403,0.0029410640137741005,120.83866479865662,21.695793450530072,4.569681748408436,0.021883362016365534,0.021883362016365534,0.047415914141093335,0.10869798894496824
2.1699999999999977,4,0.266,0.0010167344167991614,0.035979806363597,0.11303389534945964,0.0011980944665764231,0.0030009826113784215,128.32482772804252,29.839591224760564,3.300488795622642,0.030298542486381887,0.030298542486381887,0.047415914141093335,0.10869798894496824
2.1699999999999977,5,0.3325,0.0010257575864322601,0.03613910793527768,0.11353435599675694,0.0012208897355061835,0.0030806333972187463,135.46038651112704,37.83959320412377,2.57985842449185,0.03876181694726013,0.03876181694726013,0.047415914141093335,0.10869798894496824
2.1699999999999977,6,0.399,0.0010456385834930484,0.03648764714261814,0.11462932421002575,0.0012627262660901614,0.0032549030008889803,141.17706935214827,45.40920726296691,2.1089965639475947,0.047415914141093335,0.047415914141093335,0.047415914141093335,0.10869798894496824
2.1799999999999975,0,0.0,0.0009349342369925011,0.034502104896160304,0.10839155927516164,0.0009295415313972761,0.0022621318776600754,111.35774425852094,4.282990163789267,25.0,0.0,0.0,0.047397306596855586,0.10917196201093679
2.1799999999999975,1,0.0665,0.0009569836309209662,0.034906581077968866,0.10966225867648348,0.0009916333783682955,0.0024643699685643465,111.40781118474565,6.793974009784196,15.39803317238248,0.006494335924626884,0.006494335924626884,0.047397306596855586,0.10917196201093679
2.1799999999999975,2,0.133,0.0010022991965310225,0.035723479291350925,0.11222862010237518,0.0011475633695201065,0.0028728190752553917,113.70147211372881,13.80254143165934,7.237720037045354,0.013816505679711658,0.013816505679711658,0.047397306596855586,0.10917196201093679
2.1799999999999975,3,0.1995,0.001011299852253048,0.03588351938527502,0.11273140088572695,0.0011775108443327887,0.0029528391222174285,120.67183866012813,21.659277405872007,4.571369552126102,0.021875282420230263,0.021875282420230263,0.047397306596855586,0.10917196201093679
2.1799999999999975,4,0.266,0.0010180877009667401,0.03600374315094697,0.11310909498474882,0.0011968393674981646,0.0030129510050534033,128.14297345013478,29.788871978075235,3.3017061386026527,0.030287371377733206,0.030287371377733206,0.047397306596855586,0.10917196201093679
2.1799999999999975,5,0.3325,0.0010271426709375767,0.036163499094012175,0.11361098308184979,0.0012195579367249342,0.003092828976585996,135.2632450261578,37.7743243272477,2.580825003098428,0.03874729975102701,0.03874729975102701,0.047397306596855586,0.10917196201093679
2.1799999999999975,6,0.399,0.001047084779435454,0.03651287098911171,0.11470856726086524,0.00126119232467874,0.0032675149241357675,140.9639132715071,45.32857465771843,2.109824527595291,0.047397306596855586,0.047397306596855586,0.047397306596855586,0.10917196201093679
2.1899999999999973,0,0.0,0.000935941236581746,0.03452068067063869,0.10844991679179768,0.0009287887239190524,0.002271419764899266,111.23777040676944,4.278375784875748,25.0,0.0,0.0,0.04737874061100215,0.10964574941704681
2.1899999999999973,1,0.0665,0.0009580703458719141,0.034926394761014425,0.10972450519757995,0.0009906841522780037,0.0024742768100871264,111.27893157512386,6.783936291073241,15.403298439219155,0.006492115983767782,0.006492115983767782,0.04737874061100215,0.10964574941704681
2.1899999999999973,2,0.133,0.0010035861995058347,0.03574640731264194,0.11230065060562439,0.0011464010645509644,0.0028842830859009015,113.5503834386793,13.77977567394997,7.240365164531747,0.013811458086377784,0.013811458086377784,0.04737874061100215,0.10964574941704681
2.1899999999999973,3,0.1995,0.0010126263562890924,0.03590704556028455,0.11280531054430395,0.0011763087504765592,0.0029646022097221942,120.50552485145202,21.622884082532043,4.57305512028351,0.02186721947794944,0.02186721947794944,0.04737874061100215,0.10964574941704681
2.1899999999999973,4,0.266,0.0010194404684293883,0.036027654904359725,0.1131842159736048,0.0011955876706378722,0.003024906881759782,127.96169057104629,29.738325427705963,3.302921860281672,0.030276223365293915,0.030276223365293915,0.04737874061100215,0.10964574941704681
2.1899999999999973,5,0.3325,0.00102852718037571,0.03618786369612483,0.11368752673685455,0.0012182301056327238,0.003105011277642323,135.0667407226998,37.70928218315735,2.581790288838397,0.03873281282074702,0.03873281282074702,0.04737874061100215,0.10964574941704681
2.1899999999999973,6,0.399,0.001048530220143191,0.03653806426367134,0.11478771426714163,0.001259663727981246,0.00328011156141558,140.75148785035614,45.24823733618481,2.1106512902282235,0.04737874061100215,0.04737874061100215,0.04737874061100215,0.10964574941704681
2.199999999999997,0,0.0,0.0009369479631002762,0.034539241421582115,0.10850822711060665,0.0009280375471712878,0.002280700140370979,111.11808726350155,4.273772587057752,25.0,0.0,0.0,0.04736021618456228,0.11011935157889244
2.199999999999997,1,0.0665,0.0009591566380105388,0.03494618950773099,0.1097866922284444,0.0009897373358282594,0.002484174183445409,111.15039801029997,6.7739287553282,15.408557282636298,0.006489900265528993,0.006489900265528993,0.04736021618456228,0.11011935157889244
2.199999999999997,2,0.133,0.0010048727255689512,0.03576931214910616,0.11237260827159205,0.001145241823211199,0.0028957355041330135,113.39974639838309,13.75708486194511,7.243006969599338,0.013806420512878743,0.013806420512878743,0.04736021618456228,0.11011935157889244
2.199999999999997,3,0.1995,0.0010139523764650768,0.03593054775805026,0.11287914487614792,0.0011751098882854148,0.0029763533086050484,120.3397204815619,21.586612408744525,4.574738555680624,0.021859172668091877,0.021859172668091877,0.04736021618456228,0.11011935157889244
2.199999999999997,4,0.266,0.001020792720536897,0.03605154169748316,0.1132592585473992,0.0011943396561718853,0.0030368502783215006,127.78097565992272,29.6879500278659,3.30413603970581,0.030265097683115885,0.030265097683115885,0.04736021618456228,0.11011935157889244
2.199999999999997,5,0.3325,0.001029911116092854,0.03621220181888625,0.11376398720452399,0.001216906138070862,0.0031171803390230316,134.87087005735657,37.6444652447282,2.5827543087823277,0.038718355694911714,0.038718355694911714,0.04736021618456228,0.11011935157889244
2.199999999999997,6,0.399,0.0010499749075252142,0.03656322706272996,0.11486676553180794,0.0012581399529311128,0.003292692960944891,140.5397892722999,45.16819379616412,2.111476848211609,0.04736021618456228,0.04736021618456228,0.04736021618456228,0.11011935157889244
2.209999999999997,0,0.0,0.0009379544169982532,0.034557787181490524,0.10856649033369015,0.0009272879954204975,0.0022899730203251836,110.99869373307925,4.269180528195356,25.0,0.0,0.0,0.04734173308487368,0.11059276890974118
2.209999999999997,1,0.0665,0.0009602425082070247,0.03496596536612228,0.10984881991988489,0.0009887929195645144,0.002494062112641054,111.02220893820892,6.763951176038023,15.413809923926753,0.00648768866967606,0.00648768866967606,0.04734173308487368,0.11059276890974118
2.209999999999997,2,0.133,0.0010061587756482991,0.035792193861758866,0.11244449329196333,0.0011440856326351669,0.002907176360459365,113.24955865267734,13.734468377557409,7.2456455932237605,0.013801392672796686,0.013801392672796686,0.04734173308487368,0.11059276890974118
2.209999999999997,3,0.1995,0.0010152779138054378,0.0359540260437312,0.11295290408596204,0.001173914284046907,0.0029880924514455176,120.17442310471831,21.55046174212639,4.5764198717749,0.021851141897348773,0.021851141897348773,0.04734173308487368,0.11059276890974118
2.209999999999997,4,0.266,0.00102214445814639,0.03607540359502412,0.11333422290941458,0.001193094877047772,0.0030487812270919784,127.60082665506184,29.637745621917404,3.3053486011668776,0.030253994983977576,0.030253994983977576,0.04734173308487368,0.11059276890974118
2.209999999999997,5,0.3325,0.001031294479436884,0.03623651353933081,0.11384036472686873,0.0012155860222278962,0.0031293361992453107,134.67563122156275,37.57987369700345,2.5837169732771494,0.03870392966190931,0.03870392966190931,0.04734173308487368,0.11059276890974118
2.209999999999997,6,0.399,0.001051418844046357,0.03658835949205095,0.11494572138712963,0.0012566214660497364,0.0033052591756053884,140.32881360199116,45.08844234807279,2.112301208338132,0.04734173308487368,0.04734173308487368,0.04734173308487368,0.11059276890974118
2.2199999999999966,0,0.0,0.0009389605987244884,0.034576317982749745,0.10862470656279126,0.0009265400629610704,0.0022992384209547943,110.87958872546542,4.264599566364055,25.0,0.0,0.0,0.047323289584060985,0.1110660018055818
2.2199999999999966,1,0.0665,0.0009613279573497983,0.034985722384384764,0.10991088842331516,0.0009878509131241392,0.0025039406217722956,110.89436300892183,6.75400352127417,15.419056143459215,0.006485481281707385,0.006485481281707385,0.047323289584060985,0.1110660018055818
2.2199999999999966,2,0.133,0.0010074443506899935,0.03581505251173784,0.11251630585880827,0.0011429324989485807,0.002918605685448851,113.09981844871454,13.711926179358821,7.2482808738402325,0.013796374856403532,0.013796374856403532,0.047323289584060985,0.1110660018055818
2.2199999999999966,3,0.1995,0.0010166029693081421,0.03597748048180019,0.11302658837629365,0.0011727219034493267,0.002999819670480011,120.00963034510033,21.51443150325548,4.578099069312659,0.02184312713333521,0.02184312713333521,0.047323289584060985,0.1110660018055818
2.2199999999999966,4,0.266,0.0010234956824155114,0.03609924066676653,0.11340910927888363,0.0011918535871204726,0.003060699762963183,127.42123970172247,29.587710201063413,3.306559677509036,0.030242914011258375,0.030242914011258375,0.047323289584060985,0.1110660018055818
2.2199999999999966,5,0.3325,0.0010326772718292222,0.03626079893551973,0.11391665954912537,0.0012142698094459164,0.00314147889733977,134.48101857004858,37.51550387573659,2.584678457618294,0.03868953204034017,0.03868953204034017,0.047323289584060985,0.1110660018055818
2.2199999999999966,6,0.399,0.001052862031881667,0.03661346165199286,0.11502458214839238,0.0012551079970957394,0.0033178102555763457,140.11855543418955,45.00897986756503,2.1131244441992707,0.047323289584060985,0.047323289584060985,0.047323289584060985,0.1110660018055818
2.2299999999999964,0,0.0,0.0009399665087264493,0.03459483385763205,0.10868287589929629,0.0009257937441150964,0.0023084963583959455,110.76077115618766,4.260029659853371,25.0,0.0,0.0,0.04730488761865273,0.11153905068176832
2.2299999999999964,1,0.0665,0.0009624129863034885,0.03500546061014284,0.10997289788835163,0.000986911287903978,0.0025138097346513355,110.76685886247144,6.7440857438352735,15.42429575628138,0.006483278172313058,0.006483278172313058,0.04730488761865273,0.11153905068176832
2.2299999999999964,2,0.133,0.0010087294516154192,0.03583788815954097,0.11258804616218654,0.00114178239015661,0.002930023509350417,112.95052380576638,13.689457989564694,7.250912774769255,0.013791367115594946,0.013791367115594946,0.04730488761865273,0.11153905068176832
2.2299999999999964,3,0.1995,0.0010179275439674282,0.03600091113644863,0.11310019794880598,0.0011715327324217715,0.0030115349978042287,119.84534010001205,21.478521372288025,4.579776094579707,0.0218351286034164,0.0218351286034164,0.04730488761865273,0.11153905068176832
2.2299999999999964,4,0.266,0.0010248463945399943,0.0361230529829301,0.11348391787640807,0.001190615808178671,0.00307260592104497,127.24221313332598,29.537843961983718,3.3077691552941832,0.030231855762953418,0.030231855762953418,0.04730488761865273,0.11153905068176832
2.2299999999999964,5,0.3325,0.001034059494506357,0.03628505808200321,0.11399287190550024,0.0012129573241740342,0.00315360847058151,134.28703112974608,37.45135678313628,2.5856386167086285,0.03867516494911201,0.03867516494911201,0.04730488761865273,0.11153905068176832
2.2299999999999964,6,0.399,0.0010543044731979832,0.036638533642421416,0.11510334812933361,0.0012535995214275014,0.0033303462507906206,139.9090129172866,44.929806742208946,2.1139464658736262,0.04730488761865273,0.04730488761865273,0.04730488761865273,0.11153905068176832
2.239999999999996,0,0.0,0.0009409721474502647,0.03461333483829669,0.10874099844423654,0.0009250490332321941,0.0023177468487282672,110.64223994630245,4.2554707671654795,25.0,0.0,0.0,0.04728652566736773,0.112011915938442
2.239999999999996,1,0.0665,0.000963497595951081,0.03502518009121692,0.11003484846522656,0.0009859740537038809,0.0025236694751883744,110.6396947701603,6.734197418043439,15.42952944529293,0.0064810790474564275,0.0064810790474564275,0.04728652566736773,0.112011915938442
2.239999999999996,2,0.133,0.0010100140793429736,0.035860700865414666,0.11265971439136785,0.001140635293684869,0.0029414298622872656,112.80167224460453,13.667063019250742,7.253541531616393,0.013786368984602176,0.013786368984602176,0.04728652566736773,0.112011915938442
2.239999999999996,3,0.1995,0.0010192516387740173,0.03602431807159156,0.11317373300429406,0.0011703467571464812,0.0030232384653756934,119.68154975707738,21.4427305084651,4.58145100549717,0.021827146002437323,0.021827146002437323,0.04728652566736773,0.112011915938442
2.239999999999996,4,0.266,0.0010261965955634565,0.03614684061081949,0.1135586489134317,0.0011893813944694209,0.003084499734989664,127.06374401489784,29.488145824999975,3.3089770638333422,0.03022081993042081,0.03022081993042081,0.04728652566736773,0.112011915938442
2.239999999999996,5,0.3325,0.0010354411488802898,0.03630929105615247,0.11406900203906219,0.0012116487074631526,0.0031657249576561414,134.09366506137604,37.387430525288394,2.58659750556211,0.03866082750987126,0.03866082750987126,0.04728652566736773,0.112011915938442
2.239999999999996,6,0.399,0.0010557461701482657,0.036663575562613494,0.11518201964184081,0.0012520960096040902,0.0033428672108866617,139.7001809359766,44.850920079979595,2.114767337812887,0.04728652566736773,0.04728652566736773,0.04728652566736773,0.112011915938442
2.249999999999996,0,0.0,0.0009419775153407312,0.03463182095679048,0.10879907429829001,0.0009243059246893414,0.0023269899079751606,110.52399402235969,4.250922847013834,25.0,0.0,0.0,0.04726820415254426,0.11248459797996743
2.249999999999996,1,0.0665,0.0009645817871517485,0.035044880874857055,0.11009674030238037,0.0009850391820066691,0.0025335198670084413,110.51286964048525,6.724338750287545,15.434756448841831,0.006478884220262746,0.006478884220262746,0.04726820415254426,0.11248459797996743
2.249999999999996,2,0.133,0.0010112982348092375,0.035883490689730665,0.1127313107360156,0.0011394912157999303,0.002952824774445265,112.65326218913638,13.644741372227355,7.256166908259029,0.013781380894943194,0.013781380894943194,0.04726820415254426,0.11248459797996743
2.249999999999996,3,0.1995,0.0010205752547451496,0.036047701351399467,0.11324719374435542,0.0011691639903952218,0.0030349301052796456,119.51825706310217,21.407058419082684,4.583123786711452,0.021819179374981148,0.021819179374981148,0.04726820415254426,0.11248459797996743
2.249999999999996,4,0.266,0.0010275462867000975,0.03617060362051398,0.1136333026101151,0.0011881504847245856,0.0030963812398369095,126.88582946524618,29.43861473823498,3.310183430623398,0.03020980622248093,0.03020980622248093,0.04726820415254426,0.11248459797996743
2.249999999999996,5,0.3325,0.0010368222363485926,0.036333497934822837,0.11414505019125934,0.0012103439335182618,0.003177828396991324,133.90091733561874,37.323724022277396,2.587555123269515,0.038646519682117776,0.038646519682117776,0.04726820415254426,0.11248459797996743
2.249999999999996,6,0.399,0.0010571871248778303,0.03668858751136822,0.11526059699630063,0.0012505974377363107,0.0033553731852640246,139.4920562504739,44.77231884810538,2.115587037689846,0.04726820415254426,0.04726820415254426,0.04726820415254426,0.11248459797996743
2.259999999999996,0,0.0,0.0009429826128413179,0.03465029224504829,0.1088571035617831,0.0009235644128907059,0.0023362255521040677,110.40603231636716,4.246385858321814,25.0,0.0,0.0,0.04724992409771414,0.11295709722094457
2.259999999999996,1,0.0665,0.0009656655607620638,0.035064563008129955,0.11015857354767748,0.0009841066636451182,0.0025433609336448925,110.38638185148193,6.714509406861577,15.43997724371013,0.006476693483517766,0.006476693483517766,0.04724992409771414,0.11295709722094457
2.259999999999996,2,0.133,0.0010125819189262507,0.03590625769222848,0.11280283538380699,0.0011383501248906221,0.0029642082756941713,112.50529135082941,13.622492431613322,7.2587890516820295,0.01377640254979275,0.01377640254979275,0.04724992409771414,0.11295709722094457
2.259999999999996,3,0.1995,0.0010218983928567988,0.03607106103910148,0.11332058036763022,0.0011679843851008674,0.0030466099491306543,119.35545976648883,21.371504604876325,4.584794424780723,0.02181122875640879,0.02181122875640879,0.04724992409771414,0.11295709722094457
2.259999999999996,4,0.266,0.001028895468867545,0.0361943420766421,0.11370787916949476,0.0011869228064057158,0.0031082504679009666,126.70846745625774,29.3892505077503,3.3113881867400186,0.030198815228137776,0.030198815228137776,0.04724992409771414,0.11295709722094457
2.259999999999996,5,0.3325,0.0010382027582251116,0.036357678793142605,0.11422101659811422,0.001209042915988299,0.0031899188261512073,133.70878593852004,37.2602371958031,2.5885113998571283,0.038632242456231584,0.038632242456231584,0.04724992409771414,0.11295709722094457
2.259999999999996,6,0.399,0.0010586273395214625,0.03671356958695931,0.11533908050144902,0.0012491037795544435,0.003367864223059569,139.2846362130361,44.69400259029298,2.116405516190825,0.04724992409771414,0.04724992409771414,0.04724992409771414,0.11295709722094457
2.2699999999999956,0,0.0,0.0009439874403941741,0.034668748734893645,0.10891508633469231,0.0009228244922674773,0.0023454537970267423,110.28835376575579,4.241859760221376,25.0,0.0,0.0,0.04723168258668239,0.1134294140468114
2.2699999999999956,1,0.0665,0.0009667489176358942,0.035084226537917824,0.1102203483484027,0.000983176489393362,0.002553192698538826,110.26023011413857,6.704709379730172,15.44519156154326,0.0064745069429238055,0.0064745069429238055,0.04723168258668239,0.1134294140468114
2.2699999999999956,2,0.133,0.0010138651326028806,0.03592900193239644,0.11287428852163013,0.0011372120083981713,0.002975580395778153,112.35775786834249,13.600315995352359,7.26140788984157,0.013771434068577273,0.013771434068577273,0.04723168258668239,0.1134294140468114
2.2699999999999956,3,0.1995,0.0010232210540663123,0.036094397197388196,0.11339389307106677,0.001166807914335814,0.0030582780282740122,119.19315527326725,21.336068209609202,4.586462983821256,0.02180329381328268,0.02180329381328268,0.04723168258668239,0.1134294140468114
2.2699999999999956,4,0.266,0.0010302441432711838,0.03621805604867094,0.113782378809808,0.0011856986014419871,0.0031201074539153866,126.53165419996708,29.340051140362664,3.3125914673645336,0.030187845674661193,0.030187845674661193,0.04723168258668239,0.1134294140468114
2.2699999999999956,5,0.3325,0.0010395827158191737,0.03638183370590532,0.11429690149459767,0.0012077456381357507,0.003201996282532565,133.51726565016588,37.19696674154249,2.589466490047171,0.038617993468677156,0.038617993468677156,0.04723168258668239,0.1134294140468114
2.2699999999999956,6,0.399,0.001060066816478092,0.03673852189189733,0.11541747047933244,0.001247615246900958,0.0033803403755285786,139.07791447482964,44.61596713347003,2.1172229004646206,0.04723168258668239,0.04723168258668239,0.04723168258668239,0.1134294140468114
2.2799999999999954,0,0.0,0.0009449919984401322,0.0346871904580392,0.10897302271664591,0.0009220861572776998,0.0023546746585995193,110.17095731334463,4.237344512051717,25.0,0.0,0.0,0.047213481831924385,0.11390154886513064
2.2799999999999954,1,0.0665,0.0009678318586453872,0.035103871511299706,0.11028206485245919,0.000982248669093904,0.0025630151852297648,110.13441278532893,6.694938299500837,15.450399967620369,0.006472324354681528,0.006472324354681528,0.047213481831924385,0.11390154886513064
2.2799999999999954,2,0.133,0.001015147876745038,0.035951723469476664,0.11294567033559963,0.0011360768540110398,0.0029869411643182633,112.21065940531669,13.578211376187292,7.264023610805284,0.013766475077428071,0.013766475077428071,0.047213481831924385,0.11390154886513064
2.2799999999999954,3,0.1995,0.001024543239372827,0.0361177098894787,0.11346713205327369,0.0011656346045249976,0.003069934374319262,119.03134131604752,21.300748691319075,4.588129461597641,0.021795374528333127,0.021795374528333127,0.047213481831924385,0.11390154886513064
2.2799999999999954,4,0.266,0.0010315923109306567,0.03624174560257334,0.11385680173831458,0.0011844776951198245,0.003131952230866585,126.35538771808264,29.291016468677032,3.313793201857759,0.030176898167314305,0.030176898167314305,0.047213481831924385,0.11390154886513064
2.2799999999999954,5,0.3325,0.0010409621104458188,0.03640596274775038,0.11437270511519627,0.0012064520922530906,0.0032140608034550958,133.3263547565178,37.133912848514655,2.590420306645676,0.038603773968051376,0.038603773968051376,0.047213481831924385,0.11390154886513064
2.2799999999999954,6,0.399,0.0010615055578676012,0.036763444523509894,0.1154957672357146,0.0012461315806283173,0.0033928016913348617,138.87188952958493,44.53821315601961,2.1180390879874254,0.047213481831924385,0.047213481831924385,0.047213481831924385,0.11390154886513064
2.289999999999995,0,0.0,0.0009459962874187164,0.03470561744608732,0.10903091280692569,0.0009213494024061095,0.00236388815262358,110.05384190730658,4.232840073357945,25.0,0.0,0.0,0.04719532043384021,0.11437350206946904
2.289999999999995,1,0.0665,0.0009689143846390664,0.03512349797479168,0.11034372320598153,0.000981323174598723,0.002572828416975752,110.00892869651793,6.685196266420347,15.455601946810647,0.006470145927938807,0.006470145927938807,0.04719532043384021,0.11437350206946904
2.289999999999995,2,0.133,0.0010164301522769148,0.03597442236284206,0.11301698101224099,0.0011349446682699061,0.0029982906110009623,112.06399435733046,13.556178608713404,7.266636018302378,0.013761525931411915,0.013761525931411915,0.04719532043384021,0.11437350206946904
2.289999999999995,3,0.1995,0.0010258649497265889,0.036140999177521956,0.11354029750949773,0.0011644644021629987,0.0030815790183408923,118.87001582533954,21.265545699496062,4.589793815079782,0.021787471077992587,0.021787471077992587,0.04719532043384021,0.11437350206946904
2.289999999999995,4,0.266,0.0010329399729985614,0.03626541080643427,0.1139311481689098,0.001183260193046589,0.0031437848327970507,126.17966534512655,29.242145609462316,3.314993401315146,0.030165972565835985,0.030165972565835985,0.04719532043384021,0.11437350206946904
2.289999999999995,5,0.3325,0.0010423409433940663,0.03643006599260947,0.11444842769217327,0.0012051622429543087,0.003226112425884639,133.13604988128833,37.07107403200172,2.5913728791984343,0.0385895834608457,0.0385895834608457,0.04719532043384021,0.11437350206946904
2.289999999999995,6,0.399,0.0010629435657912693,0.03678833757846699,0.11557397107429321,0.0012446527478546282,0.003405248218813408,138.6665565176433,44.460737943424654,2.1188541380958084,0.04719532043384021,0.04719532043384021,0.04719532043384021,0.11437350206946904
2.299999999999995,0,0.0,0.0009470003077681457,0.0347240297305306,0.10908875670446849,0.0009206142221639676,0.00237309429484522,109.93700650113396,4.228346403889768,25.0,0.0,0.0,0.04717719867829794,0.11484527405625203
2.299999999999995,1,0.0665,0.0009699964964628702,0.03514310597472978,0.11040532355453864,0.0009803999969047216,0.0025826324169447995,109.88377634847481,6.675483040649323,15.460797769892384,0.006467971542499263,0.006467971542499263,0.04717719867829794,0.11484527405625203
2.299999999999995,2,0.133,0.0010177119600982025,0.03599709867123968,0.11308822073611348,0.0011338154198809061,0.0030096287651997715,111.91776054539552,13.534217145006364,7.269245228320362,0.01375658639364765,0.01375658639364765,0.04717719867829794,0.11484527405625203
2.299999999999995,3,0.1995,0.001027186186119648,0.03616426512419724,0.1136133896366516,0.0011632973337640524,0.003093211991678533,118.70917641692185,21.230458553862224,4.591456073157986,0.021779583297030298,0.021779583297030298,0.04717719867829794,0.11484527405625203
2.299999999999995,4,0.266,0.001034287130423557,0.036289051724534324,0.11400541830353704,0.001182045905002649,0.003155605291847077,126.0044846133617,29.193437878761873,3.3161920544147194,0.030155068934223466,0.030155068934223466,0.04717719867829794,0.11484527405625203
2.299999999999995,5,0.3325,0.00104371921603824,0.036454143515653605,0.11452406946168536,0.001203876152206603,0.003238151187406705,132.9463484205387,37.00844956531344,2.5923241849381355,0.038575422233460534,0.038575422233460534,0.04717719867829794,0.11484527405625203
2.299999999999995,6,0.399,0.001064380842348075,0.03681320115306589,0.1156520822975951,0.0012431787299452015,0.00341768000611286,138.4619121982617,44.383540384082956,2.1196680345923373,0.04717719867829794,0.04717719867829794,0.04717719867829794,0.11484527405625203
2.3099999999999947,0,0.0,0.0009480040599253415,0.034742427342752374,0.10914655450786802,0.0009198806110888995,0.002382293100956109,109.82045005360477,4.223863463600184,25.0,0.0,0.0,0.04715911595126063,0.11531686521576463
2.3099999999999947,1,0.0665,0.0009710781949808355,0.035162695557645215,0.11046686604431266,0.0009794791457717674,0.002592427208402517,109.75895450012895,6.665798633428516,15.465987128638334,0.006465801320552649,0.006465801320552649,0.04715911595126063,0.11531686521576463
2.3099999999999947,2,0.133,0.0010189933011054745,0.036019752453170954,0.1131593896910048,0.0011326890965636172,0.0030209556561654077,111.77195618677776,13.51232682136215,7.271851152243686,0.013751656614855987,0.013751656614855987,0.04715911595126063,0.11531686521576463
2.3099999999999947,3,0.1995,0.0010285069495179623,0.03618750779151835,0.11368640862955745,0.0011621333660558554,0.0031048333253390916,118.54882075490738,21.195486616171344,4.593116256385413,0.021771711060215086,0.021771711060215086,0.04715911595126063,0.11531686521576463
2.3099999999999947,4,0.266,0.0010356337845307607,0.03631266842753778,0.11407961236419473,0.0011808351501728304,0.0031674136433488052,125.82984254608725,29.144892053617692,3.3173892123051547,0.03014418676864057,0.03014418676864057,0.04715911595126063,0.11531686521576463
2.3099999999999947,5,0.3325,0.0010450969296513036,0.036478195390031866,0.11459963065353716,0.001202593718912919,0.0032501771245958344,132.75724684074285,36.94603778819612,2.593274266697075,0.03856128959601525,0.03856128959601525,0.04715911595126063,0.11531686521576463
2.3099999999999947,6,0.399,0.0010658173896234283,0.0368380353430385,0.1157301012063709,0.0012417094986302971,0.003430097101099163,138.25795250750718,44.30661852878277,2.1204808017044026,0.04715911595126063,0.04715911595126063,0.04715911595126063,0.11531686521576463
2.3199999999999945,0,0.0,0.000949007544325932,0.034760810314027266,0.10920430631537636,0.0009191485637447316,0.0023914845865935564,109.70417152874889,4.219391212644188,25.0,0.0,0.0,0.04714107381878483,0.11578827595395248
2.3199999999999945,1,0.0665,0.0009721594810129123,0.03518226676913886,0.11052835081856295,0.0009785605746821951,0.002602212814149339,109.63446155555152,6.656142696302986,15.471170549941135,0.006463635035060775,0.006463635035060775,0.04714107381878483,0.11578827595395248
2.3199999999999945,2,0.133,0.0010202741761923912,0.03604238376689649,0.11323048805994602,0.0011315656862768088,0.003032271313028176,111.62657904092099,13.490507006381522,7.274453954037263,0.01374673626801924,0.01374673626801924,0.04714107381878483,0.11578827595395248
2.3199999999999945,3,0.1995,0.0010298272408839602,0.036210727241232844,0.1137593546822009,0.0011609724857247405,0.003116443050196339,118.38894679093661,21.160629523009817,4.594774326642876,0.02176385452059056,0.02176385452059056,0.04714107381878483,0.11578827595395248
2.3199999999999945,4,0.266,0.0010369799361387465,0.03633626097700197,0.11415373054427086,0.0011796274732091463,0.0031792099180808966,125.65573755249231,29.09650832137044,3.318584765038706,0.03013332702949164,0.03013332702949164,0.04714107381878483,0.11578827595395248
2.3199999999999945,5,0.3325,0.001046474085534889,0.03650222168914637,0.11467511149832825,0.0012013149557253042,0.0032621902741530877,132.56874379690782,36.883839207852176,2.594223015934994,0.03854718710987868,0.03854718710987868,0.04714107381878483,0.11578827595395248
2.3199999999999945,6,0.399,0.0010672532099665734,0.036862840248344686,0.11580802811465381,0.0012402452653094305,0.003442499553752257,138.05467545502546,44.229972486600715,2.121292365642971,0.04714107381878483,0.04714107381878483,0.04714107381878483,0.11578827595395248
2.3299999999999943,0,0.0,0.0009500107614042583,0.034779178675521695,0.10926201222490575,0.0009184180747213322,0.00240066876734077,109.58816989581457,4.2149296113774835,25.0,0.0,0.0,0.047123069493665716,0.11625950664888914
2.3299999999999943,1,0.0665,0.0009732403554179296,0.03520181965538447,0.11058977802234864,0.0009776443122804556,0.0026119892572721436,109.51029626252894,6.646515213139798,15.476347792905532,0.006461472780150412,0.006461472780150412,0.047123069493665716,0.11625950664888914
2.3299999999999943,2,0.133,0.0010215545862495396,0.03606499267043432,0.1133015160252062,0.0011304451768917535,0.0030435757647970935,111.48162731971392,13.46875751133098,7.277053560874253,0.013741825474208297,0.013741825474208297,0.047123069493665716,0.11625950664888914
2.3299999999999943,3,0.1995,0.0010311470611767853,0.036233923534827565,0.11383222798774859,0.0011598146797359443,0.003128041196993698,118.2295518724458,21.125886296300983,4.59643037997166,0.02175601319574791,0.02175601319574791,0.047123069493665716,0.11625950664888914
2.3299999999999943,4,0.266,0.0010383255864160428,0.0363598294404035,0.11422777305574952,0.0011784231700765872,0.0031909941497816623,125.48216548368202,29.048284253196833,3.319778902944067,0.03012248794982021,0.03012248794982021,0.047123069493665716,0.11625950664888914
2.3299999999999943,5,0.3325,0.0010478506849513195,0.03652622248546716,0.11475051222372994,0.0012000398160390783,0.0032741906723134785,132.38083352909442,36.821849907549165,2.5951706354099793,0.03853311170970545,0.03853311170970545,0.047123069493665716,0.11625950664888914
2.3299999999999943,6,0.399,0.0010686883051732288,0.036887615959052635,0.11588586330540136,0.001238785535397388,0.003454887409106231,137.8520749525538,44.153598277902226,2.1221028484454307,0.047123069493665716,0.047123069493665716,0.047123069493665716,0.11625950664888914
2.339999999999994,0,0.0,0.0009510137115933788,0.03479753245829438,0.10931967233403,0.0009176891386344515,0.0024098456587271144,109.47244412923536,4.2104786203552065,25.0,0.0,0.0,0.04710510395129195,0.11673055768840206
2.339999999999994,1,0.0665,0.0009743208190313409,0.035221354262002125,0.11065114779898942,0.0009767303308826204,0.00262175656058097,109.38645731850634,6.636916114927765,15.481518739173769,0.006459314598571283,0.006459314598571283,0.04710510395129195,0.11673055768840206
2.339999999999994,2,0.133,0.0010228345321860008,0.03608757922194154,0.11337247376949121,0.0011293275753610566,0.003054869040550704,111.33709915647322,13.447078059183974,7.279649948222998,0.013736924263014948,0.013736924263014948,0.04710510395129195,0.11673055768840206
2.339999999999994,3,0.1995,0.001032466411352018,0.03625709673352502,0.1139050287385367,0.0011586599348727819,0.003139627796342426,118.07063416072512,21.09125676146637,4.5980843387407635,0.021748187426111048,0.021748187426111048,0.04710510395129195,0.11673055768840206
2.339999999999994,4,0.266,0.0010396707363692055,0.036383373882162146,0.11430174010101135,0.0011772220879321413,0.003202766370660984,125.30912508034967,29.000220331920026,3.320971483876077,0.030111670782335308,0.030111670782335308,0.04710510395129195,0.11673055768840206
2.339999999999994,5,0.3325,0.0010492267292577975,0.036550197852873,0.11482583306183924,0.0011987683702920802,0.0032861783560163994,132.19351533157743,36.76007100964549,2.596116974227039,0.038519065586316174,0.038519065586316174,0.04710510395129195,0.11673055768840206
2.339999999999994,6,0.399,0.0010701226775750431,0.03691236257416235,0.11596360708963126,0.0012373307554857669,0.0034672607166610888,137.65014854115668,44.07749548981586,2.122912202962187,0.04710510395129195,0.04710510395129195,0.04710510395129195,0.11673055768840206
2.349999999999994,0,0.0,0.000952016395325077,0.03481587169329689,0.10937728673998634,0.0009169617501255651,0.00241901527622837,109.35699320859726,4.206038200330664,25.0,0.0,0.0,0.047087177954130005,0.11720142946794336
2.349999999999994,1,0.0665,0.0009754008727066994,0.03524087063480921,0.11071246029242489,0.0009758186403544039,0.002631514746984514,109.26294335616394,6.627345258795028,15.486683444047689,0.0064571604605526455,0.0064571604605526455,0.047087177954130005,0.11720142946794336
2.349999999999994,2,0.133,0.0010241140148863359,0.03611014347895585,0.11344336147356107,0.0011282128507154533,0.0030661511690578585,111.19299267164479,13.425468352456885,7.282243103369742,0.013732032641663198,0.013732032641663198,0.047087177954130005,0.11720142946794336
2.349999999999994,3,0.1995,0.0010337852923618619,0.036280246898287835,0.11397775712608495,0.0011575082381405652,0.0031512028787238316,117.91219138464794,21.05674030120815,4.599736222129434,0.021740377093559794,0.021740377093559794,0.047087177954130005,0.11720142946794336
2.349999999999994,4,0.266,0.001041015387014926,0.0364068943666606,0.11437563188232057,0.0011760242249228782,0.0032145266129102127,125.13661338272482,28.95231531425613,3.322162563665764,0.030100874982366098,0.030100874982366098,0.047087177954130005,0.11720142946794336
2.349999999999994,5,0.3325,0.001050602219723447,0.0365741478634627,0.11490107423916124,0.0011975005294850391,0.00329815336131125,132.00678564932488,36.698500784395776,2.5970620823141157,0.038505047946676293,0.038505047946676293,0.047087177954130005,0.11720142946794336
2.349999999999994,6,0.399,0.0010715563292183728,0.03693708018742255,0.11604125976186377,0.0012358806630099817,0.003479619523291189,137.44889351138474,44.001663492294306,2.1237203915132703,0.047087177954130005,0.047087177954130005,0.047087177954130005,0.11720142946794336
2.3599999999999937,0,0.0,0.0009530188130298647,0.03483419641137413,0.1094348555396769,0.0009162359038617149,0.002428177635266987,109.24181611860581,4.20160831225407,25.0,0.0,0.0,0.047069290251230536,0.11767212237045567
2.3599999999999937,1,0.0665,0.0009764805172536224,0.0352603688187001,0.11077371564369486,0.0009749091945444029,0.002641263838929958,109.1397530777268,6.617802566749808,15.491841812580464,0.006455010399008398,0.006455010399008398,0.047069290251230536,0.11767212237045567
2.3599999999999937,2,0.133,0.0010253930352321174,0.03613268549877725,0.11351417931742906,0.0011271009910699375,0.0030774221789685577,111.04930601301226,13.403928109362752,7.284833006187449,0.013727150631327302,0.013727150631327302,0.047069290251230536,0.11767212237045567
2.3599999999999937,3,0.1995,0.0010351037051551193,0.03630337408981959,0.11405041334109926,0.001156359576587793,0.0031627664744897097,117.75422138943384,21.022336404368275,4.601386026957758,0.02173258218591927,0.02173258218591927,0.047069290251230536,0.11767212237045567
2.3599999999999937,4,0.266,0.0010423595395055237,0.036430390960438055,0.1144494486087162,0.0011748296888726272,0.0032262749097989388,124.9646279362421,28.904568452638888,3.3233521421017187,0.03009010051422329,0.03009010051422329,0.047069290251230536,0.11767212237045567
2.3599999999999937,5,0.3325,0.0010519771576180926,0.03659807258910571,0.11497623598148048,0.0011962362821506217,0.003310115724132756,131.82064148896526,36.637138044318725,2.5980059722324986,0.0384910585536756,0.0384910585536756,0.047069290251230536,0.11767212237045567
2.3599999999999937,6,0.399,0.0010729892621446887,0.0369617688921786,0.11611882161535204,0.0012344352378028528,0.0034919638756692175,137.2483053303484,43.92609979315261,2.124527467192597,0.047069290251230536,0.047069290251230536,0.047069290251230536,0.11767212237045567
2.3699999999999934,0,0.0,0.0009540209651369882,0.034852506643264836,0.10949237882967026,0.0009155115945353548,0.0024373327512123406,109.12691184905388,4.197188917271303,25.0,0.0,0.0,0.04705144132491213,0.11814263678370479
2.3699999999999934,1,0.0665,0.0009775597535205704,0.03527984885914265,0.11083491399564079,0.0009740020221274335,0.0026510038591512322,109.0168849214633,6.608287685695933,15.496994396511734,0.006452864177489108,0.006452864177489108,0.04705144132491213,0.11814263678370479
2.3699999999999934,2,0.133,0.0010266715941021375,0.036155205338472766,0.11358492748037652,0.0011259919847758286,0.003088682098816316,110.90603687219688,13.382456582456483,7.287419891022652,0.013722277773947082,0.013722277773947082,0.04705144132491213,0.11814263678370479
2.3699999999999934,3,0.1995,0.0010364216506773291,0.03632647836856841,0.11412299757348304,0.0011552139374409,0.0031743186138641186,117.59672172069183,20.988044250047356,4.603033818666859,0.021724802367183615,0.021724802367183615,0.04705144132491213,0.11814263678370479
2.3699999999999934,4,0.266,0.0010437031948438917,0.036453863727205535,0.11452319048035234,0.0011736383383740632,0.0032380112931826794,124.79316636025248,28.856979075548217,3.3245402103089576,0.03007934742070897,0.03007934742070897,0.04705144132491213,0.11814263678370479
2.3699999999999934,5,0.3325,0.0010533515441753193,0.03662197210080124,0.11505131851184754,0.0011949755847761856,0.003322065479980518,131.63508047985272,36.575982213477836,2.5989486136437008,0.038477097806024325,0.038477097806024325,0.04705144132491213,0.11814263678370479
2.3699999999999934,6,0.399,0.00107442147838391,0.03698642878125989,0.11619629294172816,0.001232994454064643,0.003504293820209864,137.04838110959847,43.850803530750916,2.1253334049737904,0.04705144132491213,0.04705144132491213,0.04705144132491213,0.11814263678370479
2.3799999999999932,0,0.0,0.0009550228520744338,0.034870802419602116,0.1095498567062032,0.0009147888168641962,0.0024464806393809826,109.01227939478942,4.19277997672267,25.0,0.0,0.0,0.0470336301881036,0.11861297308558583
2.3799999999999932,1,0.0665,0.0009786385823121308,0.03529931080068508,0.11089605548821509,0.0009730970771217634,0.00266073482992245,108.89433776898589,6.598800703490534,15.502140716476646,0.006450721989235573,0.006450721989235573,0.0470336301881036,0.11861297308558583
2.3799999999999932,2,0.133,0.0010279496923720887,0.03617770305487192,0.11365560614093863,0.0011248858199574923,0.003099930957015891,110.76318377265704,13.361053846725161,7.2900035463748605,0.013717414451701817,0.013717414451701817,0.0470336301881036,0.11861297308558583
2.3799999999999932,3,0.1995,0.0010377391298705743,0.0363495597947248,0.11419551001233035,0.001154071307819941,0.003185859326942318,117.43969049578331,20.95386357905752,4.604679540491005,0.02171703787867436,0.02171703787867436,0.0470336301881036,0.11861297308558583
2.3799999999999932,4,0.266,0.0010450463540137855,0.03647731273012931,0.11459685769567168,0.0011724501461887235,0.0032497357946445664,124.62222606596343,28.80954627919976,3.3257267871635863,0.03006861549360374,0.03006861549360374,0.0470336301881036,0.11861297308558583
2.3799999999999932,5,0.3325,0.0010547253807477641,0.03664584647137932,0.11512632205906471,0.0011937185289039663,0.0033340026652695577,131.45009920203682,36.5150316522084,2.5998900522406316,0.038463164976464376,0.038463164976464376,0.0470336301881036,0.11861297308558583
2.3799999999999932,6,0.399,0.0010758529799598068,0.03701105994707518,0.11627367403130283,0.0012315582907642998,0.003516609403117507,136.8491166141467,43.77577248255423,2.126138246188222,0.0470336301881036,0.0470336301881036,0.0470336301881036,0.11861297308558583
2.389999999999993,0,0.0,0.0009560244742689337,0.03488908377091394,0.10960728926518211,0.0009140675655910547,0.002455621315036893,108.89791775568352,4.188381452141674,25.0,0.0,0.0,0.04701585722970492,0.11908313165788288
2.389999999999993,1,0.0665,0.0009797170044715802,0.03531875468844693,0.11095714026316494,0.0009721943880924951,0.002670456773803375,108.7721102763735,6.589341471428087,15.507280848627756,0.006448583795968913,0.006448583795968913,0.04701585722970492,0.11908313165788288
2.389999999999993,2,0.133,0.0010292273309363278,0.03620017870495057,0.11372621547811038,0.0011237825039326443,0.003111168782055217,110.62074468141957,13.339719411359146,7.292584069438739,0.013712560465236615,0.013712560465236615,0.04701585722970492,0.11908313165788288
2.389999999999993,3,0.1995,0.0010390561436961583,0.03637261842861977,0.11426795084717659,0.0011529316947482262,0.0031973886438898,117.28312523305675,20.919793523215674,4.606323270012306,0.02170928832785391,0.02170928832785391,0.04701585722970492,0.11908313165788288
2.389999999999993,4,0.266,0.0010463890181417533,0.036500738034657323,0.11467045046028498,0.0011712652264008068,0.0032614484469085745,124.45180434578118,28.762269029072286,3.3269119074016023,0.030057904381995616,0.030057904381995616,0.04701585722970492,0.11908313165788288
2.389999999999993,5,0.3325,0.001056098668579555,0.03666969577154471,0.11520124684525757,0.0011924650082696779,0.0033459273153522546,131.26569496481352,36.45428544975715,2.6008302822374474,0.03844926010088279,0.03844926010088279,0.04701585722970492,0.11908313165788288
2.389999999999993,6,0.399,0.001077283768882822,0.03703566248149133,0.11635096517268428,0.0012301267208074823,0.0035289106703255816,136.65050891544433,43.7010057187009,2.12694197005557,0.04701585722970492,0.04701585722970492,0.04701585722970492,0.11908313165788288
2.399999999999993,0,0.0,0.0009570258321459697,0.03490735072762361,0.10966467660218465,0.0009133478354836964,0.00246475479339173,108.78382593659875,4.183993305253798,25.0,0.0,0.0,0.04699812301396922,0.11955311288802258
2.399999999999993,1,0.0665,0.0009807950208190715,0.03533818056700414,0.1110181684605298,0.0009712939278605585,0.0026801697130819807,108.65020109556765,6.579909834331487,15.512414885789452,0.006446449552584336,0.006446449552584336,0.04699812301396922,0.11955311288802258
2.399999999999993,2,0.133,0.0010305045106647301,0.0362226323450725,0.1137967556689638,0.001122682006096565,0.003122395602116183,110.47871786613742,13.318453078934231,7.295161398351988,0.013707715914632195,0.013707715914632195,0.04699812301396922,0.11955311288802258
2.399999999999993,3,0.1995,0.0010403726930669837,0.03639565432954189,0.11434032026428236,0.0011517950461063275,0.0032089065943508633,117.12702433057804,20.88583408624981,4.607964893663912,0.021701554223536507,0.021701554223536507,0.04699812301396922,0.11955311288802258
2.399999999999993,4,0.266,0.0010477311883114921,0.0365241397052765,0.11474396897678393,0.0011700835309588755,0.0032731492822181633,124.28189964803872,28.71514744952406,3.3280954717890063,0.030047214945503154,0.030047214945503154,0.04699812301396922,0.11955311288802258
2.399999999999993,5,0.3325,0.001057471408899775,0.03669352007150582,0.11527609309099231,0.0011912149980556623,0.0033578394653328114,131.08186587132224,36.39374346842283,2.601769243250723,0.038435384021627224,0.038435384021627224,0.04699812301396922,0.11955311288802258
2.399999999999993,6,0.399,0.0010787138471588756,0.03706023647598707,0.11642816665326147,0.00122869972478724,0.003541197667573454,136.45255526908292,43.6265024792008,2.127744547804113,0.04699812301396922,0.04699812301396922,0.04699812301396922,0.11955311288802258
2.4099999999999926,0,0.0,0.0009580269261297803,0.034925603320050305,0.10972201881246132,0.0009126296213346894,0.0024738810896050767,108.67000294735772,4.179615497975297,25.0,0.0,0.0,0.04698042656513635,0.12002291715367394
2.4099999999999926,1,0.0665,0.0009818726321722665,0.035357588480762266,0.11107914021981383,0.0009703956879061977,0.0026898736699610425,108.52860888380462,6.5705056335566425,15.51754293148024,0.006444319209656014,0.006444319209656014,0.04698042656513635,0.12002291715367394
2.4099999999999926,2,0.133,0.001031781232402831,0.036245064030994145,0.11386722688866285,0.0011215842960822157,0.003133611445077005,110.33710130758277,13.297254353885604,7.297735635578112,0.013702880591135336,0.013702880591135336,0.04698042656513635,0.12002291715367394
2.4099999999999926,3,0.1995,0.001041688778915259,0.03641866755692459,0.11441261845036324,0.0011506613691350006,0.0032204132080422133,116.97138526840271,20.8519843398726,4.609604503909644,0.02169383510346383,0.02169383510346383,0.04698042656513635,0.12002291715367394
2.4099999999999926,4,0.266,0.0010490728654734037,0.03654751780394079,0.11481741343980256,0.0011689049332144674,0.003284838331550308,124.1125089226478,28.66818015244245,3.3292775566039468,0.030036546457846463,0.030036546457846463,0.04698042656513635,0.12002291715367394
2.4099999999999926,5,0.3325,0.001058843602948189,0.036717319441422896,0.11535086101668386,0.001189968495853729,0.003369739150291349,130.8986083820394,36.33340391561985,2.602706993433271,0.038421535828775125,0.038421535828775125,0.04698042656513635,0.12002291715367394
2.4099999999999926,6,0.399,0.001080143217047794,0.03708478202609134,0.11650527877314736,0.0012272775052135127,0.003553470442625589,136.255251522222,43.55226058224222,2.1285460203592295,0.04698042656513635,0.04698042656513635,0.04698042656513635,0.12002291715367394
2.4199999999999924,0,0.0,0.0009590277566433651,0.03494384157840953,0.10977931599093695,0.0009119129179612512,0.002483000218784689,108.55644780271187,4.175247992411995,25.0,0.0,0.0,0.046962767592806036,0.120492544829602
2.4199999999999924,1,0.0665,0.0009829498393463388,0.03537697847395724,0.1111400556799883,0.0009694996597486895,0.0026995686665585296,108.40733232135744,6.561128726943274,15.52266505246007,0.0064421927331448645,0.0064421927331448645,0.046962767592806036,0.120492544829602
2.4199999999999924,2,0.133,0.0010330574970363407,0.036267473818999266,0.11393762931402825,0.001120489400255875,0.003144816339079564,110.19589316524895,13.276122908216664,7.300306793412413,0.013698054455771247,0.013698054455771247,0.046962767592806036,0.120492544829602
2.4199999999999924,3,0.1995,0.0010430044021923204,0.036441658170342915,0.11448484559257976,0.0011495306709161978,0.003231908514751375,116.81620584291892,20.818243664490794,4.611242126163106,0.02168613082202374,0.02168613082202374,0.046962767592806036,0.120492544829602
2.4199999999999924,4,0.266,0.001050414050688508,0.03657087239432571,0.11489078404938341,0.0011677295192459949,0.003296515626742768,123.94362937496305,28.621365983016407,3.3304582125294018,0.030025898425566026,0.030025898425566026,0.046962767592806036,0.120492544829602
2.4199999999999924,5,0.3325,0.0010602152519473948,0.036741093950926076,0.11542555084108175,0.0011887254751589988,0.003381626405042939,130.71591902418666,36.27326505568253,2.603643587736772,0.03840771466225353,0.03840771466225353,0.046962767592806036,0.120492544829602
2.4199999999999924,6,0.399,0.0010815718805327807,0.03710929922226923,0.11658230181654643,0.001225859808894501,0.003565729040714534,136.0585941505785,43.47827848344303,2.129346397705029,0.046962767592806036,0.046962767592806036,0.046962767592806036,0.120492544829602
2.429999999999992,0,0.0,0.00096002832410849,0.034962065532813634,0.10983656823221223,0.0009111977202051015,0.00249211219598674,108.44315952231048,4.170890750858096,25.0,0.0,0.0,0.0469451464024957,0.12096199629362696
2.429999999999992,1,0.0665,0.0009840266431539726,0.03539635059065602,0.11120091497949368,0.0009686058349389771,0.002709254724907919,108.28637013252452,6.551779009848363,15.527781228541583,0.006440070125163163,0.006440070125163163,0.0469451464024957,0.12096199629362696
2.429999999999992,2,0.133,0.0010343333054265464,0.03628986176476444,0.11400796311997309,0.0011193972882587262,0.0031560103119621513,110.05509170061967,13.2550585109063,7.302874831526849,0.013693237568347108,0.013693237568347108,0.0469451464024957,0.12096199629362696
2.429999999999992,3,0.1995,0.0010443195638013426,0.03646462622833868,0.11455700187484649,0.0011484028997884193,0.0032433925437492595,116.66148428203074,20.784611864419475,4.6128776925461805,0.021678441672448243,0.021678441672448243,0.0469451464024957,0.12096199629362696
2.429999999999992,4,0.266,0.0010517547449554368,0.03659420353881346,0.11496408100150597,0.001166557224387636,0.0033081811989866443,123.77525937185646,28.574704948147396,3.3316373553624836,0.03001527157181246,0.03001527157181246,0.0469451464024957,0.12096199629362696
2.429999999999992,5,0.3325,0.001061586357216298,0.036764843671082556,0.11550016278745016,0.001187486007824095,0.00339350126512118,130.5337961292515,36.213326944978945,2.6045789531455985,0.03839392155082423,0.03839392155082423,0.0469451464024957,0.12096199629362696
2.429999999999992,6,0.399,0.001082999839329537,0.037133788150095784,0.11665923605230064,0.0012244463913277006,0.003577973504627811,135.8625802384126,43.40455521030242,2.130145662825834,0.0469451464024957,0.0469451464024957,0.0469451464024957,0.12096199629362696
2.439999999999992,0,0.0,0.0009610286289456923,0.03498027521327228,0.10989377563056534,0.0009104840229323133,0.002501217036216063,108.33013713066998,4.166543735794999,25.0,0.0,0.0,0.04692756231994457,0.1214312719168264
2.439999999999992,1,0.0665,0.000985103044405295,0.035415704874756065,0.11126171825623787,0.0009677142050025274,0.0027189318669579446,108.16572125619584,6.5424565857566215,15.532890946755392,0.006437951592062689,0.006437951592062689,0.04692756231994457,0.1214312719168264
2.439999999999992,2,0.133,0.0010356086584318277,0.036312227923738484,0.11407822848069497,0.0011183079487022633,0.003167193391449174,109.91469525199035,13.23406099670913,7.3054396741349805,0.01368843005494269,0.01368843005494269,0.04692756231994457,0.1214312719168264
2.439999999999992,3,0.1995,0.001045634264687095,0.03648757178999013,0.11462908748276318,0.0011472780825724064,0.0032548653245749837,116.50721822917856,20.75108814577942,4.6145112685512375,0.021670767320803575,0.021670767320803575,0.04692756231994457,0.1214312719168264
2.439999999999992,4,0.266,0.0010530949492383876,0.036617511298983496,0.11503730448962779,0.0011653880085018527,0.003319835079071663,123.60739606871215,28.528195827750032,3.3328150442824844,0.03000466532685399,0.03000466532685399,0.04692756231994457,0.1214312719168264
2.439999999999992,5,0.3325,0.001062956919962261,0.03678856867079555,0.11557469707225493,0.0011862499856497412,0.0034053637649776774,130.35223676253997,36.15358837163471,2.6055131076507854,0.03838015617974121,0.03838015617974121,0.04692756231994457,0.1214312719168264
2.439999999999992,6,0.399,0.001084427095672815,0.03715824890374854,0.1167360817762774,0.0012230376826378535,0.0035902038814541893,135.66720601815086,43.331088903020024,2.1309438431558854,0.04692756231994457,0.04692756231994457,0.04692756231994457,0.1214312719168264
2.4499999999999917,0,0.0,0.0009620286715742868,0.03499847064969294,0.10995093827995334,0.0009097718210331675,0.0025103147544263947,108.21737965714343,4.1622069098901315,25.0,0.0,0.0,0.04691001558451536,0.12190037207267156
2.4499999999999917,1,0.0665,0.0009861790439080684,0.0354350413699895,0.1113224656476094,0.0009668247616715109,0.0027286001145746595,108.04538414859142,6.533161069055778,15.53799485525419,0.006435836858716998,0.006435836858716998,0.04691001558451536,0.12190037207267156
2.4499999999999917,2,0.133,0.0010368835569293403,0.03633457235152341,0.11414842557087276,0.001117221389246459,0.0031783656053416386,109.77470180912292,13.21312984290821,7.308001443582388,0.013683631670299717,0.013683631670299717,0.04691001558451536,0.12190037207267156
2.4499999999999917,3,0.1995,0.0010469485057463623,0.036510494913348644,0.11470110259870361,0.0011461561679256664,0.0032663268862542405,116.353405745475,20.71767212696653,4.6161428288087984,0.021663107860508974,0.021663107860508974,0.04691001558451536,0.12190037207267156
2.4499999999999917,4,0.266,0.0010544346646176302,0.03664079573823043,0.11511045471290893,0.0011642219623467739,0.003331477298695131,123.44003716689431,28.48183793488646,3.3339912771463633,0.029994079674255242,0.029994079674255242,0.04691001558451536,0.12190037207267156
2.4499999999999917,5,0.3325,0.0010643269413979496,0.03681226901883248,0.11564915391153525,0.0011850174018464457,0.003417213938996142,130.17123770482212,36.09404781875376,2.6064460921223613,0.03836641789839306,0.03836641789839306,0.04691001558451536,0.12190037207267156
2.4499999999999917,6,0.399,0.0010858536515205128,0.037182681572352896,0.11681283926847244,0.0012216334302180146,0.0036024202157563696,135.47246852345336,43.257878534850526,2.1317409247037054,0.04691001558451536,0.04691001558451536,0.04691001558451536,0.12190037207267156
2.4599999999999915,0,0.0,0.0009630284524123697,0.03501665187188138,0.11000805627401383,0.0009090611094220054,0.002519405365520615,108.10488613589023,4.157880235995778,25.0,0.0,0.0,0.04689250622153045,0.12236929713488687
2.4599999999999915,1,0.0665,0.0009872546424675734,0.035454360119921625,0.11138315729047271,0.0009659374966064811,0.002738259489540724,107.92535761694877,6.523892418787444,15.543092787083113,0.006433725988118897,0.006433725988118897,0.04689250622153045,0.12236929713488687
2.4599999999999915,2,0.133,0.0010381580017503511,0.036356895102741975,0.11421855456210891,0.001116137560928336,0.003189526980950922,109.63510963344191,13.192264791593747,7.310560117266793,0.013678842441061425,0.013678842441061425,0.04689250622153045,0.12236929713488687
2.4599999999999915,3,0.1995,0.0010482622879173697,0.036533395657000624,0.11477304740672241,0.00114503718259894,0.00327777725808023,116.2000448072862,20.68436332808041,4.617772370568296,0.02165546327864864,0.02165546327864864,0.04689250622153045,0.12236929713488687
2.4599999999999915,4,0.266,0.001055773892050879,0.03666405691761527,0.11518353186317816,0.0011630589692416815,0.0033431078883875477,123.27318058731495,28.435630802982878,3.335166026082449,0.029983514828934004,0.029983514828934004,0.04689250622153045,0.12236929713488687
2.4599999999999915,5,0.3325,0.0010656964227594274,0.03683594478413856,0.11572353352188897,0.0011837882653042264,0.0034290518216491843,129.99079691926434,36.03470494187427,2.6073778633388516,0.03835270729496262,0.03835270729496262,0.04689250622153045,0.12236929713488687
2.4599999999999915,6,0.399,0.0010872795088200805,0.037207086244557645,0.11688950880738415,0.0012202336102373115,0.003614622551858743,135.2783646450311,43.18492289993888,2.1325369031797563,0.04689250622153045,0.04689250622153045,0.04689250622153045,0.12236929713488687
2.4699999999999913,0,0.0,0.0009640279718768246,0.035034818909542124,0.1100651297060663,0.0009083518830370859,0.002528488884350986,107.99265560584611,4.153563677147927,25.0,0.0,0.0,0.04687503351331928,0.12283804747002006
2.4699999999999913,1,0.0665,0.000988329840886642,0.03547366116795226,0.11144379332117234,0.0009650524015317065,0.0027479100135560414,107.80564041283924,6.514650531994462,15.548184723553314,0.00643161898176538,0.00643161898176538,0.04687503351331928,0.12283804747002006
2.4699999999999913,2,0.133,0.0010394319937448641,0.036379196232171944,0.11428861562649287,0.0011150564714985571,0.0032006775456659073,109.49591692007085,13.17146550574048,7.313115717635944,0.013674062309563214,0.013674062309563214,0.04687503351331928,0.12283804747002006
2.4699999999999913,3,0.1995,0.001049575612090579,0.03655627407851269,0.11484492208767044,0.001143921075603167,0.0032892164688362617,116.0471331948931,20.65116106784603,4.61939993657689,0.02164783334913039,0.02164783334913039,0.04687503351331928,0.12283804747002006
2.4699999999999913,4,0.266,0.0010571126325757216,0.036687294899385825,0.1152565361359928,0.0011618990885277642,0.0033547268792728253,123.10682364556854,28.389573339495534,3.336339337453251,0.02997297033830307,0.02997297033830307,0.04687503351331928,0.12283804747002006
2.4699999999999913,5,0.3325,0.0010670653653212492,0.036859596036097404,0.11579783612129106,0.0011825625979419582,0.0034408774476286036,129.81091122380656,35.97555824301287,2.608308461732301,0.03833902372635224,0.03833902372635224,0.04687503351331928,0.12283804747002006
2.4699999999999913,6,0.399,0.0010887046695173025,0.03723146300868737,0.11696609067049238,0.001218838206486092,0.0036268109339236037,135.08489061171454,43.11222011733508,2.1333318081060266,0.04687503351331928,0.04687503351331928,0.04687503351331928,0.12283804747002006
2.479999999999991,0,0.0,0.0009650272303833272,0.03505297179227893,0.11012215866911373,0.0009076441368404411,0.00253756532571939,107.88068711069336,4.149257196565129,25.0,0.0,0.0,0.04685759809842259,0.12330662345100428
2.479999999999991,1,0.0665,0.0009894046399656548,0.03549294455731629,0.11150437387553469,0.0009641694682013794,0.002757551708238055,107.68623133266112,6.505435344260265,15.553270555163152,0.006429515878691085,0.006429515878691085,0.04685759809842259,0.12330662345100428
2.479999999999991,2,0.133,0.0010407055337815984,0.03640147579474556,0.11435860893659931,0.0011139781286804648,0.003211817326952712,109.35712195057751,13.150731728048228,7.315668223794555,0.013669291299289012,0.013669291299289012,0.04685759809842259,0.12330662345100428
2.479999999999991,3,0.1995,0.0010508884791755886,0.03657913023559956,0.11491672682286386,0.0011428078543436137,0.0033006445473796977,115.89466890321093,20.618064866254755,4.621025525673547,0.021640218052122597,0.021640218052122597,0.04685759809842259,0.12330662345100428
2.479999999999991,4,0.266,0.0010584508872509214,0.03671050974595548,0.11532946772743025,0.001160742328482817,0.0033663343025576533,122.94096416993226,28.34366496223696,3.3375111981365104,0.029962446285074554,0.029962446285074554,0.04685759809842259,0.12330662345100428
2.479999999999991,5,0.3325,0.0010684337701987222,0.036883222841116996,0.11587206191836841,0.0011813402509794635,0.003452690850138398,129.63157842715867,35.91660720803928,2.609237856913807,0.03832536759154625,0.03832536759154625,0.04685759809842259,0.12330662345100428
2.479999999999991,6,0.399,0.0010901291355481112,0.0372558119526043,0.11704258513382448,0.0012174471958465716,0.0036389854058820692,134.89204392182376,43.0397695632166,2.1341256073338166,0.04685759809842259,0.04685759809842259,0.04685759809842259,0.12330662345100428
2.489999999999991,0,0.0,0.0009660262283463507,0.03507111054959529,0.11017914325584405,0.0009069378658177337,0.0025466347043775674,107.76897969883112,4.14496075764735,25.0,0.0,0.0,0.04684019909140126,0.12377502544191829
2.489999999999991,1,0.0665,0.0009904790405026265,0.03551221033108591,0.11156489908887506,0.0009632886884809766,0.002767184595122865,107.56712897298176,6.496246585093118,15.558350666647282,0.006427416513652171,0.006427416513652171,0.04684019909140126,0.12377502544191829
2.489999999999991,2,0.133,0.0010419786226834832,0.03642373384442196,0.11442853466194595,0.0011129024838203393,0.0032229463517909154,109.21872287085024,13.13006305885589,7.3182176948636215,0.013664529284252666,0.013664529284252666,0.04684019909140126,0.12377502544191829
2.489999999999991,3,0.1995,0.0010522008901010023,0.03660196418612167,0.11498846179407654,0.0011416975261053248,0.003312061522640751,115.74265012151177,20.585074430465085,4.622649095221015,0.02163261756194775,0.02163261756194775,0.04684019909140126,0.12377502544191829
2.489999999999991,4,0.266,0.0010597886570154372,0.03673370151745975,0.11540232682641179,0.0011595885752135565,0.0033779301883097887,122.77560014532807,28.297905238078663,3.3386815777486203,0.029951942906586856,0.029951942906586856,0.04684019909140126,0.12377502544191829
2.489999999999991,5,0.3325,0.0010698016386896786,0.03690682526853505,0.11594621113095187,0.0011801213709027706,0.0034644920638474256,129.4527957308911,35.857850691480174,2.610166065018757,0.03831173860552102,0.03831173860552102,0.04684019909140126,0.12377502544191829
2.489999999999991,6,0.399,0.001091552909095841,0.0372801331681035,0.11711899248576314,0.00121606077496003,0.0036511460136316697,134.69982069378486,42.96756922091643,2.134918338089592,0.04684019909140126,0.04684019909140126,0.04684019909140126,0.12377502544191829
2.4999999999999907,0,0.0,0.0009670249661791704,0.035089235210894854,0.11023608355863157,0.0009062330649781159,0.0025556970350273486,107.65753242334611,4.14067432397485,25.0,0.0,0.0,0.04682283742564367,0.12424325381617472
2.4999999999999907,1,0.0665,0.000991553043293119,0.03553145853216971,0.11162536909599474,0.0009624100541900459,0.0027768086956647653,107.4483322003628,6.4870842478021755,15.563424813970359,0.0064253209814228015,0.0064253209814228015,0.04682283742564367,0.12424325381617472
2.4999999999999907,2,0.133,0.0010432512613137196,0.036445970435693774,0.11449839297372635,0.00111182956359067,0.0032340646474268223,109.08071799417377,13.109459253315197,7.320764105246278,0.013659776296894613,0.013659776296894613,0.04682283742564367,0.12424325381617472
2.4999999999999907,3,0.1995,0.0010535128457478439,0.03662477598692763,0.1150601271799037,0.0011405900402979617,0.0033234674230437303,115.59107459424173,20.55218901565145,4.624270704508105,0.0216250315757925,0.0216250315757925,0.04682283742564367,0.12424325381617472
2.4999999999999907,4,0.266,0.0010611259428470175,0.03675687027451068,0.1154751136233558,0.001158437852546779,0.0033895145668352564,122.61072882871976,28.25229298584266,3.3398505349693384,0.029941459641072848,0.029941459641072848,0.04682283742564367,0.12424325381617472
2.4999999999999907,5,0.3325,0.0010711689719624285,0.03693040338523091,0.11602028396914905,0.0011789058347928263,0.003476281122195354,129.2745603610398,35.79928757824366,2.61109310006504,0.038298136515128124,0.038298136515128124,0.04682283742564367,0.12424325381617472
2.4999999999999907,6,0.399,0.001092975991814496,0.037304426737645384,0.1171953129853654,0.0012146784770939462,0.003663292798402609,134.50821870582573,42.89561874231835,2.135709954758798,0.04682283742564367,0.04682283742564367,0.04682283742564367,0.12424325381617472
2.5099999999999905,0,0.0,0.0009680234442938692,0.035107345805481936,0.1102929796695385,0.0009055297293540885,0.0025647523323208896,107.54634434198348,4.136397859307057,25.0,0.0,0.0,0.04680551122075403,0.12471130892838227
2.5099999999999905,1,0.0665,0.0009926266491302592,0.03555068920331365,0.11168578403118413,0.0009615335571965709,0.002786424031236731,107.32983986826767,6.477948306437831,15.568492799117047,0.006423229357543937,0.006423229357543937,0.04680551122075403,0.12471130892838227
2.5099999999999905,2,0.133,0.0010445234505111756,0.036468185622457974,0.11456818404126289,0.0011107593382100771,0.003245172240808923,108.94310571871404,13.088920146894559,7.323307384877092,0.013655032452482304,0.013655032452482304,0.04680551122075403,0.12471130892838227
2.5099999999999905,3,0.1995,0.0010548243470384344,0.036647565695401674,0.11513172316062321,0.00113948542370232,0.0033348622772807535,115.43994048262068,20.51940828064808,4.625890323138239,0.02161746021080743,0.02161746021080743,0.04680551122075403,0.12471130892838227
2.5099999999999905,4,0.266,0.0010624627458531125,0.036780016079769294,0.11554782831511767,0.001157290262930617,0.0034010874694645624,122.4463481674556,28.20682770893354,3.3410180482179825,0.029930996647365482,0.029930996647365482,0.04680551122075403,0.12471130892838227
2.5099999999999905,5,0.3325,0.0010725357712054269,0.036953957258212204,0.11609428064347067,0.0011776936490646764,0.0034880580586860005,129.09686972432843,35.74091691251797,2.6120189652748755,0.03828456122617644,0.03828456122617644,0.04680551122075403,0.12471130892838227
2.5099999999999905,6,0.399,0.0010943983856170495,0.03732869274783071,0.11727154690469554,0.0012133005092662295,0.0036754258034952716,134.31723324227457,42.82391522896144,2.1365005400402297,0.04680551122075403,0.04680551122075403,0.04680551122075403,0.12471130892838227
2.5199999999999902,0,0.0,0.0009690216631013419,0.035125442362561966,0.11034983168031638,0.0009048278540013627,0.0025738006108609033,107.43541451711788,4.132131327581456,25.0,0.0,0.0,0.046788222044329066,0.12517919114882556
2.5199999999999902,1,0.0665,0.0009936998588048532,0.03556990238710372,0.11174614402823109,0.0009606591895036994,0.002796030623131768,107.21165055640081,6.468838455174091,15.57355509792453,0.006421141439524421,0.006421141439524421,0.046788222044329066,0.12517919114882556
2.5199999999999902,2,0.133,0.0010457951910905676,0.036490379458021215,0.11463790803202334,0.0011096917781619686,0.0032562691585905426,108.80588406285703,13.068445184810432,7.325847683037541,0.01365029745725435,0.01365029745725435,0.046788222044329066,0.12517919114882556
2.5199999999999902,3,0.1995,0.0010561353948475192,0.03667033336791945,0.11520324991334441,0.0011383836258890452,0.003346246113539644,115.28924581566422,20.486731747076533,4.62750795192679,0.02160990343806157,0.02160990343806157,0.046788222044329066,0.12517919114882556
2.5199999999999902,4,0.266,0.0010637990669681648,0.03680313899270329,0.11562047108852071,0.0011561456466998,0.0034126489259315605,122.28245629469434,28.161509098843016,3.3421840734990362,0.029920554284524163,0.029920554284524163,0.046788222044329066,0.12517919114882556
2.5199999999999902,5,0.3325,0.001073902037613264,0.03697748695437368,0.11616820136407277,0.0011764848080739966,0.0034998229067667403,128.9197220030261,35.682738505860634,2.612943608065618,0.03827101346210482,0.03827101346210482,0.046788222044329066,0.12517919114882556
2.5199999999999902,6,0.399,0.0010958200926580364,0.03735293128909112,0.11734769452785297,0.0012119270630203303,0.003687545074125475,134.12686273432882,42.752458939299956,2.137290019382569,0.046788222044329066,0.046788222044329066,0.046788222044329066,0.12517919114882556
2.52999999999999,0,0.0,0.0009700196230113008,0.03514352491124194,0.11040663968240756,0.0009041274339987205,0.0025828418852008907,107.3247420157247,4.1278746929124885,25.0,0.0,0.0,0.04677096894982821,0.12564690083832383
2.52999999999999,1,0.0665,0.0009947726730850863,0.03558909812560352,0.11180644921928229,0.0009597869249900065,0.002805628492381668,107.09376310900876,6.459754646662375,15.578611567599081,0.0064190572803023965,0.0064190572803023965,0.04677096894982821,0.12564690083832383
2.52999999999999,2,0.133,0.001047066483906929,0.03651255199622598,0.11470756511515888,0.0011086269102383531,0.003267355427692926,108.66905136501303,13.048034121934279,7.328384977345815,0.013645571337904505,0.013645571337904505,0.04677096894982821,0.12564690083832383
2.52999999999999,3,0.1995,0.0010574459900690827,0.03669307906101071,0.11527470761566071,0.0011372846545628097,0.0033576189600852723,115.13898835839724,20.45415865960884,4.629123655218539,0.021602360932239786,0.021602360932239786,0.04677096894982821,0.12564690083832383
2.52999999999999,4,0.266,0.0010651349070958946,0.03682623907205712,0.11569304212811606,0.0011550039676918407,0.003424198965608479,122.11905012206753,28.11633560098722,3.343348715676153,0.029910131578893998,0.029910131578893998,0.04677096894982821,0.12564690083832383
2.52999999999999,5,0.3325,0.0010752677724473164,0.03700099254154155,0.11624204634403766,0.0011752793583935436,0.0035115757003506757,128.74311332575093,35.624750106840416,2.6138671271979135,0.03825749172919926,0.03825749172919926,0.04677096894982821,0.12564690083832383
2.52999999999999,6,0.399,0.0010972411148318065,0.037377142447131396,0.11742375612408722,0.0012105579020139175,0.003699650653145614,133.9371033011619,42.68124782817215,2.1380784329542375,0.04677096894982821,0.04677096894982821,0.04677096894982821,0.12564690083832383
2.53999999999999,0,0.0,0.0009710173244322808,0.0351615934805309,0.11046340376694663,0.0009034284644478777,0.0025918761698453694,107.21432590935163,4.123627919590447,25.0,0.0,0.0,0.04675375186550635,0.1261144383569789
2.53999999999999,1,0.0665,0.0009958450927771922,0.035608276461440505,0.11186669973825585,0.0009589167918491287,0.0028152176603001592,106.97617641148396,6.450696866624503,15.58366198619128,0.006416976965273646,0.006416976965273646,0.04675375186550635,0.1261144383569789
2.53999999999999,2,0.133,0.001048337329790998,0.036534703290323385,0.11477715545796278,0.001107564704870185,0.003278431074741628,108.53260606280665,13.027686807947996,7.330919192545567,0.013640854219438791,0.013640854219438791,0.04675375186550635,0.1261144383569789
2.53999999999999,3,0.1995,0.0010587561336161356,0.03671580283135546,0.11534609644563765,0.0011361885172378066,0.0033689808452576505,114.98916628242718,20.42168866263212,4.63073740776569,0.021594832786739585,0.021594832786739585,0.04675375186550635,0.1261144383569789
2.53999999999999,4,0.266,0.0010664702673759954,0.036849316380462196,0.11576554163066606,0.0011538654202536474,0.0034357376198110154,121.95612770633733,28.07130679416629,3.3445119459733155,0.029899728754264665,0.029899728754264665,0.04675375186550635,0.1261144383569789
2.53999999999999,5,0.3325,0.0010766329768757224,0.037024474085719405,0.11631581579072175,0.001174077208892748,0.0035233164724396034,128.56704165523956,35.56695129412015,2.6147894879169464,0.038243996490770774,0.038243996490770774,0.04675375186550635,0.1261144383569789
2.53999999999999,6,0.399,0.0010986614537663634,0.037401326302840605,0.11749973194751874,0.001209192785460417,0.003711742581000218,133.7479519148368,42.61028066987184,2.138865781032159,0.04675375186550635,0.04675375186550635,0.04675375186550635,0.1261144383569789
2.5499999999999896,0,0.0,0.0009720147677716433,0.03517964809934036,0.11052012402476181,0.000902730940473347,0.002600903479250103,107.10416527409035,4.1193909720803985,25.0,0.0,0.0,0.046736571236786095,0.12658180406934674
2.5499999999999896,1,0.0665,0.000996917118664816,0.035627437436721164,0.11192689571743318,0.0009580487640329936,0.002824798147940489,106.85888920481068,6.441664954478651,15.588706485039346,0.0064149004342323795,0.0064149004342323795,0.046736571236786095,0.12658180406934674
2.5499999999999896,2,0.133,0.0010496077295708386,0.03655683339335181,0.11484667922706009,0.0011065051514215086,0.003289496126255843,108.39654641888615,13.007402907287137,7.333450358346258,0.013636146031341062,0.013636146031341062,0.046736571236786095,0.12658180406934674
2.5499999999999896,3,0.1995,0.0010600658263541652,0.03673850473463069,0.1154174165781896,0.0011350951637611937,0.0033803317968952623,114.83977791966257,20.389321553989067,4.632349149802621,0.021587319255557604,0.021587319255557604,0.046736571236786095,0.12658180406934674
2.5499999999999896,4,0.266,0.0010678051486604511,0.036872370975383394,0.11583796977670198,0.0011527297460597998,0.0034472649172716135,121.79368766914385,28.026422833860885,3.3456736662802187,0.02988934665322032,0.02988934665322032,0.046736571236786095,0.12658180406934674
2.5499999999999896,5,0.3325,0.0010779976519708465,0.037047931651050844,0.11638950990563811,0.0011728782665719481,0.003535045255105323,128.39150567903602,35.509342353341054,2.6157106037463893,0.038230528964776744,0.038230528964776744,0.046736571236786095,0.12658180406934674
2.5499999999999896,6,0.399,0.0011000811115865444,0.03742548294529015,0.11757562227797362,0.0012078321224772304,0.0037238209022249905,133.5594060697705,42.53955672747657,2.139652040226917,0.046736571236786095,0.046736571236786095,0.046736571236786095,0.12658180406934674
2.5599999999999894,0,0.0,0.0009730119534355822,0.035197688796484806,0.11057680054637643,0.0009020348572223044,0.002609923827822326,106.99425919054849,4.115163815021096,25.0,0.0,0.0,0.04671942516224648,0.12704899832096922
2.5599999999999894,1,0.0665,0.0009979887515091405,0.035646581093034875,0.11198703728747118,0.0009571828156855835,0.002834369976097345,106.74190020736755,6.43265871903671,15.593745272305094,0.006412827595536183,0.006412827595536183,0.04671942516224648,0.12704899832096922
2.5599999999999894,2,0.133,0.0010508776840503352,0.036578942357763586,0.11491613658723458,0.0011054482205887363,0.0033005506084617304,108.26087068863117,12.987182068895304,7.335978514378362,0.013631446684856306,0.013631446684856306,0.04671942516224648,0.12704899832096922
2.5599999999999894,3,0.1995,0.0010613750691679006,0.03676118482666996,0.11548866818872291,0.0011340046019635219,0.0033916718429148974,114.69082104569644,20.35705656248002,4.633958951466611,0.021579819987043867,0.021579819987043867,0.04671942516224648,0.12704899832096922
2.5599999999999894,4,0.266,0.0010691395519939043,0.03689540291742421,0.1159103267566153,0.001151597102040616,0.0034587808882920196,121.63172663315828,27.981681842262848,3.346834022301286,0.029878983939346928,0.029878983939346928,0.04671942516224648,0.12704899832096922
2.5599999999999894,5,0.3325,0.00107936179898906,0.037071365304630434,0.11646312889957051,0.001171682678979462,0.0035467620818951176,128.21650054849846,35.45192001608704,2.6166306504786645,0.03821708653520008,0.03821708653520008,0.04671942516224648,0.12704899832096922
2.5599999999999894,6,0.399,0.001101500090162421,0.03744961245893129,0.11765142738076333,0.0012064756820569277,0.00373588565904556,133.37146108312572,42.46907311667901,2.140437294609717,0.04671942516224648,0.04671942516224648,0.04671942516224648,0.12704899832096922
2.569999999999989,0,0.0,0.0009740088818291283,0.035215715600682096,0.11063343342201035,0.0009013402098644522,0.0026189372299209707,106.88460674382175,4.110946413223913,25.0,0.0,0.0,0.046702315465705815,0.12751602147562627
2.569999999999989,1,0.0665,0.0009990599920891956,0.03566570747217504,0.1120471245796677,0.0009563189570081686,0.0028439331656674267,106.62520823551466,6.42367805916567,15.598778340607486,0.006410758446363406,0.006410758446363406,0.046702315465705815,0.12751602147562627
2.569999999999989,2,0.133,0.0010521471940738445,0.03660103023655155,0.11498552770496823,0.001104393939398158,0.003311594547855712,108.12557702210276,12.9670238262865,7.338503766987199,0.013626755967593473,0.013626755967593473,0.046702315465705815,0.12751602147562627
2.569999999999989,3,0.1995,0.0010626838629391126,0.03678384316307908,0.11555985145192837,0.0011329168204561345,0.0034030010111194588,114.54229352658417,20.324893000681254,4.635566864865902,0.021572334714428244,0.021572334714428244,0.046702315465705815,0.12751602147562627
2.569999999999989,4,0.266,0.0010704734783629685,0.03691841226599449,0.11598261275704759,0.001150467428514045,0.0034702855625771602,121.4702428477851,27.937083576384246,3.347992964822793,0.029868641018871718,0.029868641018871718,0.046702315465705815,0.12751602147562627
2.569999999999989,5,0.3325,0.0010807254190890112,0.037094775111659734,0.11653667297735572,0.0011704903514649645,0.0035584669854097674,128.0420254006573,35.394685005934335,2.617549510023597,0.038203670882656394,0.038203670882656394,0.046702315465705815,0.12751602147562627
2.569999999999989,6,0.399,0.0011029183913598849,0.037473714927867746,0.11772714752010748,0.0012051234468230115,0.00374793689351379,133.18411571266773,42.39883036125703,2.141221457711908,0.046702315465705815,0.046702315465705815,0.046702315465705815,0.12751602147562627
2.579999999999989,0,0.0,0.0009750055533561539,0.035233728540553934,0.11069002274158127,0.0009006469935918875,0.0026279436998568897,106.77520702346621,4.106738731671777,25.0,0.0,0.0,0.04668524141000287,0.1279828738897263
2.579999999999989,1,0.0665,0.0010001308411615626,0.035684816615419834,0.11210715772370193,0.0009554571622398506,0.002853487737289825,106.50881216137604,6.414722925669711,15.60380555723789,0.0064086930353739625,0.0064086930353739625,0.04668524141000287,0.1279828738897263
2.579999999999989,2,0.133,0.0010534162604614336,0.036623097082122004,0.11505485274490028,0.001103342278522798,0.00332262797064094,107.9906640036462,12.946928143070839,7.341025980084899,0.013622074117607673,0.013622074117607673,0.04668524141000287,0.1279828738897263
2.579999999999989,3,0.1995,0.001063992208546398,0.0368064797992334,0.11563096654177277,0.0011318318077158458,0.0034143193291966173,114.39419384610676,20.292830790281748,4.6371728039485856,0.02156486381418637,0.02156486381418637,0.04668524141000287,0.1279828738897263
2.579999999999989,4,0.266,0.001071806928636005,0.03694139907827666,0.11605482795764271,0.001149340614108648,0.0034817789687182467,121.3092343909285,27.89262760780116,3.349150467165025,0.029858318096005875,0.029858318096005875,0.04668524141000287,0.1279828738897263
2.579999999999989,5,0.3325,0.0010820885135014642,0.03711816113836666,0.11661014234705486,0.0011693013353465376,0.003570159998763233,127.86807753893574,35.33763619492237,2.6184672011906946,0.038190281686372486,0.038190281686372486,0.04668524141000287,0.1279828738897263
2.579999999999989,6,0.399,0.0011043360167657457,0.037497790431190225,0.11780278294447685,0.0012037751661240859,0.003759974645175031,132.9973664045458,42.32882666181723,2.142004560322865,0.04668524141000287,0.04668524141000287,0.04668524141000287,0.1279828738897263
2.5899999999999888,0,0.0,0.0009760019684193776,0.035251727644626314,0.11074656859470625,0.0008999552036189692,0.0026369432518930794,106.66605912347094,4.102540735518113,25.0,0.0,0.0,0.04666820184663721,0.12844955590819265
2.5899999999999888,1,0.0665,0.0010012012995206697,0.03570390856460887,0.11216713685101692,0.0009545974594518926,0.002863033711884344,106.39271092446506,6.405793328904327,15.608826645155427,0.006406631470344211,0.006406631470344211,0.04666820184663721,0.12844955590819265
2.5899999999999888,2,0.133,0.0010546848840305226,0.03664514294667276,0.11512411187101497,0.0011022932275379278,0.003333650902916319,107.85613000212734,12.926894757366192,7.343545145725518,0.013617401134683205,0.013617401134683205,0.04666820184663721,0.12844955590819265
2.5899999999999888,3,0.1995,0.0010653001068654667,0.03682909479028377,0.11570201363151761,0.001130749552518372,0.003425626824721801,114.24651978811352,20.260869144470426,4.638776844837062,0.021557406908094656,0.021557406908094656,0.04666820184663721,0.12844955590819265
2.5899999999999888,4,0.266,0.001073139903837029,0.0369643634139504,0.11612697254588991,0.001148216783687113,0.003493261136555118,121.14869860724193,27.848312755788925,3.3503065937830767,0.029848014562477005,0.029848014562477005,0.04666820184663721,0.12844955590819265
2.5899999999999888,5,0.3325,0.0010834510832986553,0.037141523448049336,0.11668353720752483,0.0011681154841336992,0.00358184115360457,127.69465405335659,35.280772238442836,2.619383759242583,0.03817691838668033,0.03817691838668033,0.04666820184663721,0.12844955590819265
2.5899999999999888,6,0.399,0.0011057529684809705,0.03752183905645172,0.1178783339289273,0.0012024312630747854,0.003771998957805779,132.8112092877152,42.25905986776901,2.142786652218222,0.04666820184663721,0.04666820184663721,0.04666820184663721,0.12844955590819265
2.5999999999999885,0,0.0,0.0009769981274203696,0.03526971294132996,0.11080307107070306,0.0008992648351821854,0.002645935900244901,106.55716214223077,4.0983523900857985,25.0,0.0,0.0,0.04665119792673505,0.12891606788746
2.5999999999999885,1,0.0665,0.001002271367938594,0.03572298336106916,0.11222706209144528,0.0009537398230143836,0.002872571110114488,106.2769031159288,6.396888929095928,15.613842180772227,0.006404573508700228,0.006404573508700228,0.04665119792673505,0.12891606788746
2.5999999999999885,2,0.133,0.0010559530655959617,0.0366671678821954,0.11519330524664868,0.001101246776132208,0.0033446633706776412,107.72197324333592,12.906923256229058,7.346061342802812,0.013612736857686799,0.013612736857686799,0.04665119792673505,0.12891606788746
2.5999999999999885,3,0.1995,0.0010666075587688966,0.03685168819115338,0.11577299289370918,0.0011296700434804338,0.0034369235251566054,114.09926982474154,20.22900795624378,4.640378908918479,0.021549964337568877,0.021549964337568877,0.04665119792673505,0.12891606788746
2.5999999999999885,4,0.266,0.0010744724048481064,0.036987305330062885,0.11619904670100815,0.0011470958056242033,0.00350473209461136,120.98863388598413,27.804138889154363,3.3514612830961834,0.02983773093377851,0.02983773093377851,0.04665119792673505,0.12891606788746
2.5999999999999885,5,0.3325,0.001084813129727314,0.03716486210679023,0.11675685776636986,0.0011669329370446895,0.003593510482975017,127.52175275436126,35.22409248940325,2.620299168608096,0.03816358116585598,0.03816358116585598,0.04665119792673505,0.12891606788746
2.5999999999999885,6,0.399,0.0011071692483443734,0.03754586088647805,0.11795380073366381,0.0012010915013164175,0.003784009872818943,132.6256425322532,42.18952990089838,2.14356767766282,0.04665119792673505,0.04665119792673505,0.04665119792673505,0.12891606788746
2.6099999999999883,0,0.0,0.000977994030759556,0.03528768445900076,0.11085953025859151,0.0008985758835400253,0.0026549216590803014,106.44851518251916,4.0941736608661214,25.0,0.0,0.0,0.04663422929441631,0.12938241018040414
2.6099999999999883,1,0.0665,0.001003341047164998,0.03574204104561551,0.11228693357321053,0.0009528842273171916,0.0028820999523876596,106.16138780788461,6.3880098596813735,15.618851589120718,0.006402519380468076,0.006402519380468076,0.04663422929441631,0.12938241018040414
2.6099999999999883,2,0.133,0.0010572208059699065,0.03668917194047401,0.11526243303448593,0.0011002029139303793,0.003355665399816945,107.5881922961718,12.887013561905102,7.348574460587974,0.013608081477070426,0.013608081477070426,0.04663422929441631,0.12938241018040414
2.6099999999999883,3,0.1995,0.0010679145651263696,0.036874260056542804,0.11584390450019443,0.0011285932694714076,0.0034482094578513196,113.95244186623061,20.197246548261614,4.64197904867575,0.021542535834694843,0.021542535834694843,0.04663422929441631,0.12938241018040414
2.6099999999999883,4,0.266,0.0010758044328177353,0.03701022488806199,0.11627105061604168,0.0011459778999554117,0.003516191873610914,120.8290377089402,27.76010494827374,3.3526145860790035,0.029827466722607502,0.029827466722607502,0.04663422929441631,0.12938241018040414
2.6099999999999883,5,0.3325,0.0010861746538877333,0.03718817717795389,0.11683010422265555,0.0011657535581831378,0.0036051680185568485,127.3493711494867,35.16759600344225,2.621213435715697,0.03815026988547996,0.03815026988547996,0.04663422929441631,0.12938241018040414
2.6099999999999883,6,0.399,0.0011085848581774641,0.037569856003532534,0.1180291836171242,0.0011997558527243057,0.0037960074313461863,132.44066299139774,42.12023533362374,2.1443476500634135,0.04663422929441631,0.04663422929441631,0.04663422929441631,0.12938241018040414
2.619999999999988,0,0.0,0.0009789896788362233,0.035305642225880216,0.11091594624709487,0.0008978883439728467,0.0026639005425200296,106.34011735146149,4.09000451351775,25.0,0.0,0.0,0.04661729629439018,0.12984858314334805
2.619999999999988,1,0.0665,0.001004410337967456,0.035761081659269965,0.11234675142518721,0.0009520306827227668,0.002891620259214887,106.04616348561485,6.379155659555945,15.623855749115982,0.006400468719487386,0.006400468719487386,0.04661729629439018,0.12984858314334805
2.619999999999988,2,0.133,0.0010584881059405942,0.0367111551727181,0.11533149539540612,0.0010991616122042497,0.0033666570159389874,107.45478502783939,12.867164887069592,7.351084793808956,0.013603434432455394,0.013603434432455394,0.04661729629439018,0.12984858314334805
2.619999999999988,3,0.1995,0.0010692211268046295,0.036896810440930315,0.11591474862212185,0.0011275192193755319,0.003459484650045075,113.80603398071338,20.16558439271971,4.643577283175601,0.021535121287270375,0.021535121287270375,0.04661729629439018,0.12984858314334805
2.619999999999988,4,0.266,0.0010771359886384215,0.037033122144802255,0.11634298446960424,0.0011448628370132295,0.0035276405019810464,120.6699084693734,27.716210799545905,3.3537664416721213,0.029817222439062274,0.029817222439062274,0.04661729629439018,0.12984858314334805
2.619999999999988,5,0.3325,0.0010875356568663223,0.0372114687244636,0.11690327677406119,0.0011645773254852067,0.0036168137918117004,127.17750752426264,35.11128259250689,2.6221265113056176,0.03813698521747057,0.03813698521747057,0.04661729629439018,0.12984858314334805
2.619999999999988,6,0.399,0.0011099997998008052,0.03759382448959535,0.1181044828368568,0.001198424303140654,0.003807991674377593,132.2562681718673,42.05117537960058,2.145126550636824,0.04661729629439018,0.04661729629439018,0.04661729629439018,0.12984858314334805
2.629999999999988,0,0.0,0.000979985072048524,0.03532358627011587,0.1109723191246413,0.0008972022117827494,0.002672872564637857,106.23196776050825,4.085844913865702,25.0,0.0,0.0,0.0466003971685096,0.13031458711503313
2.629999999999988,1,0.0665,0.0010054792411111836,0.035780105242900845,0.11240651577576694,0.000951179181543886,0.002901132051030326,105.93122918303607,6.370326412598709,15.62885420965776,0.006398421705041281,0.006398421705041281,0.0466003971685096,0.13031458711503313
2.629999999999988,2,0.133,0.0010597549663366266,0.036733117630678644,0.11540049249198973,0.0010981228980273153,0.0033776382449192607,107.32175011097634,12.847377240118279,7.3535921850138095,0.013598796001197096,0.013598796001197096,0.0466003971685096,0.13031458711503313
2.629999999999988,3,0.1995,0.0010705272446454779,0.03691933939819341,0.11598552542875264,0.001126447863154749,0.0034707491286766227,113.66004428252228,20.13402099971425,4.645173623497034,0.021527720620422543,0.021527720620422543,0.0466003971685096,0.13031458711503313
2.629999999999988,4,0.266,0.001078467073125567,0.03705599715563272,0.11641484843558003,0.0011437505415232913,0.0035390780073962795,120.51124339448828,27.67245511260447,3.3549169346957166,0.029806997295767558,0.029806997295767558,0.0466003971685096,0.13031458711503313
2.629999999999988,5,0.3325,0.001088896139978087,0.03723473681294895,0.11697637562990984,0.0011634044242675803,0.0036284478360543763,127.00615818155626,35.055150075629115,2.623038495272423,0.038123725664046815,0.038123725664046815,0.0466003971685096,0.13031458711503313
2.629999999999988,6,0.399,0.0011114140752792444,0.03761776643051521,0.11817969866256332,0.0011970970459932672,0.0038199626448375255,132.0724537020797,41.982347363370934,2.145904457388947,0.0466003971685096,0.0466003971685096,0.0466003971685096,0.13031458711503313
2.6399999999999877,0,0.0,0.0009809802107934805,0.03534151661976174,0.11102864897936505,0.000896517482293446,0.0026818377394607915,106.12406552540877,4.081694827900337,25.0,0.0,0.0,0.04658353377493675,0.13078042245278249
2.6399999999999877,1,0.0665,0.001006547757359028,0.03579911183722311,0.11246622675285953,0.0009503297161132762,0.0029106353481914587,105.81658399496531,6.361522257950074,15.63384638208646,0.006396378572235543,0.006396378572235543,0.04658353377493675,0.13078042245278249
2.6399999999999877,2,0.133,0.0010610213879623453,0.03675505936552745,0.11546942448499775,0.0010970867424402865,0.0033886091123436638,107.18908629779214,12.827650705108693,7.356096432771077,0.013594166541170467,0.013594166541170467,0.04658353377493675,0.13078042245278249
2.6399999999999877,3,0.1995,0.0010718329195317643,0.036941846982748223,0.11605623509104009,0.001125379227740517,0.003482002920954028,113.51447107152653,20.102556054719454,4.646768040966456,0.021520333943590084,0.021520333943590084,0.04658353377493675,0.13078042245278249
2.6399999999999877,4,0.266,0.0010797976873165123,0.03707884997953628,0.11648664269926924,0.0011426411951779322,0.0035505044193480588,120.35304042151616,27.62883725211915,3.3560660668875952,0.029796791245155576,0.029796791245155576,0.04658353377493675,0.13078042245278249
2.6399999999999877,5,0.3325,0.0010902561042262764,0.037257981504501776,0.11704940098212717,0.0011622345776414016,0.0036400701818307905,126.8353212396805,34.99919809756667,2.6239493512423864,0.03811049171076875,0.03811049171076875,0.04658353377493675,0.13078042245278249
2.6399999999999877,6,0.399,0.0011128276861641544,0.03764168190318191,0.11825483133580014,0.001195773633334889,0.0038319203811708743,131.889218460822,41.91375186897158,2.1466812819125973,0.04658353377493675,0.04658353377493675,0.04658353377493675,0.13078042245278249
2.6499999999999875,0,0.0,0.0009819750954669902,0.03535943330277874,0.11108493589910796,0.0008958341508501356,0.002690796080969293,106.01640976618484,4.07755422177634,25.0,0.0,0.0,0.04656670411123917,0.13124608949389488
2.6499999999999875,1,0.0665,0.0010076158874517706,0.03581810148244892,0.1125258844827952,0.0009494822612903376,0.002920130170804362,105.70222644498573,6.352742757913372,15.63883309509368,0.006394338976056511,0.006394338976056511,0.04656670411123917,0.13124608949389488
2.6499999999999875,2,0.133,0.0010622873715981872,0.03677698042786531,0.11553829153339727,0.0010960531168933874,0.0033995696435125977,107.05679154501084,12.807984560972061,7.358597797754198,0.013589545555882866,0.013589545555882866,0.04656670411123917,0.13124608949389488
2.6499999999999875,3,0.1995,0.0010731381522993929,0.03696433324803266,0.11612687777686434,0.0011243132642218226,0.003493246053596246,113.36931257842588,20.071189169708862,4.648360524124857,0.021512961286243377,0.021512961286243377,0.04656670411123917,0.13124608949389488
2.6499999999999875,4,0.266,0.0010811278321120603,0.03710168067296781,0.1165583674380301,0.0011415346715765641,0.0035619197660638246,120.19529810719189,27.585357213062313,3.357213763042249,0.029786604922464554,0.029786604922464554,0.04656670411123917,0.13124608949389488
2.6499999999999875,5,0.3325,0.0010916155507530957,0.037281202862390256,0.11712235302947599,0.0011610678944241435,0.003651680860775032,126.66499465787842,34.94342610865471,2.6248590582966997,0.03809728361754064,0.03809728361754064,0.04656670411123917,0.13124608949389488
2.6499999999999875,6,0.399,0.0011142406342540517,0.03766557098841126,0.11832988111045765,0.0011944542614676606,0.003843864923785551,131.7065579276206,41.845386028947225,2.147457113587396,0.04656670411123917,0.04656670411123917,0.04656670411123917,0.13124608949389488
2.6599999999999873,0,0.0,0.000982969726463829,0.03537733634703513,0.11114117997142074,0.0008951522128193775,0.0026997476030974866,105.90899960710465,4.073423061811717,25.0,0.0,0.0,0.04654990832619197,0.1317115885771568
2.6599999999999873,1,0.0665,0.001008683632147878,0.035837074218995256,0.11258548909254767,0.0009486368273167975,0.00292961653907753,105.58815548729875,6.3439878979042295,15.643814141288063,0.0063923029957300625,0.0063923029957300625,0.04654990832619197,0.1317115885771568
2.6599999999999873,2,0.133,0.0010635529180651167,0.0367988808688387,0.11560709379786965,0.0010950220486694055,0.0034105198639992917,106.92486426258117,12.788378530333155,7.361096288240355,0.013584933015990295,0.013584933015990295,0.04654990832619197,0.1317115885771568
2.6599999999999873,3,0.1995,0.0010744429438254916,0.03698679824802732,0.11619745365581047,0.0011232499997332307,0.0035044785535935786,113.22456656675149,20.03991947752828,4.649951173392469,0.021505602160343314,0.021505602160343314,0.04654990832619197,0.1317115885771568
2.6599999999999873,4,0.266,0.0010824575085303198,0.03712448929421525,0.11663002283497956,0.001140431062371961,0.003573324076687544,120.03801355754459,27.542013519655576,3.358360127587568,0.02977643736850629,0.02977643736850629,0.04654990832619197,0.1317115885771568
2.6599999999999873,5,0.3325,0.0010929744806608432,0.037304400949000144,0.11719523196794696,0.0011599043304945007,0.003663279904079977,126.49517532993741,34.88783249663779,2.6257676753672783,0.038084100485399015,0.038084100485399015,0.04654990832619197,0.1317115885771568
2.6599999999999873,6,0.399,0.0011156529213337699,0.0376894337665275,0.1184048482388819,0.0011931389058122957,0.003855796312843674,131.5244695094991,41.77724891298336,2.148231942784162,0.04654990832619197,0.04654990832619197,0.04654990832619197,0.1317115885771568
2.669999999999987,0,0.0,0.0009839641041776578,0.03539522578030691,0.11119738128356425,0.0008944716635889678,0.0027086923197333765,105.80183417665708,4.069301314486811,25.0,0.0,0.0,0.04653314743189059,0.13217692005147572
2.669999999999987,1,0.0665,0.0010097509921837033,0.035856030086777,0.11264504070751322,0.0009477933890870307,0.0029390944729684003,105.47436995902953,6.335257542719866,15.648789610808317,0.006390270588782914,0.006390270588782914,0.04653314743189059,0.13217692005147572
2.669999999999987,2,0.133,0.0010648180281384405,0.03682076073864827,0.11567583143612488,0.0010939934904783605,0.0034214597989040752,106.79330299231603,12.768832463922967,7.36359183927345,0.013580329027289865,0.013580329027289865,0.04653314743189059,0.13217692005147572
2.669999999999987,3,0.1995,0.001075747294940163,0.0370092420357361,0.11626796289439509,0.0011221893854390143,0.003515700447447969,113.08023174658175,20.008747053354735,4.651539871289558,0.02149825708626609,0.02149825708626609,0.04653314743189059,0.13217692005147572
2.669999999999987,4,0.266,0.00108378671743328,0.037147275898708455,0.11670160906425567,0.0011393302246600905,0.0035847173789341448,119.88118564864136,27.498806467981836,3.3595050493636776,0.029766289536889062,0.029766289536889062,0.04653314743189059,0.13217692005147572
2.669999999999987,5,0.3325,0.0010943328951928612,0.037327575828924,0.11726803800046358,0.0011587439961929693,0.0036748673440419066,126.3258620237357,34.83241751116374,2.626675121910457,0.03807094343942585,0.03807094343942585,0.04653314743189059,0.13217692005147572
2.669999999999987,6,0.399,0.00111706454918583,0.0377132703175574,0.11847973297248432,0.0011918275514948252,0.003867714588358622,131.34295140527155,41.70934037107161,2.149005719984179,0.04653314743189059,0.04653314743189059,0.04653314743189059,0.13217692005147572
2.679999999999987,0,0.0,0.0009849582290010251,0.03541310163027827,0.11125353992251094,0.0008937924985678121,0.0027176302447190544,105.69491260752585,4.065188946443302,25.0,0.0,0.0,0.04651642079361059,0.13264208425941182
2.679999999999987,1,0.0665,0.0010108179683330843,0.035874969126266,0.1127045394548379,0.0009469519744498255,0.0029485639927128984,105.3608688858969,6.3265517383213,15.65375914776816,0.006388241894871465,0.006388241894871465,0.04651642079361059,0.13264208425941182
2.679999999999987,2,0.133,0.0010660827026340186,0.03684262008804164,0.11574450460759136,0.0010929674696688735,0.003432389473600764,106.66210616639518,12.749346091489041,7.366084456488209,0.013575733565193895,0.013575733565193895,0.04651642079361059,0.13264208425941182
2.679999999999987,3,0.1995,0.0010770512064928255,0.037031664664329944,0.11633840565965968,0.001121131429692215,0.003526911761744891,112.93630576885502,19.977670901395395,4.653126749673641,0.021490925431380904,0.021490925431380904,0.04651642079361059,0.13264208425941182
2.679999999999987,4,0.266,0.0010851154597794524,0.0371700405433553,0.11677312630463978,0.001138232232342139,0.003596099701257566,119.72481135527939,27.455734431335458,3.360648652641266,0.029756160294056942,0.029756160294056942,0.04651642079361059,0.13264208425941182
2.679999999999987,5,0.3325,0.0010956907954109126,0.037350727563455824,0.1173407713195866,0.0011575867265909965,0.0036864432113078165,126.15705152796025,34.77717942571812,2.6275814660997403,0.038057811447587714,0.038057811447587714,0.04651642079361059,0.13264208425941182
2.679999999999987,6,0.399,0.0011184755198298424,0.03773708072527038,0.1185545355744344,0.0011905203856488863,0.003879619792215111,131.1620003520824,41.6416587810561,2.149778471643197,0.04651642079361059,0.04651642079361059,0.04651642079361059,0.13264208425941182
2.6899999999999866,0,0.0,0.0009859521013253737,0.03543096392454199,0.11130965597494609,0.0008931147131858047,0.0027265613918509126,105.58823403656416,4.061085924483237,25.0,0.0,0.0,0.046499728804867274,0.13310708154746048
2.6899999999999866,1,0.0665,0.0010118845613279412,0.03589389137708153,0.11276398545898936,0.0009461125407767606,0.002958025118120666,105.24765102342472,6.317870258933953,15.658723068045989,0.0063862167793276355,0.0063862167793276355,0.046499728804867274,0.13310708154746048
2.6899999999999866,2,0.133,0.001067346942322084,0.03686445896682383,0.11581311346873613,0.0010919439391094165,0.0034433089129918583,106.53127232474469,12.729919246859167,7.368574085890528,0.01357114671500443,0.01357114671500443,0.046499728804867274,0.13310708154746048
2.6899999999999866,3,0.1995,0.001078354679329792,0.03705406618676143,0.11640878211795967,0.0011200761215743131,0.003538112522960634,112.79278747895951,19.946691214300497,4.654711664563911,0.021483607837902194,0.021483607837902194,0.046499728804867274,0.13310708154746048
2.6899999999999866,4,0.266,0.0010864437364922954,0.0371927832842854,0.11684457473246827,0.0011371370465051306,0.0036074710717226175,119.5688894623185,27.412797593233137,3.3617908407799333,0.02974605046422224,0.02974605046422224,0.046499728804867274,0.13310708154746048
2.6899999999999866,5,0.3325,0.0010970481823610288,0.03737385621342671,0.11741343211642259,0.0011564324985443195,0.0036980075362932595,125.98874191640832,34.72211777497122,2.6284866819737855,0.0380447048432096,0.0380447048432096,0.046499728804867274,0.13310708154746048
2.6899999999999866,6,0.399,0.0011198858347848388,0.03776086506473079,0.11862925628055371,0.0011892169730204406,0.0038915119619453158,130.98161399827043,41.57420344071674,2.1505501767471102,0.046499728804867274,0.046499728804867274,0.046499728804867274,0.13310708154746048
2.6999999999999864,0,0.0,0.0009869457215410423,0.03544881269059986,0.11136572952726914,0.0008924383028937052,0.0027354857748798497,105.48179760476924,4.056992215568048,25.0,0.0,0.0,0.04648306942671211,0.1335719122417276
2.6999999999999864,1,0.0665,0.0010129507719178687,0.0359127968790491,0.1128233788450831,0.000945275098378485,0.0029674778691044508,105.13471522224093,6.309212964586609,15.663681478554997,0.00638419519299528,0.00638419519299528,0.04648306942671211,0.1335719122417276
2.6999999999999864,2,0.133,0.0010686107479920327,0.036886277424978485,0.11588165817658744,0.0010909229077325387,0.003454218142069184,106.40079963779336,12.710551383141137,7.371060895038741,0.013566568154023427,0.013566568154023427,0.04648306942671211,0.1335719122417276
2.6999999999999864,3,0.1995,0.001079657714294739,0.037076446655773795,0.11647909243499281,0.0011190234506181745,0.0035493027574668157,112.64967455102698,19.915807005563195,4.656294747160379,0.021476303677078125,0.021476303677078125,0.04648306942671211,0.1335719122417276
2.6999999999999864,4,0.266,0.0010877715485080603,0.03721550417767124,0.11691595452421223,0.0011360446692919976,0.0036188315184155374,119.41341740653328,27.369994778076578,3.362931683939658,0.02973595939446813,0.02973595939446813,0.04648306942671211,0.1335719122417276
2.6999999999999864,5,0.3325,0.0010984050572362917,0.0373969618419777,0.11748602058933497,0.001155281427549466,0.0037095603505687543,125.82093039465083,34.66723121547395,2.629390810376856,0.03803162299242521,0.03803162299242521,0.04648306942671211,0.1335719122417276
2.6999999999999864,6,0.399,0.001121295495807839,0.03778462341476969,0.11870389533849733,0.001187917501945138,0.003903391136964767,130.80178789372366,41.50697149914643,2.15132092680897,0.04648306942671211,0.04648306942671211,0.04648306942671211,0.1335719122417276
2.709999999999986,0,0.0,0.000987939090037274,0.03546664795586312,0.11142176066559503,0.0008917632631630177,0.0027444034075114797,105.37560245725747,4.052907786817595,25.0,0.0,0.0,0.046466444592259376,0.13403657668765018
2.709999999999986,1,0.0665,0.0010140166008304103,0.03593168567149625,0.11288271973667026,0.0009444396223576801,0.0029769222653280277,105.02206052398988,6.300579902907796,15.668634021373316,0.006382177276180662,0.006382177276180662,0.046466444592259376,0.13403657668765018
2.709999999999986,2,0.133,0.0010698741204306656,0.03690807551229234,0.11595013888755495,0.001089904365692649,0.0034651171857261105,106.27068682732542,12.691242499346812,7.373544736285271,0.013561998140175271,0.013561998140175271,0.046466444592259376,0.13403657668765018
2.709999999999986,3,0.1995,0.0010809603122284145,0.03709880612389684,0.11654933677578634,0.001117973406152379,0.0035604824915283395,112.50696546449925,19.885018086183457,4.6578759434305725,0.021469013175638377,0.021469013175638377,0.046466444592259376,0.13403657668765018
2.709999999999986,4,0.266,0.001089098896774784,0.037238203279711196,0.11698726585642404,0.0011349551019977412,0.0036301810694355147,119.25839349525552,27.327325673932553,3.3640711468892737,0.029725887364917686,0.029725887364917686,0.046466444592259376,0.13403657668765018
2.709999999999986,5,0.3325,0.001099761421123857,0.03742004451024925,0.11755853693040212,0.0011541334135774426,0.003721101684704529,125.65361544650659,34.61251968570317,2.630293795063071,0.03801856666646706,0.03801856666646706,0.046466444592259376,0.13403657668765018
2.709999999999986,6,0.399,0.0011227045046547043,0.03780835585394678,0.11877845299506787,0.001186621958854936,0.0039152573565533165,130.6225211283288,41.439963654524945,2.152090629646722,0.046466444592259376,0.046466444592259376,0.046466444592259376,0.13403657668765018
2.719999999999986,0,0.0,0.0009889322072022164,0.03548446974765284,0.11147774947575542,0.0008910895894858676,0.0027533143034063384,105.26964774323909,4.048832605509196,25.0,0.0,0.0,0.04644985337953834,0.13450107522144555
2.719999999999986,1,0.0665,0.001015082048810805,0.03595055779395788,0.11294200825795335,0.0009436061230813465,0.0029863583265588413,104.90968565932883,6.29197080327339,15.673581130533808,0.006380162846459469,0.006380162846459469,0.04644985337953834,0.13450107522144555
2.719999999999986,2,0.133,0.0010711370604224132,0.03692985327835996,0.11601855575744459,0.0010888883033809895,0.0034760060687599203,106.14093212178227,12.671992093822576,7.376025753166664,0.013557436395482778,0.013557436395482778,0.04644985337953834,0.13450107522144555
2.719999999999986,3,0.1995,0.0010822624739687964,0.0371211446434506,0.1166195153047085,0.0011169259776877606,0.003571651751305217,112.36465833721677,19.854323897787967,4.659455286197667,0.02146173615963695,0.02146173615963695,0.04644985337953834,0.13450107522144555
2.719999999999986,4,0.266,0.0010904257822371608,0.037260880646371286,0.11705850890492614,0.0011338683330044195,0.003641519752765559,119.10381562066394,27.284789546781944,3.3652092465822747,0.029715834194132373,0.029715834194132373,0.04644985337953834,0.13450107522144555
2.719999999999986,5,0.3325,0.0011011172751107241,0.03744310427918606,0.11763098133108747,0.0011529884468403887,0.003732631569172933,125.48679438523047,34.55798193624583,2.6311956704165866,0.038005535325378294,0.038005535325378294,0.04644985337953834,0.13450107522144555
2.719999999999986,6,0.399,0.0011241128633079362,0.03783206246438511,0.11885292950826244,0.001185330521916569,0.0039271106617724824,130.44381025671578,41.373178059728474,2.1528593251502293,0.04644985337953834,0.04644985337953834,0.04644985337953834,0.13450107522144555
2.7299999999999858,0,0.0,0.0009899250734229288,0.035502278093200335,0.11153369604330002,0.0008904172773748859,0.0027622184761800874,105.1639326159939,4.0447666390766885,25.0,0.0,0.0,0.046433296354964286,0.1349654081849952
2.7299999999999858,1,0.0665,0.001016147116582358,0.035969413285474504,0.11300124453158181,0.0009427745758311991,0.0029957860723171534,104.79758954356178,6.283385576352828,15.678522791592112,0.00637815190431249,0.00637815190431249,0.046433296354964286,0.1349654081849952
2.7299999999999858,2,0.133,0.0010723995687492113,0.03695161077258244,0.11608690894145444,0.0010878747111241177,0.0034868848158711614,106.01153407944135,12.652799987499785,7.378503903023398,0.013552882984723265,0.013552882984723265,0.046433296354964286,0.1349654081849952
2.7299999999999858,3,0.1995,0.001083564200329161,0.037143462266170366,0.1166896281842905,0.0011158811359883861,0.0035828105626651012,112.22275156666672,19.823724153947616,4.661032745167568,0.021454472746126333,0.021454472746126333,0.046433296354964286,0.1349654081849952
2.7299999999999858,4,0.266,0.0010917522056973557,0.03728353633100957,0.11712968383734783,0.0011327842319143416,0.0036528475950847023,118.94968188731369,27.242385866821554,3.3663459753054252,0.029705799918835468,0.029705799918835468,0.046433296354964286,0.1349654081849952
2.7299999999999858,5,0.3325,0.0011024726203715323,0.03746614121102988,0.11770335398692927,0.0011518465921909566,0.0037441500350948423,125.32046499114392,34.503617176323836,2.6320964364611035,0.037992528926657276,0.037992528926657276,0.046433296354964286,0.1349654081849952
2.7299999999999858,6,0.399,0.00112552057326007,0.03785574331970924,0.11892732510937944,0.0011840427662065762,0.003938951089434548,130.26565315163623,41.306614193813814,2.153626984298925,0.046433296354964286,0.046433296354964286,0.046433296354964286,0.1349654081849952
2.7399999999999856,0,0.0,0.0009909176890853864,0.035520073019647595,0.1115896004534979,0.0008897463223630865,0.0027711159394037182,105.0584562328464,4.040709855109476,25.0,0.0,0.0,0.04641677190884604,0.13542957590408367
2.7399999999999856,1,0.0665,0.001017211804905592,0.03598825218564009,0.11306042868194373,0.0009419450082794071,0.0030052055223999475,104.68577133175113,6.274824365397086,15.683458410254065,0.006376144685958972,0.006376144685958972,0.04641677190884604,0.13542957590408367
2.7399999999999856,2,0.133,0.001073661646190469,0.03697334804416768,0.11615519859417572,0.00108686357926197,0.003497753451663781,105.88249137363121,12.633666109150187,7.380979080723344,0.013548338087174186,0.013548338087174186,0.04641677190884604,0.13542957590408367
2.7399999999999856,3,0.1995,0.0010848654921637945,0.037165759044334314,0.1167596755787691,0.001114838908197528,0.0035939589517470765,112.08124316666292,19.793218175045087,4.662608383106332,0.021447222623783346,0.021447222623783346,0.04641677190884604,0.13542957590408367
2.7399999999999856,4,0.266,0.0010930781681410336,0.03730617038994803,0.1172007908306298,0.0011317029469229422,0.0036641646245539317,118.79598984624609,27.200113530956113,3.3674813971289432,0.029695783942639827,0.029695783942639827,0.04641677190884604,0.13542957590408367
2.7399999999999856,5,0.3325,0.0011038274579023726,0.03748915536479568,0.1177756550833285,0.0011507076882899796,0.003755657111977742,125.15462462394177,34.44942419338586,2.632996125606387,0.03797954696077257,0.03797954696077257,0.04641677190884604,0.13542957590408367
2.7399999999999856,6,0.399,0.001126927636241774,0.03787939849730918,0.11900164004154677,0.0011827588799968975,0.003950778678234517,130.08804582287638,41.24026962421476,2.1543936789999423,0.04641677190884604,0.04641677190884604,0.04641677190884604,0.13542957590408367
2.7499999999999853,0,0.0,0.0009919100545744842,0.03553785455404767,0.11164546279133873,0.0008890767200037498,0.0027800067066037558,104.95321775514134,4.03666222135159,25.0,0.0,0.0,0.04640028084769346,0.1358935787125606
2.7499999999999853,1,0.0665,0.0010182761144798054,0.03600707453286032,0.11311956082969411,0.0009411173610111934,0.0030146166960100594,104.5742297058936,6.266286839185453,15.688388576780678,0.00637414094574399,0.00637414094574399,0.04640028084769346,0.1358935787125606
2.7499999999999853,2,0.133,0.0010749232935232135,0.03699506514213373,0.11622342486960316,0.00108585489830254,0.0035086120006468068,105.75380236972352,12.614590072426022,7.383451365644344,0.013543801543178871,0.013543801543178871,0.04640028084769346,0.1358935787125606
2.7499999999999853,3,0.1995,0.0010861663502803585,0.03718803502926199,0.11682965764936935,0.0011137992463839531,0.003605096944210916,111.94013186300079,19.762805989590234,4.664182096508138,0.021439986246434395,0.021439986246434395,0.04640028084769346,0.1358935787125606
2.7499999999999853,4,0.266,0.0010944036705622512,0.03732878287947749,0.11727183006161493,0.0011306244764728841,0.0036754708693186606,118.64273838461483,27.157972779912367,3.3686154097764605,0.029685787136690664,0.029685787136690664,0.04640028084769346,0.1358935787125606
2.7499999999999853,5,0.3325,0.0011051817888049708,0.037512146801104755,0.11784788481073255,0.0011495718154535867,0.0037671528301322778,124.98927172544252,34.39540283398354,2.6338946901924323,0.037966590073764114,0.037966590073764114,0.04640028084769346,0.1358935787125606
2.7499999999999853,6,0.399,0.001128334054212719,0.0379030280781758,0.11907587455920474,0.0011814790433307572,0.0039625934686678245,129.91098641961457,41.174144066991914,2.155159369147891,0.04640028084769346,0.04640028084769346,0.04640028084769346,0.1358935787125606
2.759999999999985,0,0.0,0.0009929021702740411,0.03555562272336508,0.11170128314153405,0.000888408465870305,0.002788890791262459,104.84821634821978,4.032623705700761,25.0,0.0,0.0,0.04638382379099434,0.13635741695047054
2.759999999999985,1,0.0665,0.0010193400460416589,0.03602588036609795,0.11317864109723808,0.0009402916618813019,0.0030240196126288723,104.46296345500183,6.257772762607143,15.693313646544103,0.00637214053400516,0.00637214053400516,0.04638382379099434,0.13635741695047054
2.759999999999985,2,0.133,0.0010761845115006606,0.037016762114941044,0.11629158791997976,0.0010848486403657028,0.0035194604870504636,105.62546521750654,12.595571268296629,7.3859209691718,0.013539272951523773,0.013539272951523773,0.04638382379099434,0.13635741695047054
2.759999999999985,3,0.1995,0.001087466775505805,0.03721029027244516,0.11689957455785745,0.0011127621591584117,0.0036162245658025003,111.79941540712423,19.732486640468682,4.66575401489636,0.0214327629962338,0.0214327629962338,0.04638382379099434,0.13635741695047054
2.759999999999985,4,0.266,0.00109572871370269,0.03735137385141353,0.11734280169308664,0.0011295485968021881,0.0036867663552866826,118.48992499262327,27.115962450424487,3.3697480850718753,0.029675808836572733,0.029675808836572733,0.04638382379099434,0.13635741695047054
2.759999999999985,5,0.3325,0.001106535614246697,0.03753511558150192,0.11792004336249019,0.001148439019858027,0.003778637220330858,124.8244038323547,34.341552040044895,2.63479215170007,0.03795365791395581,0.03795365791395581,0.04638382379099434,0.13635741695047054
2.759999999999985,6,0.399,0.0011297398286499965,0.037926632134945786,0.11915002889054825,0.001180202838499518,0.003974395497052819,129.73447291115556,41.10823706668861,2.1559240232241383,0.04638382379099434,0.04638382379099434,0.04638382379099434,0.13635741695047054
2.769999999999985,0,0.0,0.0009938940365668044,0.035573377554476204,0.11175706158851849,0.0008877415555562135,0.002797768206818021,104.74345118139485,4.028594276207494,25.0,0.0,0.0,0.046367398824489245,0.13682109093871545
2.769999999999985,1,0.0665,0.001020403600325487,0.03604466972417065,0.11323766960652494,0.0009394679036350592,0.0030334142916652227,104.35197193618463,6.249282467322971,15.698232554190541,0.006370143877968329,0.006370143877968329,0.046367398824489245,0.13682109093871545
2.769999999999985,2,0.133,0.0010774453008949123,0.0370384390112283,0.11635968789810844,0.0010838448143627398,0.003530298935194091,105.49747900702089,12.576610019083764,7.388387558089094,0.013534752909721975,0.013534752909721975,0.046367398824489245,0.13682109093871545
2.769999999999985,3,0.1995,0.001088766768664284,0.037232524825169824,0.11696942646535312,0.001111727636233211,0.0036273418421648323,111.65909222694157,19.70225984143003,4.667324110310643,0.02142555297993743,0.02142555297993743,0.046367398824489245,0.13682109093871545
2.769999999999985,4,0.266,0.001097053298607783,0.03737394336258327,0.11741370590357261,0.0011284755584869005,0.0036980511108715515,118.3375474181721,27.07408160820927,3.370879468069948,0.0296658486152448,0.0296658486152448,0.046367398824489245,0.13682109093871545
2.769999999999985,5,0.3325,0.0011078889351949974,0.03755806176395159,0.11799213092070203,0.001147309122483706,0.0037901103115556955,124.66001819499698,34.28787046428193,2.6356885542033517,0.037940749805405384,0.037940749805405384,0.046367398824489245,0.13682109093871545
2.769999999999985,6,0.399,0.0011311449612564045,0.03795021074380981,0.11922410327493733,0.0011789304432012118,0.003986184801484832,129.55850109258665,41.042545946084616,2.1566877274811533,0.046367398824489245,0.046367398824489245,0.046367398824489245,0.13682109093871545
2.7799999999999847,0,0.0,0.0009948856538344552,0.0355911190741697,0.1118127982164511,0.0008870759846748536,0.0028066389666647697,104.63892142792795,4.024573901074152,25.0,0.0,0.0,0.04635100693862675,0.13728460100810172
2.7799999999999847,1,0.0665,0.001021466778063625,0.03606344264575726,0.11329664647906787,0.0009386460793306307,0.003042800752458529,104.24125368939859,6.240815462698753,15.703146297538645,0.006368150567104778,0.006368150567104778,0.04635100693862675,0.13728460100810172
2.7799999999999847,2,0.133,0.001078705662497395,0.03706009587981965,0.11642772495737477,0.0010828434295674886,0.003541127369489766,105.36984182822667,12.557705641878012,7.390851389033558,0.013530240933862993,0.013530240933862993,0.04635100693862675,0.13728460100810172
2.7799999999999847,3,0.1995,0.0010900663305771227,0.03725473873851681,0.1170392135323315,0.0011106956673492617,0.0036384487988383248,111.51916084349895,19.672125391928777,4.668892334798448,0.021418356395728907,0.021418356395728907,0.04635100693862675,0.13728460100810172
2.7799999999999847,4,0.266,0.001098377426150257,0.03739649146669956,0.11748454286181671,0.001127405205814445,0.003709325162929696,118.18560455322054,27.032330480843974,3.3720094587098535,0.029655907323065597,0.029655907323065597,0.04635100693862675,0.13728460100810172
2.7799999999999847,5,0.3325,0.0011092417528262594,0.03758098540977525,0.11806414767801514,0.0011461822911830938,0.0038015721344675265,124.49611346190437,34.23435813315457,2.636583837140355,0.03792786657922482,0.03792786657922482,0.04635100693862675,0.13728460100810172
2.7799999999999847,6,0.399,0.0011325494539722156,0.03797376398469924,0.1192980979634838,0.0011776620444715852,0.003997961421929548,129.3830693247922,40.977070602111844,2.1574504332216504,0.04635100693862675,0.04635100693862675,0.04635100693862675,0.13728460100810172
2.7899999999999845,0,0.0,0.0009958770224576107,0.03560884730914689,0.11186849310921654,0.0008864117488594048,0.0028155030841533635,104.5346262650051,4.020562548654042,25.0,0.0,0.0,0.04633464921038144,0.13774794750020553
2.7899999999999845,1,0.0665,0.0010225295799665794,0.03608219916904851,0.11335557183484653,0.0009378261645623246,0.0030521790141041522,104.13080789500692,6.232371893428786,15.708054281035304,0.006366160837674995,0.006366160837674995,0.04633464921038144,0.13774794750020553
2.7899999999999845,2,0.133,0.0010799655970539115,0.037081732768609404,0.1164956992482432,0.001081844439487757,0.0035519458138846436,105.24255255529113,12.538858232891576,7.3933122618151845,0.013525737377072222,0.013525737377072222,0.04633464921038144,0.13774794750020553
2.7899999999999845,3,0.1995,0.0010913654620411622,0.03727693206299266,0.11710893591746355,0.0011096662237922072,0.0036495454610762468,111.37961962577276,19.6420829319679,4.670458678519277,0.02141117326654178,0.02141117326654178,0.04633464921038144,0.13774794750020553
2.7899999999999845,4,0.266,0.001099701097089494,0.037419018215380614,0.11755531272998239,0.001126337434052956,0.0037205885372702256,118.03409422818703,26.990708212422263,3.3731380925329986,0.029645984616332968,0.029645984616332968,0.04633464921038144,0.13774794750020553
2.7899999999999845,5,0.3325,0.0011105940681900824,0.037603886577957775,0.11813609381973597,0.0011450584091259655,0.0038130227185587864,124.33268741855944,34.18101421908963,2.637478005234886,0.03791500812576228,0.03791500812576228,0.04633464921038144,0.13774794750020553
2.7899999999999845,6,0.399,0.0011339533082521242,0.03799729192916077,0.11937201318095822,0.0011763972230767537,0.004009725394160316,129.20817602899257,40.911811001162825,2.158212087588108,0.04633464921038144,0.04633464921038144,0.04633464921038144,0.13774794750020553
2.7999999999999843,0,0.0,0.0009968681428158307,0.035626562286022144,0.11192414635042636,0.000885748843762735,0.002824360572590991,104.43056487371335,4.016560187450514,25.0,0.0,0.0,0.04631832234556459,0.13821113072366117
2.7999999999999843,1,0.0665,0.0010235920067428001,0.036100939332097084,0.11341444579340701,0.0009370081524289141,0.0030615490956284416,104.02063349380218,6.2239516576948875,15.712956529024106,0.006364174674275049,0.006364174674275049,0.04631832234556459,0.13821113072366117
2.7999999999999843,2,0.133,0.0010812251053295048,0.03710334972567796,0.11656361092176275,0.0010808478534278729,0.0035627542924189224,105.11560956156764,12.52006737689558,7.395770278005615,0.013521242039844235,0.013521242039844235,0.04631832234556459,0.13821113072366117
2.7999999999999843,3,0.1995,0.0010926641638942147,0.03729910484964884,0.11717859378113221,0.0011086393328088996,0.0036606318544043356,111.24046644924353,19.612131598906856,4.672023251946967,0.02140400306405306,0.02140400306405306,0.04631832234556459,0.13821113072366117
2.7999999999999843,4,0.266,0.0011010243124657654,0.037441523664859803,0.11762601568473195,0.0011252724739594976,0.0037318412620098206,117.88301379966751,26.94921345640753,3.374265467537765,0.029636079603710317,0.029636079603710317,0.04631832234556459,0.13821113072366117
2.7999999999999843,5,0.3325,0.0011119458823548034,0.03762676532761711,0.11820796953158905,0.0011439374829666415,0.0038244620933884526,124.16973662582126,34.12783665154135,2.638371159990103,0.03790217294536191,0.03790217294536191,0.04631832234556459,0.13821113072366117
2.7999999999999843,6,0.399,0.0011353565257799733,0.0380207946523503,0.1194458491634698,0.0011751361594763805,0.00402147675575508,129.03381583770823,40.84676327366571,2.1589728413290845,0.04631832234556459,0.04631832234556459,0.04631832234556459,0.13821113072366117
2.809999999999984,0,0.0,0.0009978590152876204,0.03564426403132329,0.11197975802342017,0.0008850872650572856,0.0028332114452415636,104.32673643901748,4.012566786116057,25.0,0.0,0.0,0.04630202906873487,0.13867415101434852
2.809999999999984,1,0.0665,0.001024654059118319,0.036119663173164354,0.11347326847495093,0.0009361920533634945,0.0030709110161620764,103.91072921107293,6.215554433172204,15.717853624852014,0.006362191835269844,0.006362191835269844,0.04630202906873487,0.13867415101434852
2.809999999999984,2,0.133,0.0010824841880654108,0.03712494679855334,0.11663146012724708,0.0010798536437688047,0.0035735528288566103,104.9890111567204,12.501332589984871,7.398225581233613,0.013516754646365562,0.013516754646365562,0.04630202906873487,0.13867415101434852
2.809999999999984,3,0.1995,0.0010939624369278107,0.03732125714859207,0.11724818728075241,0.0011076149471618715,0.0036717080038759543,111.101699929906,19.582271267027842,4.673585990863908,0.021396846061136683,0.021396846061136683,0.04630202906873487,0.13867415101434852
2.809999999999984,4,0.266,0.0011023470731172653,0.03746400786776511,0.11769665189140108,0.0011242101452655108,0.0037430833634624757,117.73236241665356,26.907846674536977,3.375391455164796,0.029626193384766308,0.029626193384766308,0.04630202906873487,0.13867415101434852
2.809999999999984,5,0.3325,0.0011132971963733172,0.037649621717426265,0.11827977499790109,0.0011428194904580724,0.0038358902882930333,124.00726066950968,34.0748263785289,2.639263170175642,0.03788936288356005,0.03788936288356005,0.04630202906873487,0.13867415101434852
2.809999999999984,6,0.399,0.001136759108231494,0.038044272229052,0.11951960614595994,0.0011738788350845904,0.004033215544105926,128.85998868789477,40.78192886320538,2.1597325648850303,0.04630202906873487,0.04630202906873487,0.04630202906873487,0.13867415101434852
2.819999999999984,0,0.0,0.0009988496402504343,0.03566195257149199,0.11203532821126687,0.0008844270084349602,0.002842055715325913,104.22314014973679,4.008582313451416,25.0,0.0,0.0,0.046285767708673146,0.13913700869143525
2.819999999999984,1,0.0665,0.001025715737816978,0.03613837073037163,0.11353203999923991,0.0009353778603635493,0.003080264794765712,103.80109419606234,6.207180318390589,15.722745090636598,0.006360212508918257,0.006360212508918257,0.046285767708673146,0.13913700869143525
2.819999999999984,2,0.133,0.0010837428460434995,0.03714652403531742,0.1166992470157499,0.0010788618382042245,0.0035843414472386524,104.86275613912288,12.482653868328923,7.400678032512093,0.013512275437559593,0.013512275437559593,0.046285767708673146,0.13913700869143525
2.819999999999984,3,0.1995,0.0010952602819525948,0.03734338901010228,0.11731771657428314,0.001106593075510087,0.003682773934631055,110.96331828552482,19.552501401508817,4.6751469291270356,0.02138970208122902,0.02138970208122902,0.046285767708673146,0.13913700869143525
2.819999999999984,4,0.266,0.0011036693799312109,0.03748647087739461,0.11776722151743063,0.0011231504814748312,0.003754314868277224,117.5821374587909,26.866606535108545,3.3765161523148737,0.029616325078570097,0.029616325078570097,0.046285767708673146,0.13913700869143525
2.819999999999984,5,0.3325,0.0011146480113183325,0.037672455806210835,0.1183515104034781,0.0011417044392283684,0.003847307332685317,123.84525615553112,34.02198135904324,2.6401541358969776,0.0378765764620881,0.0378765764620881,0.046285767708673146,0.13913700869143525
2.819999999999984,6,0.399,0.0011381610575261615,0.03806772473789183,0.1195932843754394,0.0011726254419916916,0.0040449417985258425,128.6866906536217,40.71730534069082,2.1604913335219833,0.046285767708673146,0.046285767708673146,0.046285767708673146,0.13913700869143525
2.8299999999999836,0,0.0,0.0009998400180806827,0.03567962793288413,0.11209085699676596,0.0008837680696070133,0.002850893396021983,104.11977519852222,4.004606738404701,25.0,0.0,0.0,0.046269539585450645,0.13959970408728975
2.8299999999999836,1,0.0665,0.0010267770435410301,0.03615706204135919,0.1135907604845244,0.0009345655493781167,0.0030896104502594933,103.69172735338815,6.198829162287811,15.727631079789026,0.006358236627797441,0.006358236627797441,0.046269539585450645,0.13959970408728975
2.8299999999999836,2,0.133,0.0010850010800001865,0.03716808148313008,0.11676697173542828,0.0010778723906331921,0.0035951201711449843,104.73684311466656,12.464031012536028,7.403127608501994,0.013507804442700236,0.013507804442700236,0.046269539585450645,0.13959970408728975
2.8299999999999836,3,0.1995,0.0010965576997764214,0.037365500484259115,0.11738718181905429,0.0011055737078419431,0.0036938296717094745,110.82532016968418,19.522821898019256,4.676705998169674,0.02138257141653486,0.02138257141653486,0.046269539585450645,0.13959970408728975
2.8299999999999836,4,0.266,0.0011049912338912202,0.03750891274851889,0.11783772473488749,0.001122093556214237,0.003765535803839366,117.43233755625243,26.825492953720502,3.377639499816365,0.029606475174581773,0.029606475174581773,0.046269539585450645,0.13959970408728975
2.8299999999999836,5,0.3325,0.0011159983282011177,0.037695267651576554,0.11842317592929387,0.0011405922682858397,0.0038587132553681756,123.68372157964339,33.969301435721384,2.641044011861258,0.03786381429119982,0.03786381429119982,0.046269539585450645,0.13959970408728975
2.8299999999999836,6,0.399,0.0011395623750821587,0.03809115224887439,0.11966688407183411,0.0011713755491280574,0.004056655554017123,128.51392043176503,40.652892909567065,2.1612490830024336,0.046269539585450645,0.046269539585450645,0.046269539585450645,0.13959970408728975
2.8399999999999834,0,0.0,0.0010008301491537333,0.035697290141770206,0.11214634446244863,0.0008831104443039378,0.0028597245004650224,104.01664078183323,4.0006400300705085,25.0,0.0,0.0,0.046253343301539046,0.14006223752030514
2.8399999999999834,1,0.0665,0.0010278379769907355,0.036175737143632536,0.11364943004863139,0.000933755113667241,0.0030989480013961655,103.58262756782545,6.190500787184212,15.73251181588827,0.006356264096303425,0.006356264096303425,0.046253343301539046,0.14006223752030514
2.8399999999999834,2,0.133,0.0010862588907127786,0.0371896191897102,0.11683463443619556,0.0010768853290059571,0.003605889024435044,104.61127035683722,12.445463480421195,7.405574490769936,0.013503341317359877,0.013503341317359877,0.046253343301539046,0.14006223752030514
2.8399999999999834,3,0.1995,0.0010978546912046307,0.03738759162094754,0.1174565831717841,0.0011045568344212526,0.0037048752400536873,110.68770358293953,19.493231992079213,4.6782632878896555,0.021375453634442532,0.021375453634442532,0.046253343301539046,0.14006223752030514
2.8399999999999834,4,0.266,0.0011063126356525195,0.03753133353017145,0.1179081616978149,0.0011210390826279226,0.0037767461946656452,117.28296074403248,26.784505251448536,3.3787615131584214,0.029596643506963987,0.029596643506963987,0.046253343301539046,0.14006223752030514
2.8399999999999834,5,0.3325,0.001117348148087012,0.037718057311863035,0.11849477175862769,0.0011394830143239532,0.003870108085511415,123.52265493278742,33.91678593369096,2.6419327932275327,0.037851076399954296,0.037851076399954296,0.046253343301539046,0.14006223752030514
2.8399999999999834,6,0.399,0.0011409630625580543,0.038114554835798016,0.11974040546698837,0.001170129346181318,0.004068356847478936,128.34167440022287,40.58868940649636,2.162005875944379,0.046253343301539046,0.046253343301539046,0.046253343301539046,0.14006223752030514
2.849999999999983,0,0.0,0.0010018200338439164,0.03571493922433571,0.112201790690579,0.0008824541282753562,0.002868549041747776,103.9137360999154,3.9966821576890537,25.0,0.0,0.0,0.04623717793343101,0.14052460929963945
2.849999999999983,1,0.0665,0.0010288985388837084,0.036194396074903185,0.11370804881003509,0.0009329465635325784,0.003108277467031491,103.47379402550007,6.182195311881645,15.737386770462004,0.006354295122726039,0.006354295122726039,0.04623717793343101,0.14052460929963945
2.849999999999983,2,0.133,0.0010875162789129864,0.03721113720185462,0.11690223526506834,0.0010759006072211146,0.0036166480305072552,104.48603686382069,12.426951451518777,7.408018432473297,0.01349888649866834,0.01349888649866834,0.04623717793343101,0.14052460929963945
2.849999999999983,3,0.1995,0.0010991512570182054,0.037409662469486966,0.11752592078741406,0.0011035424269712573,0.0037159106643234,110.55046706415436,19.463731450469346,4.679818761653155,0.021368348881244885,0.021368348881244885,0.04623717793343101,0.14052460929963945
2.849999999999983,4,0.266,0.0011076335862966334,0.03755373327845983,0.11797853258247994,0.0011199874144191598,0.0037879460688098367,117.13400465525345,26.743642313401914,3.37988226444962,0.029586829414687914,0.029586829414687914,0.04623717793343101,0.14052460929963945
2.849999999999983,5,0.3325,0.001118697472029406,0.037740824845028206,0.11856629807355976,0.0011383766582586782,0.0038814918520940016,123.36205292391958,33.86443289277003,2.642820575632821,0.037838361378753495,0.037838361378753495,0.04623717793343101,0.14052460929963945
2.849999999999983,6,0.399,0.0011423631216068487,0.03813793257213798,0.11981384879173157,0.0011688868169982827,0.0040800457156489195,128.16994934574421,40.524693086704005,2.1627617529766385,0.04623717793343101,0.04623717793343101,0.04623717793343101,0.14052460929963945
2.859999999999983,0,0.0,0.00100280967252453,0.03573257520668151,0.1122571957631554,0.0008817991172899106,0.002877367032920675,103.81106035677782,3.9927330906453005,25.0,0.0,0.0,0.046221045785433984,0.14098681975749378
2.859999999999983,1,0.0665,0.00102995872993556,0.036213038872748016,0.11376661688678677,0.0009321398922414504,0.003117598865953906,103.36522549685485,6.173912436488508,15.742256480016607,0.006352329485098982,0.006352329485098982,0.046221045785433984,0.14098681975749378
2.859999999999983,2,0.133,0.001088773245330387,0.03723263556618424,0.11696977436851046,0.0010749182164807702,0.0036273972126720628,104.36114082705156,12.408494288322242,7.4104596740046755,0.01349443953534925,0.01349443953534925,0.046221045785433984,0.14098681975749378
2.859999999999983,3,0.1995,0.0011004473980388355,0.03743171307973977,0.11759519482259143,0.0011025305126401346,0.003726935969449801,110.41360892968311,19.434319808655697,4.681372438900942,0.02136125704697772,0.02136125704697772,0.046221045785433984,0.14098681975749378
2.859999999999983,4,0.266,0.0011089540866458859,0.037576112044930964,0.11804883755082206,0.0011189383235566998,0.0037991354520454036,116.98546822713175,26.70290435657467,3.381001656785252,0.0295770337170088,0.0295770337170088,0.046221045785433984,0.14098681975749378
2.859999999999983,5,0.3325,0.0011200463011264913,0.037763570309606545,0.11863775505798155,0.0011372732289169675,0.0038928645843831714,123.20191523279541,33.812243314978296,2.6437072241881947,0.03782567112010941,0.03782567112010941,0.046221045785433984,0.14098681975749378
2.859999999999983,6,0.399,0.0011437625538752837,0.03816128553103647,0.11988721427584663,0.001167647944924325,0.004091722195098162,127.99874489974727,40.46090504078899,2.1635166037613502,0.046221045785433984,0.046221045785433984,0.046221045785433984,0.14098681975749378
2.869999999999983,0,0.0,0.0010037990655678416,0.03575019811482421,0.1123125597619114,0.0008811454071351537,0.0028861784869920262,103.70861276017064,3.9887927984681015,25.0,0.0,0.0,0.04620494572292498,0.14144886921472302
2.869999999999983,1,0.0665,0.0010310185508209506,0.036231665573925445,0.1138251343943664,0.0009313350588716041,0.003126912216542622,103.2569211141886,6.165652218145982,15.747120573926576,0.006350367327826004,0.006350367327826004,0.04620494572292498,0.14144886921472302
2.869999999999983,2,0.133,0.0010900297907352502,0.03725411432987657,0.11703725189473446,0.001073938184616385,0.0036381365945182265,104.2365810941369,12.390092002962435,7.412898069620002,0.013490000680007485,0.013490000680007485,0.04620494572292498,0.14144886921472302
2.869999999999983,3,0.1995,0.0011017431150422946,0.03745374350063757,0.11766440543103945,0.0011015210448900345,0.003737951179898701,110.27712760765021,19.404996710512197,4.682924313401723,0.02135417813903531,0.02135417813903531,0.04620494572292498,0.14144886921472302
2.869999999999983,4,0.266,0.0011102741374947886,0.037598469880502985,0.11811907676280528,0.0011178917786009725,0.0038103143698314133,116.83734923535681,26.662290408117677,3.3821197446632034,0.029567255907421503,0.029567255907421503,0.04620494572292498,0.14144886921472302
2.869999999999983,5,0.3325,0.0011213946363584912,0.037786293761965316,0.11870914288897606,0.0011361726179387043,0.0039042263105625585,123.04223896146993,33.76021562062717,2.644592805452709,0.037813004631116254,0.037813004631116254,0.04620494572292498,0.14144886921472302
2.869999999999983,6,0.399,0.0011451613612313324,0.038184613789096794,0.11996050215999,0.0011664129030162134,0.0041033863241283245,127.82805769218007,40.39732334860403,2.1642704787419356,0.04620494572292498,0.04620494572292498,0.04620494572292498,0.14144886921472302
2.8799999999999826,0,0.0,0.0010047882133450954,0.03576780797469656,0.11236788276831712,0.0008804929936174426,0.0028949834169282006,103.60639252156305,3.984861250829348,25.0,0.0,0.0,0.04618887687124146,0.14191075798343544
2.8799999999999826,1,0.0665,0.0010320780022514693,0.036250276215745406,0.11388360144998658,0.0009305320909978889,0.003136217537452601,103.14887966951277,6.157414365251451,15.751979573052571,0.0063484084356656536,0.0063484084356656536,0.04618887687124146,0.14191075798343544
2.8799999999999826,2,0.133,0.0010912859158525594,0.037275573539195986,0.1171046679890842,0.0010729604659709415,0.003648866199177936,104.1123560349966,12.37174412699755,7.415333761050166,0.0134855696617812,0.0134855696617812,0.04618887687124146,0.14191075798343544
2.8799999999999826,3,0.1995,0.0011030384088234477,0.037475753781288576,0.1177335527670361,0.001100514032550127,0.0037489563202242025,110.14102138037362,19.37576164361443,4.684474417379727,0.02134711198955277,0.02134711198955277,0.04618887687124146,0.14191075798343544
2.8799999999999826,4,0.266,0.0011115937399168144,0.037620806840658556,0.11818925039273355,0.0011168480077785915,0.003821482849909199,116.68964558665664,26.62179961697657,3.3832365679833423,0.029557495608297756,0.029557495608297756,0.04618887687124146,0.14191075798343544
2.8799999999999826,5,0.3325,0.001122742478828909,0.03780899526037353,0.1187804617496008,0.0011350749204107756,0.003915577059766666,122.8830212413378,33.70834824242783,2.6454773861232423,0.037800360919562744,0.037800360919562744,0.04618887687124146,0.14191075798343544
2.8799999999999826,6,0.399,0.0011465595450674253,0.03820791741476371,0.12003371265918719,0.001165181283345734,0.004115038136961782,127.6578845744954,40.33394631964963,2.1650234163252176,0.04618887687124146,0.04618887687124146,0.04618887687124146,0.14191075798343544
2.8899999999999824,0,0.0,0.001005777116226513,0.03578540481214779,0.11242316486358034,0.0008798418725618301,0.002903781835653819,103.50439885612104,3.980938417543117,25.0,0.0,0.0,0.046172840980010656,0.14237248639323555
2.8899999999999824,1,0.0665,0.0010331370849365887,0.03626887083538272,0.11394201817043546,0.0009297309818659374,0.0031455148472712604,103.04110030337586,6.149198933662648,15.756833111919097,0.00634645295090141,0.00634645295090141,0.046172840980010656,0.14237248639323555
2.8899999999999824,2,0.133,0.0010925416214265457,0.03729701324059812,0.1171720227975043,0.001071985070106856,0.0036595860498790044,103.98846433217919,12.353450494512549,7.417766710472615,0.01348114653684338,0.01348114653684338,0.046172840980010656,0.14237248639323555
2.8899999999999824,3,0.1995,0.0011043332801529407,0.037497743970241984,0.11780263698310318,0.0010995094476702598,0.0037599514147009052,110.0052887666011,19.346614326909837,4.686022727686836,0.021340058683275542,0.021340058683275542,0.046172840980010656,0.14237248639323555
2.8899999999999824,4,0.266,0.0011129128946088859,0.03764312297434566,0.11825935859438148,0.0011158066843551815,0.003832640916752751,116.54235631698977,26.581432276986202,3.3843520207107254,0.029547753717120616,0.029547753717120616,0.046172840980010656,0.14237248639323555
2.8899999999999824,5,0.3325,0.0011240898294880798,0.0378316748603446,0.11885171181425624,0.0011339799985533004,0.003926916859752199,122.72426209449785,33.65664250616063,2.6463608059548416,0.037787742236425205,0.037787742236425205,0.046172840980010656,0.14237248639323555
2.8899999999999824,6,0.399,0.0011479571070112148,0.03823119648018426,0.12010684600009483,0.001163953271027544,0.004126677669672057,127.48822475802137,40.27077457830189,2.1657753319379336,0.046172840980010656,0.046172840980010656,0.046172840980010656,0.14237248639323555
2.899999999999982,0,0.0,0.0010067657745813012,0.03580298865294403,0.11247840612864769,0.0008791920398119588,0.0029125737560519384,103.40263098268579,3.9770242685648385,25.0,0.0,0.0,0.04615683500623379,0.14283405474329788
2.899999999999982,1,0.0665,0.0010341957995643684,0.03628744946953911,0.11400038467101489,0.0009289317078191493,0.003154804164349452,102.9335820731278,6.1410058912963725,15.761681049519138,0.0063445009251123525,0.0063445009251123525,0.04615683500623379,0.14283405474329788
2.899999999999982,2,0.133,0.0010937969081990784,0.03731843348036092,0.11723931646538124,0.001071011988139976,0.003670296169760404,103.86490482841452,12.335211095164604,7.420196786833223,0.013476731530549853,0.013476731530549853,0.04615683500623379,0.14283405474329788
2.899999999999982,3,0.1995,0.0011056277298420163,0.0375197141165897,0.11787165823346746,0.0010985073173858091,0.0037709364878747635,109.86992820276124,19.31755438844419,4.6875692436764,0.021333018202323407,0.021333018202323407,0.04615683500623379,0.14283405474329788
2.899999999999982,4,0.266,0.0011142316023913547,0.03766541833244786,0.11832940152760452,0.0011147679051097916,0.003843788595803849,116.39547868274674,26.541186864928168,3.385466229340071,0.029538029100202548,0.029538029100202548,0.04615683500623379,0.14283405474329788
2.899999999999982,5,0.3325,0.0011254366894364607,0.037854332619745495,0.11892289326473691,0.0011328879700449504,0.003938245739452648,122.56595709479336,33.6050952697728,2.647243256145128,0.03777514581172958,0.03777514581172958,0.04615683500623379,0.14283405474329788
2.899999999999982,6,0.399,0.0011493540486786273,0.03825445105708735,0.12017990240805591,0.0011627288451544363,0.004138304958123601,127.31907325942096,40.207804563714305,2.166526365737476,0.04615683500623379,0.04615683500623379,0.04615683500623379,0.14283405474329788
2.909999999999982,0,0.0,0.0010077541887776515,0.03582055952276863,0.11253360664420584,0.000878543491229955,0.002921359190964238,103.30108812375158,3.9731187739904454,25.0,0.0,0.0,0.04614086086272644,0.14329546335192514
2.909999999999982,1,0.0665,0.0010352541468209144,0.036306012154785745,0.11405870106661663,0.0009281342623317652,0.0031640855069727694,102.82632394102562,6.132835104460304,15.766523506598412,0.006342552304453752,0.006342552304453752,0.04614086086272644,0.14329546335192514
2.909999999999982,2,0.133,0.001095051776909828,0.03733983430458818,0.11730654913755438,0.001070041211363116,0.0036809965818740352,103.74167602118862,12.317025566975305,7.42262407081002,0.013472324483366589,0.013472324483366589,0.04614086086272644,0.14329546335192514
2.909999999999982,3,0.1995,0.0011069217586562074,0.037541664268501404,0.11794061666945845,0.0010975075955851228,0.003781911563830615,109.73493807944419,19.288581407213243,4.68911397695671,0.021325990473130104,0.021325990473130104,0.04614086086272644,0.14329546335192514
2.909999999999982,4,0.266,0.0011155498642246285,0.037687692968059724,0.11839937935920414,0.001113731780593244,0.0038549259136097815,116.24901136589101,26.501063286352764,3.386579138722924,0.029528322210627542,0.029528322210627542,0.04614086086272644,0.14329546335192514
2.909999999999982,5,0.3325,0.0011267830596285008,0.037876968593812864,0.11899400627457381,0.0011317987033684074,0.003949563726486333,122.40810548499245,33.55370706470197,2.648124639371489,0.03776257299721897,0.03776257299721897,0.04614086086272644,0.14329546335192514
2.909999999999982,6,0.399,0.0011507503716801392,0.03827768121688982,0.12025288210743307,0.0011615079901236124,0.004149920038024837,127.15042943533331,40.14503704561096,2.167276425498643,0.04614086086272644,0.04614086086272644,0.04614086086272644,0.14329546335192514
2.9199999999999817,0,0.0,0.0010087423591827493,0.03583811744722255,0.11258876649068256,0.0008778962226963252,0.002930138153191201,103.19976950544466,3.9692219040555643,25.0,0.0,0.0,0.04612491805929133,0.14375671253251807
2.9199999999999817,1,0.0665,0.0010363121274097294,0.03632455892790292,0.11411696747278935,0.0009273386558586137,0.0031733588935313555,102.71932475209454,6.124686317578104,15.771360919707154,0.006340606908250048,0.006340606908250048,0.04612491805929133,0.14375671253251807
2.9199999999999817,2,0.133,0.0010963062282747743,0.03736121575884405,0.11737372095716768,0.0010690727127935153,0.00369168730900197,103.61877631130187,12.298893444946309,7.425048706628111,0.013467925120913092,0.013467925120913092,0.04612491805929133,0.14375671253251807
2.9199999999999817,3,0.1995,0.001108215367380097,0.03756359447432508,0.11800951244296581,0.0010965102911837334,0.003792876666742452,109.60031678401765,19.25969494874082,4.690656943202686,0.021318975403842262,0.021318975403842262,0.04612491805929133,0.14375671253251807
2.9199999999999817,4,0.266,0.0011168676809370573,0.03770994693188676,0.11846929224847641,0.0011126981913519031,0.0038660528955233005,116.1029526876902,26.461061090575658,3.387690738866149,0.029518633106831275,0.029518633106831275,0.04612491805929133,0.14375671253251807
2.9199999999999817,5,0.3325,0.0011281289411301451,0.0378995828394866,0.11906505102264889,0.0011307122836868564,0.003960870849323201,122.25070520992858,33.50247710560307,2.6490049623668854,0.03775002365818523,0.03775002365818523,0.04612491805929133,0.14375671253251807
2.9199999999999817,6,0.399,0.0011521460773869885,0.03830088702681196,0.12032578530940508,0.0011602904961070407,0.004161522942985908,126.98229056050045,40.08247070296158,2.1680255316975283,0.04612491805929133,0.04612491805929133,0.04612491805929133,0.14375671253251807
2.9299999999999815,0,0.0,0.0010097302861627733,0.03585566245182475,0.11264388574824802,0.0008772502301098502,0.0029389106554922996,103.09867435750144,3.9653336291346704,25.0,0.0,0.0,0.046109006159657635,0.14421780259411465
2.9299999999999815,1,0.0665,0.001037369742012916,0.036343089825200035,0.1141751840036024,0.0009265448648558723,0.0031826243421799144,102.61258378175604,6.116559702648897,15.776192626276114,0.006338664997880701,0.006338664997880701,0.046109006159657635,0.14421780259411465
2.9299999999999815,2,0.133,0.001097560263029085,0.037382577888885056,0.11744083206796953,0.0010681065020501463,0.0037023683740224716,103.4962046526063,12.280814809052146,7.427470510858906,0.01346353376345295,0.01346353376345295,0.046109006159657635,0.14421780259411465
2.9299999999999815,3,0.1995,0.001109508556795718,0.03758550478222086,0.1180783457052891,0.001095515394789147,0.0038038318206903435,109.46606277571826,19.230894645531258,4.692198142282228,0.02131197297464536,0.02131197297464536,0.046109006159657635,0.14421780259411465
2.9299999999999815,4,0.266,0.0011181850533709332,0.037732180274716046,0.11853914035497363,0.0011116671414640972,0.0038771695669379417,115.95730071640094,26.42117955646233,3.38880105517617,0.02950896153884767,0.02950896153884767,0.046109006159657635,0.14421780259411465
2.9299999999999815,5,0.3325,0.0011294743349750333,0.03792217541299104,0.11913602768559613,0.0011296286752218514,0.00397216713607542,122.09375425148264,33.45140464575292,2.6498842289118634,0.037737497702329266,0.037737497702329266,0.046109006159657635,0.14421780259411465
2.9299999999999815,6,0.399,0.0011535411676315437,0.038324068561524816,0.12039861224855791,0.0011590767356425646,0.0041731137103423336,126.81465399858479,40.020104277255044,2.168773702337863,0.046109006159657635,0.046109006159657635,0.046109006159657635,0.14421780259411465
2.9399999999999813,0,0.0,0.0010107179700829026,0.035873194562012496,0.11269896449681577,0.0008766055093874826,0.0029476767105861743,102.99780191324747,3.961453919740287,25.0,0.0,0.0,0.04609312594786628,0.1446787338535933
2.9399999999999813,1,0.0665,0.0010384269913299594,0.03636160488319599,0.11423335077378326,0.0009257528997974975,0.0031918818711778895,102.50609984720826,6.108454967033093,15.781019161216145,0.006336726353248634,0.006336726353248634,0.04609312594786628,0.1446787338535933
2.9399999999999813,2,0.133,0.001098813881905796,0.0374039207402969,0.11750788261317163,0.0010671425705921131,0.003713039799728393,103.3739594887036,12.262789224561097,7.429889611219629,0.013459150166779508,0.013459150166779508,0.04609312594786628,0.1446787338535933
2.9399999999999813,3,0.1995,0.0011108013276610658,0.037607395239798114,0.11814711660599751,0.0010945228788625627,0.003814777049478969,109.33217450881276,19.202180118501854,4.693737577404977,0.02130498315061042,0.02130498315061042,0.04609312594786628,0.1446787338535933
2.9399999999999813,4,0.266,0.0011195019824346507,0.03775439304829581,0.11860892384126767,0.0011106386789882727,0.003888275953727824,115.81205369956216,26.381418136570762,3.389910091263055,0.02949930744704228,0.02949930744704228,0.04609312594786628,0.1446787338535933
2.9399999999999813,5,0.3325,0.001130819242157447,0.03794474636971908,0.11920693643743745,0.001128547836402274,0.003983452614439442,121.93725042923901,33.40048876638062,2.6507624568648644,0.03772499483724882,0.03772499483724882,0.04609312594786628,0.1446787338535933
2.9399999999999813,6,0.399,0.0011549356440017442,0.03834722589141479,0.120471363146017,0.0011578664944987302,0.004184692375287321,126.64751813567729,39.9579375589212,2.1695208980424803,0.04609312594786628,0.04609312594786628,0.04609312594786628,0.1446787338535933
2.949999999999981,0,0.0,0.0010117054113073193,0.03589071380314178,0.112754002816044,0.0008759620564642441,0.0029564363311508166,102.89715140957627,3.957582746522164,25.0,0.0,0.0,0.046077277009474504,0.14513950662368805
2.949999999999981,1,0.0665,0.001039483876039076,0.036380104137942425,0.11429146789659156,0.0009249627373218408,0.003201131498551108,102.39987205042097,6.1003721000916835,15.785840334048144,0.006334791045891432,0.006334791045891432,0.046077277009474504,0.14513950662368805
2.949999999999981,2,0.133,0.0011000670856356903,0.037425244358493155,0.11757487273544495,0.0010661809098127337,0.0037237016088265203,103.25203957115112,12.244816558497865,7.432305953942162,0.013454774415867407,0.013454774415867407,0.046077277009474504,0.14513950662368805
2.949999999999981,3,0.1995,0.0011120936807746077,0.03762926589520865,0.11821582529636446,0.001093532770527063,0.0038257123771842398,109.19865054381533,19.17355108650483,4.6952752284199475,0.021298006002866837,0.021298006002866837,0.046077277009474504,0.14513950662368805
2.949999999999981,4,0.266,0.0011208184689117263,0.03777658530211444,0.11867864286283088,0.0011096126909316186,0.0038993720806371405,115.6672100932954,26.341776490646684,3.3910178242673186,0.029489671002129438,0.029489671002129438,0.046077277009474504,0.14513950662368805
2.949999999999981,5,0.3325,0.0011321636636027642,0.03796729576373958,0.11927777744803512,0.001127469701024675,0.003994727311449689,121.78119206896454,33.34972904467624,2.6516396251922476,0.037712515324456984,0.037712515324456984,0.046077277009474504,0.14513950662368805
2.949999999999981,6,0.399,0.0011563295080822492,0.038370359086598055,0.12054403822205881,0.0011566597591634081,0.004196258972878955,126.48088035739408,39.89596931117394,2.170267135782303,0.046077277009474504,0.046077277009474504,0.046077277009474504,0.14513950662368805
2.959999999999981,0,0.0,0.0010126926101992125,0.035908220200487645,0.1128090007853366,0.0008753198672931233,0.002965189529823748,102.79672208692833,3.953720080266474,25.0,0.0,0.0,0.04606145806588307,0.14560012120434687
2.959999999999981,1,0.0665,0.0010405403968165882,0.03639858762536396,0.11434953548488776,0.0009241743710766961,0.003210373242261875,102.29389932938753,6.09231092087158,15.790656395907174,0.006332858970062783,0.006332858970062783,0.04606145806588307,0.14560012120434687
2.959999999999981,2,0.133,0.001101319874925839,0.03744654878835113,0.11764180257577568,0.001065221492898929,0.0037343538237555097,103.13044347085128,12.226896491065489,7.434719599222205,0.01345040638929566,0.01345040638929566,0.04606145806588307,0.14560012120434687
2.959999999999981,3,0.1995,0.0011133856168893225,0.03765111679569199,0.11828447192479723,0.0010925450241668216,0.003836637827425908,109.0654892994634,19.145007123585085,4.696811110877238,0.021291041440523822,0.021291041440523822,0.04606145806588307,0.14560012120434687
2.959999999999981,4,0.266,0.0011221345137026712,0.037798757087481094,0.11874829758085573,0.0011085892683329053,0.003910457973320469,115.52276795733414,26.302253865434537,3.392124285179604,0.02948005190638387,0.02948005190638387,0.04606145806588307,0.14560012120434687
2.959999999999981,5,0.3325,0.0011335076004090872,0.03798982365185068,0.11934855089582586,0.0011263944055549925,0.004005991255505239,121.62557652973558,33.29912407869981,2.652515791174665,0.037700058311703796,0.037700058311703796,0.04606145806588307,0.14560012120434687
2.959999999999981,6,0.399,0.0011577227614489038,0.03839346821683003,0.12061663769582645,0.0011554565115989971,0.004207813537994945,126.3147373174998,39.834197556953406,2.1710124733126563,0.04606145806588307,0.04606145806588307,0.04606145806588307,0.14560012120434687
2.9699999999999807,0,0.0,0.001013679567120782,0.03592571377924454,0.11286395848384426,0.0008746789378449734,0.0029739363192021976,102.69651318927032,3.949865891895012,25.0,0.0,0.0,0.04604567072962943,0.14606057791164317
2.9699999999999807,1,0.0665,0.001041596554336854,0.036417055381257425,0.11440755365113096,0.0009233877946732124,0.003219607120208607,102.18818082512699,6.084271446943953,15.795467085291653,0.006330930225742899,0.006330930225742899,0.04604567072962943,0.14606057791164317
2.9699999999999807,2,0.133,0.0011025722505026874,0.03746783407494574,0.11770867227577086,0.0010642643297305587,0.0037449964670528153,103.00916984746159,12.209028783328128,7.437130559322161,0.0134460460526209,0.0134460460526209,0.04604567072962943,0.14606057791164317
2.9699999999999807,3,0.1995,0.0011146771367772912,0.03767294798866971,0.11835305664027512,0.001091559648885875,0.0038475534239147667,108.93268903537026,19.116547634703476,4.698345282681579,0.02128408918105845,0.02128408918105845,0.04604567072962943,0.14606057791164317
2.9699999999999807,4,0.266,0.0011234501176145713,0.03782090845397876,0.11881788815111176,0.0011075683248830334,0.003921533656569299,115.37872555594012,26.262849714965206,3.39322947845201,0.02947045009334882,0.02947045009334882,0.04604567072962943,0.14606057791164317
2.9699999999999807,5,0.3325,0.0011348510535598528,0.03801233008875892,0.11941925695267527,0.0011253218454123387,0.004017244473959362,121.470402675347,33.24867397771002,2.6533908918226636,0.03768762465725815,0.03768762465725815,0.04604567072962943,0.14606057791164317
2.9699999999999807,6,0.399,0.0011591154054424028,0.038416553347756205,0.12068916177355127,0.0011542565463085739,0.004219356103458031,126.14908818658063,39.77262282724987,2.171756832193392,0.04604567072962943,0.04604567072962943,0.04604567072962943,0.14606057791164317
2.9799999999999804,0,0.0,0.001014666282433243,0.03594319456452671,0.11291887599046568,0.0008740392641084139,0.002982676711843282,102.59652396407454,3.9460201524644054,25.0,0.0,0.0,0.04602991324868111,0.14652087704413
2.9799999999999804,1,0.0665,0.00104265234929147,0.03643550744162786,0.11446552250843432,0.000922603018521592,0.0032288331503938232,102.08271559335194,6.076253606094013,15.800272373584088,0.006329004819384408,0.006329004819384408,0.04602991324868111,0.14652087704413
2.9799999999999804,2,0.133,0.001103824213090459,0.03748910026318243,0.1177754819765051,0.0010633094118343072,0.0037556295611711585,102.88821747668685,12.191213308109436,7.439538778986578,0.013441693493480534,0.013441693493480534,0.04602991324868111,0.14652087704413
2.9799999999999804,3,0.1995,0.0011159682411866034,0.03769475952101739,0.11842157959006214,0.0010905766173840037,0.0038584591900886066,108.80024839961933,19.088172408614525,4.699877708067934,0.02127714936674573,0.02127714936674573,0.04602991324868111,0.14652087704413
2.9799999999999804,4,0.266,0.0011247652814536408,0.03784303945102654,0.11888741472885368,0.0011065498523890039,0.003932599155093189,115.23508121080908,26.223563536726118,3.3943334035979618,0.029460865539608142,0.029460865539608142,0.04602991324868111,0.14652087704413
2.9799999999999804,5,0.3325,0.001136194024049589,0.038034815129190665,0.11948989579051131,0.0011242520215873236,0.004028486994175235,121.31566809327015,33.19837755869697,2.6542649675808967,0.03767521374896503,0.03767521374896503,0.04602991324868111,0.14652087704413
2.9799999999999804,6,0.399,0.0011605074418645342,0.03843961455245575,0.12076161068481829,0.0011530602349774596,0.004230886705807805,125.98392926452865,39.71124275680966,2.172500292575835,0.04602991324868111,0.04602991324868111,0.04602991324868111,0.14652087704413
2.9899999999999802,0,0.0,0.0010156527564968297,0.0359606625813685,0.11297375338384864,0.0008734008420897281,0.0029914107202641794,102.4967536622982,3.9421828331653153,25.0,0.0,0.0,0.04601418668202006,0.1469810189109502
2.9899999999999802,1,0.0665,0.0010437077823509246,0.036453943842018485,0.11452344216846015,0.0009218200195314217,0.0032380513505891376,101.97750265246815,6.06825728611513,15.805072336963102,0.00632708271547302,0.00632708271547302,0.04601418668202006,0.1469810189109502
2.9899999999999802,2,0.133,0.0011050757634111922,0.0375103473977985,0.11784223181852478,0.001062356730803637,0.003766253128479195,102.76758508050584,12.173449878468052,7.441944239839303,0.01343734873269614,0.01343734873269614,0.04601418668202006,0.1469810189109502
2.9899999999999802,3,0.1995,0.0011172589309057475,0.03771655144015328,0.11849004092312708,0.0010895959567945729,0.0038693551496565524,108.6681659804559,19.059881166122366,4.701408368358882,0.021270222062183243,0.021270222062183243,0.04601418668202006,0.1469810189109502
2.9899999999999802,4,0.266,0.0011260800060826988,0.037865150128846774,0.11895687747185964,0.0011055338910119354,0.003943654494003308,115.09183317654805,26.18439475458634,3.3954360700427912,0.029451298135835538,0.029451298135835538,0.04601418668202006,0.1469810189109502
2.9899999999999802,5,0.3325,0.0011375365128645676,0.03805727882756867,0.11956046758030812,0.0011231849189005118,0.00403971884336424,121.16137072398512,33.148233985611,2.6551380316845505,0.03766282536224871,0.03766282536224871,0.04601418668202006,0.1469810189109502
2.9899999999999802,6,0.399,0.0011618988720390562,0.03846265189587565,0.12083398463366447,0.001151867170994958,0.004242405377517754,125.81925924354759,39.65005739910738,2.1732428020742303,0.04601418668202006,0.04601418668202006,0.04601418668202006,0.1469810189109502
2.99999999999998,0,0.0,0.0010166389896707991,0.03597811785472475,0.11302859074239105,0.0008727636678127654,0.003000138356942307,102.3972015383632,3.938353905321662,25.0,0.0,0.0,0.04599849033094595,0.14744100381425965
2.99999999999998,1,0.0665,0.0010447628541838143,0.036472364617847426,0.11458131274247778,0.0009210387914471602,0.0032472617385036094,101.87254103415154,6.0602823818757,15.809867035044213,0.006325163885207865,0.006325163885207865,0.04599849033094595,0.14744100381425965
2.99999999999998,2,0.133,0.0011063269021632533,0.03753157552299934,0.11790892194070524,0.0010614062600420302,0.0037768671910796154,102.64727125817318,12.15573817874341,7.444347002938184,0.01343301164770145,0.01343301164770145,0.04599849033094595,0.14744100381425965
2.99999999999998,3,0.1995,0.0011185492066778868,0.037738323792590865,0.11855844078559637,0.0010886176218792441,0.003880241325875345,108.53644024845492,19.031673507470998,4.702937274845971,0.021263307196304287,0.021263307196304287,0.04599849033094595,0.14744100381425965
2.99999999999998,4,0.266,0.001127394292387287,0.03788724053789363,0.11902627653863602,0.0011045204523426723,0.003954699698526735,114.94898007130308,26.145343154002152,3.396537440500469,0.029441748177892992,0.029441748177892992,0.04599849033094595,0.14744100381425965
2.99999999999998,5,0.3325,0.001138878521017221,0.03807972123858868,0.11963097249389741,0.0011221205510003527,0.0040509400488742435,121.00750922970734,33.09824313663225,2.656010040477933,0.037650460079588256,0.037650460079588256,0.04599849033094595,0.14744100381425965
2.99999999999998,6,0.399,0.001163289697745094,0.0384856654502955,0.12090628384716286,0.0011506777209921266,0.0042539121547276754,125.655075363597,39.589065311873156,2.173984391238249,0.04599849033094595,0.04599849033094595,0.04599849033094595,0.14744100381425965
3.00999999999998,0,0.0,0.0010176249823134348,0.03599556040947113,0.11308338814424211,0.0008721277373188413,0.0030088596343154955,102.2978668501358,3.934533340389839,25.0,0.0,0.0,0.04598282511444204,0.14790083206540408
3.00999999999998,1,0.0665,0.0010458175654568774,0.03649076980440877,0.11463913434136684,0.0009202593280670687,0.00325646433178428,101.76782970484531,6.05232871862233,15.814656710848706,0.006323248226526533,0.006323248226526533,0.04598282511444204,0.14790083206540408
3.00999999999998,2,0.133,0.0011075776300644878,0.037552784683191724,0.11797555248255442,0.0010604580096190445,0.0037874717711758057,102.52727455546362,12.138077832085319,7.4467471681922355,0.013428682046187409,0.013428682046187409,0.04598282511444204,0.14790083206540408
3.00999999999998,3,0.1995,0.0011198390692652657,0.037760076625027596,0.11862677932417437,0.0010876416218366716,0.0038911177420937115,108.40506951304016,19.003548862015812,4.704464481879993,0.021256404503672246,0.021256404503672246,0.04598282511444204,0.14790083206540408
3.00999999999998,4,0.266,0.0011287081410372812,0.03790931072484938,0.11909561207583956,0.0011035093477873622,0.003965734792004608,114.80651986595787,26.106407868541794,3.397637562550291,0.02943221522572858,0.02943221522572858,0.04598282511444204,0.14790083206540408
3.00999999999998,5,0.3325,0.0011402200494596037,0.03810214241577303,0.11970141069942461,0.001121058859217665,0.00406215063746642,120.85408137925106,33.04840399174336,2.6568810224374104,0.0376381174600963,0.0376381174600963,0.04598282511444204,0.14790083206540408
3.00999999999998,6,0.399,0.0011646799203029233,0.03850865528019227,0.12097850852787383,0.0011494914948385418,0.004265407069676061,125.49137622160094,39.52826643575935,2.1747250142008467,0.04598282511444204,0.04598282511444204,0.04598282511444204,0.14790083206540408
3.0199999999999796,0,0.0,0.0010186107347820497,0.036012990270404464,0.11313814566730336,0.0008714930466666416,0.003017574564782162,102.19874885890661,3.930721109957947,25.0,0.0,0.0,0.045967188435003845,0.1483605039497541
3.0199999999999796,1,0.0665,0.0010468719168539625,0.036509159437203786,0.11469690707665788,0.0009194816397508068,0.0032656591481817878,101.66336791397296,6.0443964002234685,15.819440880848639,0.0063213359279380215,0.0063213359279380215,0.045967188435003845,0.1483605039497541
3.0199999999999796,2,0.133,0.0011088279478089157,0.03757397492224969,0.11804212358190674,0.0010595119528982156,0.003798066890704788,102.40759397920927,12.120468918568964,7.449144555976495,0.013424360240098897,0.013424360240098897,0.045967188435003845,0.1483605039497541
3.0199999999999796,3,0.1995,0.0011211285194062618,0.0377818099836209,0.11869505668386891,0.0010866679296652375,0.003901984421390364,108.27405241713434,18.975506988092732,4.7059899630126925,0.02124951408438231,0.02124951408438231,0.045967188435003845,0.1483605039497541
3.0199999999999796,4,0.266,0.0011300215531332633,0.03793136074348398,0.11916488425239355,0.0011025009317302758,0.003976759801321911,114.6644506796139,26.067588156676717,3.398736468845308,0.029422698969648026,0.029422698969648026,0.045967188435003845,0.1483605039497541
3.0199999999999796,5,0.3325,0.0011415610991997772,0.038124542413417846,0.11977178236746598,0.0011199998822406833,0.004073350636288827,120.70108451394856,32.998715092016326,2.6577510420443873,0.03762579655432222,0.03762579655432222,0.045967188435003845,0.1483605039497541
3.0199999999999796,6,0.399,0.0011660695412538048,0.03853162145349628,0.12105065888920677,0.0011483086652005292,0.004276890156328066,125.32815745379986,39.467657708950775,2.1754647913999974,0.045967188435003845,0.045967188435003845,0.045967188435003845,0.1483605039497541
3.0299999999999794,0,0.0,0.0010195962474329925,0.036030407462243105,0.1131928633892298,0.0008708595919321235,0.003026283160701483,102.09984682937069,3.9269171857450265,25.0,0.0,0.0,0.0459515837606145,0.14882001978736026
3.0299999999999794,1,0.0665,0.0010479259090379943,0.03652753355127769,0.11475463105844869,0.0009187057036952685,0.0032748462052187405,101.55915453674936,6.036485153738399,15.824220046967849,0.006319426783954604,0.006319426783954604,0.0459515837606145,0.14882001978736026
3.0299999999999794,2,0.133,0.0011100778561316893,0.037595146284616285,0.11810863537838412,0.0010585681183296084,0.003808652571888084,102.28822792587394,12.10291090026719,7.451539366749843,0.013420045856057425,0.013420045856057425,0.0459515837606145,0.14882001978736026
3.0299999999999794,3,0.1995,0.0011224175578582246,0.03780352391471143,0.11876327301026349,0.001085696554526506,0.003912841386935629,108.14338753962058,18.947547572085913,4.707513710056102,0.02124263595587239,0.02124263595587239,0.0459515837606145,0.14882001978736026
3.0299999999999794,4,0.266,0.0011313345293392958,0.0379533906400882,0.1192340932137247,0.0011014948302109958,0.00398777474962402,114.52277173580396,26.02888440885399,3.399834043477018,0.029413200386019366,0.029413200386019366,0.0459515837606145,0.14882001978736026
3.0299999999999794,5,0.3325,0.001142901671214091,0.03814692128512714,0.11984208766642353,0.0011189435854646811,0.004084540072143474,120.5485187709744,32.94917777196961,2.658619939024,0.03761349959509849,0.03761349959509849,0.0459515837606145,0.14882001978736026
3.0299999999999794,6,0.399,0.0011674585621340645,0.038554564037850875,0.12112273514366954,0.001147129217729868,0.004288361448505365,125.16541989741151,39.40724127928555,2.176203556355132,0.0459515837606145,0.0459515837606145,0.0459515837606145,0.14882001978736026
3.039999999999979,0,0.0,0.001020581520621649,0.03604781200962728,0.11324754138743097,0.0008702273692084186,0.0030349854343935676,102.00116002960755,3.9231215396002903,25.0,0.0,0.0,0.04593600828456433,0.1492793798702059
3.039999999999979,1,0.0665,0.0010489795426699585,0.03654589218155164,0.11481230639644728,0.0009179315136975004,0.0032840255203557154,101.45518881839443,6.028595070177125,15.828993760135493,0.006317520969137335,0.006317520969137335,0.04593600828456433,0.1492793798702059
3.039999999999979,2,0.133,0.001111327355722563,0.03761629881383771,0.11817508800879101,0.0010576264610713296,0.003819228836498797,102.16917547449117,12.085403919519328,7.453931383251173,0.013415739273465531,0.013415739273465531,0.04593600828456433,0.1492793798702059
3.039999999999979,3,0.1995,0.0011237061853760612,0.03782521846446234,0.11883142844838387,0.0010847274875453606,0.003923688661811082,108.01307348698636,18.91967032353436,4.709035709392243,0.02123577016002416,0.02123577016002416,0.04593600828456433,0.1492793798702059
3.039999999999979,4,0.266,0.0011326470704554204,0.03797540046309288,0.11930323911198303,0.001100491150234096,0.003998779661126361,114.38148060459908,25.99029532149768,3.4009303930451797,0.02940371852493588,0.02940371852493588,0.04593600828456433,0.1492793798702059
3.039999999999979,5,0.3325,0.0011442417664535563,0.03816927908392146,0.11991232676286621,0.0011178899397162592,0.004095718971540636,120.39638040605968,32.89978947556329,2.6594878667988295,0.037601224374213045,0.037601224374213045,0.04593600828456433,0.1492793798702059
3.039999999999979,6,0.399,0.0011688469846886263,0.0385774831041375,0.12119473751394273,0.0011459533143313944,0.004299820981648679,125.00315901388356,39.34701391079377,2.1769414395025386,0.04593600828456433,0.04593600828456433,0.04593600828456433,0.1492793798702059
3.049999999999979,0,0.0,0.001021566554702447,0.03606520393711939,0.11330217973907197,0.000869596374605739,0.003043681398139625,101.90268773106169,3.9193341435023727,25.0,0.0,0.0,0.04592046280870526,0.14973858449829294
3.049999999999979,1,0.0665,0.0010500328184090528,0.03656423536282582,0.11486993319998172,0.000917159063708976,0.003293197110992805,101.3514696419924,6.020725874129309,15.833762533101442,0.006315618273985349,0.006315618273985349,0.04592046280870526,0.14973858449829294
3.049999999999979,2,0.133,0.0011125764472693315,0.03763743255330082,0.11824148160943118,0.001056686973155282,0.00382979570623035,102.05043502772786,12.067947432988523,7.456320811339163,0.013411440109702027,0.013411440109702027,0.04592046280870526,0.14973858449829294
3.049999999999979,3,0.1995,0.0011249944027123553,0.037846893678862015,0.11889952314270688,0.0010837607199839666,0.003934526269010922,107.88310860628567,18.8918746864209,4.710556014000554,0.0212289164384806,0.0212289164384806,0.04592046280870526,0.14973858449829294
3.049999999999979,4,0.266,0.0011339591772622187,0.03799739026045877,0.11937232209784163,0.0010994898682943324,0.004009774559809305,114.24057567316049,25.951820412625974,3.4020255171610474,0.02939425336334599,0.02939425336334599,0.04592046280870526,0.14973858449829294
3.049999999999979,5,0.3325,0.0011455813859198227,0.038191615863506376,0.11998249982551504,0.0011168389792456527,0.004106887361333093,120.24466779276715,32.85054975603586,2.660354809455624,0.03758897108181691,0.03758897108181691,0.04592046280870526,0.14973858449829294
3.049999999999979,6,0.399,0.0011702348102197659,0.03860037871572576,0.12126666619910786,0.0011447805794129746,0.004311268787442809,124.84137335356824,39.286975464062294,2.177678400511302,0.04592046280870526,0.04592046280870526,0.04592046280870526,0.14973858449829294
3.0599999999999787,0,0.0,0.001022551350028859,0.03608258326920442,0.11335677852107458,0.0008689666042512805,0.003052371064182138,101.804429208523,3.915554969558577,25.0,0.0,0.0,0.045904946596199765,0.15019763396425495
3.0599999999999787,1,0.0665,0.0010510857369315334,0.03658256313010788,0.11492751157903175,0.0009163883641030788,0.003302360994633836,101.24799625602509,6.012877651338001,15.838525931671857,0.006313718866983247,0.006313718866983247,0.045904946596199765,0.15019763396425495
3.0599999999999787,2,0.133,0.0011138251314791868,0.03765854754659482,0.11830781631724421,0.0010557496646998305,0.003840353202877348,101.932005478209,12.050541381574135,7.45870755931912,0.013407148517983813,0.013407148517983813,0.045904946596199765,0.15019763396425495
3.0599999999999787,3,0.1995,0.0011262822105959846,0.03786854960336538,0.11896755723603335,0.001082796225168139,0.0039453542312626036,107.7534914305852,18.864160284669673,4.712074632770863,0.021222074732122093,0.021222074732122093,0.045904946596199765,0.15019763396425495
3.0599999999999787,4,0.266,0.0011352708507082118,0.03801936008281603,0.11944134233035986,0.001098491117862878,0.004020759470987933,114.10005534869029,25.913459212632194,3.4031194142181236,0.029384804888774464,0.029384804888774464,0.045904946596199765,0.15019763396425495
3.0599999999999787,5,0.3325,0.0011469205305500829,0.038213931676353306,0.12005260701921383,0.0011157906423465295,0.004118045267756558,120.09337936743285,32.80145822670402,2.6612207462674187,0.03757673997553876,0.03757673997553876,0.045904946596199765,0.15019763396425495
3.0599999999999787,6,0.399,0.0011716220402419627,0.038623250939289915,0.12133852140862827,0.0011436111782077095,0.004322704899224886,124.6800602084289,39.22712450126055,2.178414471966263,0.045904946596199765,0.045904946596199765,0.045904946596199765,0.15019763396425495
3.0699999999999785,0,0.0,0.0010235359069534083,0.0360999500302902,0.11341133781011832,0.0008683380542891276,0.003061054444725029,101.70638374010738,3.9117839900041305,25.0,0.0,0.0,0.04588946080659654,0.15065652857232092
3.0699999999999785,1,0.0665,0.0010521382988928176,0.036600875517953387,0.11498504164215688,0.0009156193922752846,0.003311517188556589,101.14476764058402,6.005050216643846,15.843284234367767,0.00631182263227196,0.00631182263227196,0.04588946080659654,0.15065652857232092
3.0699999999999785,2,0.133,0.001115073409057256,0.03767964383714828,0.11837409226866497,0.001054814527673108,0.0038509013481540792,101.81388551793893,12.033185501592943,7.4610916622585846,0.013402864423425205,0.013402864423425205,0.04588946080659654,0.15065652857232092
3.0699999999999785,3,0.1995,0.0011275696097747055,0.037890186283611106,0.1190355308717414,0.0010818340122862376,0.003956172571385466,107.62422076936386,18.836527010901754,4.713591507982108,0.0212152452817894,0.0212152452817894,0.04588946080659654,0.15065652857232092
3.0699999999999785,4,0.266,0.0011365820914947288,0.038041309976509584,0.11951029995513461,0.0010974946846777538,0.004031734417834711,113.95991850924709,25.87521172969984,3.4042120195848566,0.029375373632631437,0.029375373632631437,0.04588946080659654,0.15065652857232092
3.0699999999999785,5,0.3325,0.0011482592013154255,0.03823622657534101,0.12012264851008612,0.0011147449493850853,0.004129192717250409,119.94251392206405,32.752514845111186,2.662085628822096,0.03756453170300439,0.03756453170300439,0.04588946080659654,0.15065652857232092
3.0699999999999785,6,0.399,0.0011730086760399338,0.03864609983751894,0.1214103033394472,0.0011424449114513372,0.004334129348339399,124.51921848147165,39.16746120371675,2.1791495964935192,0.04588946080659654,0.04588946080659654,0.04588946080659654,0.15065652857232092
3.0799999999999783,0,0.0,0.0010245202258276698,0.036117304244707805,0.11346585768264149,0.0008677107208801605,0.0030697315519338307,101.60855060723738,3.9080211772014377,25.0,0.0,0.0,0.04587400356411739,0.1511152686079621
3.0799999999999783,1,0.0665,0.0010531905049464248,0.03661917256079637,0.11504252349753481,0.0009148521421494022,0.0033206657099780833,101.04178302810676,5.99724363130727,15.848037071670847,0.006309929712289415,0.006309929712289415,0.04587400356411739,0.1511152686079621
3.0799999999999783,2,0.133,0.001116321280706516,0.03770072146822841,0.11844030959962136,0.0010538815540065013,0.0038614401636941444,101.69607405606851,12.015879740839113,7.46347302481963,0.013398587985439487,0.013398587985439487,0.04587400356411739,0.1511152686079621
3.0799999999999783,3,0.1995,0.001128856600993961,0.0379118037650655,0.11910344419266762,0.001080874072719506,0.003966981312112661,107.49529505068928,18.808974372021336,4.71510667857522,0.021208427892922533,0.021208427892922533,0.04587400356411739,0.1511152686079621
3.0799999999999783,4,0.266,0.0011378929005475757,0.03806323999150058,0.11957919512912345,0.0010965007495498398,0.004042699425330209,113.82016299191409,25.837076905726384,3.405303409794304,0.02936595890762065,0.02936595890762065,0.04587400356411739,0.1511152686079621
3.0799999999999783,5,0.3325,0.001149597399171777,0.038258500612938305,0.12019262446296758,0.0011137018798647888,0.004140329736049057,119.7920687074787,32.7037180237291,2.6629495343789413,0.037552345137972065,0.037552345137972065,0.04587400356411739,0.1511152686079621
3.0799999999999783,6,0.399,0.0011743947193398085,0.03866892548017849,0.1214820122107399,0.0011412821329775493,0.0043455421696691745,124.35884451987741,39.10798317279936,2.1798838608065143,0.04587400356411739,0.04587400356411739,0.04587400356411739,0.1511152686079621
3.089999999999978,0,0.0,0.0010255043070022756,0.03613464593671185,0.11352033821484221,0.0008670846002019617,0.00307840239793585,101.51092909462326,3.9042665036393562,25.0,0.0,0.0,0.0458585770815728,0.15157385437877782
3.089999999999978,1,0.0665,0.0010542423557441394,0.036637454292952634,0.11509995725297183,0.0009140866078132259,0.0033298065760562156,100.93904125893633,5.989457560318632,15.852785121590626,0.006308039832307162,0.006308039832307162,0.0458585770815728,0.15157385437877782
3.089999999999978,2,0.133,0.0011175687471064494,0.037721780482581437,0.11850646844440468,0.0010529507176515105,0.0038719696708706597,101.57856954049247,11.998623580212696,7.465851842207039,0.013394318841778437,0.013394318841778437,0.0458585770815728,0.15157385437877782
3.089999999999978,3,0.1995,0.001130143184996813,0.03793340209302204,0.11917129734110572,0.0010799163978270946,0.003977780476090932,107.36671291045883,18.781502076815528,4.716620133540632,0.021201622595995,0.021201622595995,0.0458585770815728,0.15157385437877782
3.089999999999978,4,0.266,0.0011392032785761891,0.03808515017398713,0.11964802799746199,0.00109550912432737,0.004053654516573482,113.68078767020378,25.79905473041824,3.4063935232545184,0.029356561218581267,0.029356561218581267,0.0458585770815728,0.15157385437877782
3.089999999999978,5,0.3325,0.0011509351251692364,0.03828075384302386,0.120262535047123,0.001112661504277564,0.004151456351091832,119.64204275162871,32.65506794458354,2.6638123967362186,0.03754018117887091,0.03754018117887091,0.0458585770815728,0.15157385437877782
3.089999999999978,6,0.399,0.0011757801716357989,0.03869172793301168,0.12155364822904448,0.0011401226416595967,0.00435694339608577,124.19893812496696,39.04869148879724,2.180617157443,0.0458585770815728,0.0458585770815728,0.0458585770815728,0.15157385437877782
3.099999999999978,0,0.0,0.001026488150826918,0.03615197513048082,0.11357477948267945,0.0008664596884487231,0.0030870669948203375,101.41351849024387,3.9005199419324565,25.0,0.0,0.0,0.045843180022705626,0.15203228617900488
3.099999999999978,1,0.0665,0.0010552938519358234,0.03665572074861691,0.11515734301589382,0.0009133227832136209,0.0033389398038883517,100.8365416733845,5.98169216450211,15.857527753064787,0.006306153238840965,0.006306153238840965,0.045843180022705626,0.15203228617900488
3.099999999999978,2,0.133,0.0011188158089559374,0.03774282092315783,0.11857256893794778,0.0010520220288197835,0.0038824898911588575,101.461370981876,11.981417056075221,7.468227965608596,0.013390057247917829,0.013390057247917829,0.045843180022705626,0.15203228617900488
3.099999999999978,3,0.1995,0.0011314293625027834,0.03795498131224727,0.1192390904576939,0.0010789609612615696,0.003988570085703547,107.23847275537479,18.75410959896465,4.718131921405378,0.021194829153953213,0.021194829153953213,0.045843180022705626,0.15203228617900488
3.099999999999978,4,0.266,0.001140513226490049,0.038107040573372025,0.11971679871535373,0.0010945199692446944,0.004064599716265929,113.54179035890922,25.761144112013717,3.4074824419758194,0.029347179832279715,0.029347179832279715,0.045843180022705626,0.15203228617900488
3.099999999999978,5,0.3325,0.0011522723801761989,0.03830298631629714,0.12033238042182946,0.0011116236636638487,0.004162572587728471,119.49243353923822,32.606563247204384,2.664674275338823,0.0375280389522598,0.0375280389522598,0.045843180022705626,0.15203228617900488
3.099999999999978,6,0.399,0.0011771650342061732,0.03871450725801402,0.12162521158912558,0.0011389662501172675,0.004368333058586943,124.03949610733949,38.98958421702801,2.1813495475329394,0.045843180022705626,0.045843180022705626,0.045843180022705626,0.15203228617900488
3.1099999999999777,0,0.0,0.0010274717576503527,0.03616929185011745,0.11362918156187415,0.0008658359818311529,0.003095725354638649,101.31631808532786,3.896781464820302,25.0,0.0,0.0,0.04582781180720519,0.15249056429707694
3.1099999999999777,1,0.0665,0.0010563449941884588,0.03667397196219386,0.11521468089438627,0.000912560678847497,0.0033480654106768266,100.73428320039902,5.973947189191585,15.862265435264204,0.006304269740543173,0.006304269740543173,0.04582781180720519,0.15249056429707694
3.1099999999999777,2,0.133,0.0011200624669303377,0.03776384283238832,0.1186386112135507,0.001051095461524148,0.003893000845774099,101.34447694725932,11.964259757337281,7.470601525105482,0.013385802958964278,0.013385802958964278,0.04582781180720519,0.15249056429707694
3.1099999999999777,3,0.1995,0.0011327151342503054,0.037976541467694074,0.11930682368365585,0.0010780077723403594,0.00399935016342695,107.11057331107163,18.726796723557104,4.7196420131123356,0.021188047678653427,0.021188047678653427,0.04582781180720519,0.15249056429707694
3.1099999999999777,4,0.266,0.0011418227449990716,0.03812891123558174,0.11978550742708093,0.001093533110485789,0.004075535047370787,113.40316996976168,25.723345065186138,3.4085701016871646,0.029337815276412323,0.029337815276412323,0.04582781180720519,0.15249056429707694
3.1099999999999777,5,0.3325,0.001153609165154945,0.038325198084865696,0.12040216075078768,0.0011105884284276933,0.004173678472012748,119.34323971723853,32.55820371324389,2.665535137268417,0.037515918886921094,0.037515918886921094,0.04582781180720519,0.15249056429707694
3.1099999999999777,6,0.399,0.0011785493087519473,0.03873726352394126,0.12169670250698572,0.0011378132963618735,0.0043797111915505615,123.88051595972256,38.93066008209239,2.18208105638327,0.04582781180720519,0.04582781180720519,0.04582781180720519,0.15249056429707694
3.1199999999999775,0,0.0,0.0010284551278204035,0.03618659611964897,0.11368354452791013,0.0008652134765763855,0.0031043774894044126,101.21932717433492,3.8930510451667275,25.0,0.0,0.0,0.04581247286456338,0.15294868902572256
3.1199999999999775,1,0.0665,0.0010573957831294008,0.03669220796731316,0.11527197099409989,0.0009118002559650249,0.003357183413236477,100.63226505320256,5.966222661601703,15.866997891457615,0.006302389442796702,0.006302389442796702,0.04581247286456338,0.15294868902572256
3.1199999999999775,2,0.133,0.0011213087217460133,0.03778484625327277,0.11870459540630154,0.0010501710442225665,0.0039035025562163244,101.22788641479488,11.947151676792524,7.472972399892702,0.013381556179899156,0.013381556179899156,0.04581247286456338,0.15294868902572256
3.1199999999999775,3,0.1995,0.0011340005009754784,0.03799808260414549,0.1193744971596816,0.0010770568225711356,0.004010120731652662,106.98301319569632,18.699563124036736,4.721150407956779,0.02118127815446533,0.02118127815446533,0.04581247286456338,0.15294868902572256
3.1199999999999775,4,0.266,0.0011431318349163799,0.038150762208128984,0.11985415428190913,0.0010925486273618802,0.004086460533644406,113.26492450145615,25.685656670282125,3.4096565626255435,0.02932846700636525,0.02932846700636525,0.04581247286456338,0.15294868902572256
3.1199999999999775,5,0.3325,0.0011549454810212158,0.03834738919991016,0.12047187619478633,0.001109555752223401,0.004184774029534982,119.19445883875689,32.509988031376736,2.666395039078986,0.03750382015207377,0.03750382015207377,0.04581247286456338,0.15294868902572256
3.1199999999999775,6,0.399,0.0011799329965306402,0.03875999679206216,0.12176812117510642,0.0011366634060450103,0.004391077825611012,123.72199600114735,38.87191865826775,2.1828116612616095,0.04581247286456338,0.04581247286456338,0.04581247286456338,0.15294868902572256
3.1299999999999772,0,0.0,0.0010294382616839657,0.03620388796302753,0.11373786845603523,0.0008645921689278904,0.0031130234110936916,101.12254505493725,3.889328655959125,25.0,0.0,0.0,0.045797162490068134,0.15340666065062325
3.1299999999999772,1,0.0665,0.0010584462194219546,0.03671042879814214,0.11532921342237452,0.0009110415414491894,0.003366293828650969,100.53048627342116,5.958518429889188,15.871725321707322,0.006300512261463645,0.006300512261463645,0.045797162490068134,0.15340666065062325
3.1299999999999772,2,0.133,0.0011225545740526563,0.03780583122756566,0.11877052164737587,0.0010492487146446295,0.003913995043362771,101.11159802617065,11.930092468728892,7.475340680820701,0.013377316736422135,0.013377316736422135,0.045797162490068134,0.15340666065062325
3.1299999999999772,3,0.1995,0.0011352854633908708,0.03801960476586048,0.11944211102481476,0.0010761080857490991,0.0040208818125101525,106.85579101103347,18.672408451696842,4.72265711129102,0.021174520538642976,0.021174520538642976,0.045797162490068134,0.15340666065062325
3.1299999999999772,4,0.266,0.0011444404970577362,0.038172593538431145,0.11992273942880449,0.0010915665151080228,0.004097376198795486,113.12705274620744,25.648078803263218,3.410741779685043,0.02931913538445419,0.02931913538445419,0.045797162490068134,0.15340666065062325
3.1299999999999772,5,0.3325,0.001156281328739048,0.03836955971326065,0.12054152691665454,0.001108525667524553,0.004195859286210227,119.04608969538273,32.46191611899982,2.667253937166869,0.0374917433269286,0.0374917433269286,0.045797162490068134,0.15340666065062325
3.1299999999999772,6,0.399,0.0011813160992363047,0.038782707130626544,0.12183946780790084,0.001135516928219265,0.004402432994893205,123.56393364602556,38.81335857605952,2.18354139345831,0.045797162490068134,0.045797162490068134,0.045797162490068134,0.15340666065062325
3.139999999999977,0,0.0,0.0010304211595870087,0.036221167404130436,0.11379215342126225,0.0008639720551453811,0.0031216631316451455,101.02597102800098,3.8856142703077303,25.0,0.0,0.0,0.04578188172662667,0.1538644794678895
3.139999999999977,1,0.0665,0.0010594963036899372,0.036728634488077054,0.11538640828412758,0.000910284496745672,0.0033753966736184255,100.42894599038763,5.9508344292611275,15.876447695564128,0.006298638204057445,0.006298638204057445,0.04578188172662667,0.1538644794678895
3.139999999999977,2,0.133,0.001123800024562654,0.03782679779795692,0.11883639007088802,0.0010483285195631144,0.003924478328558402,100.99561055880807,11.91308191258009,7.477706381936127,0.013373084592030748,0.013373084592030748,0.04578188172662667,0.1538644794678895
3.139999999999977,3,0.1995,0.0011365700222280568,0.03804110799728742,0.11950966541869408,0.0010751615713471125,0.004031633428223624,106.72890523952091,18.645332231090066,4.724162161163121,0.021167774642049823,0.021167774642049823,0.04578188172662667,0.1538644794678895
3.139999999999977,4,0.266,0.0011457487321222546,0.03819440527182259,0.11999126301018913,0.0010905866695725404,0.004108282065491211,112.98955281172256,25.6106106499484,3.4118257997081467,0.029309819982179096,0.029309819982179096,0.04578188172662667,0.1538644794678895
3.139999999999977,5,0.3325,0.0011576167092281393,0.0383917096758591,0.12061111307643113,0.0011074981299226325,0.004206934267509454,118.89813026356111,32.413987075802176,2.6681118550923792,0.03747968804573887,0.03747968804573887,0.04578188172662667,0.1538644794678895
3.139999999999977,6,0.399,0.001182698618117801,0.038805394600380176,0.12191074259620739,0.0011343734876815292,0.00441377672977002,123.40632775670417,38.754979938243174,2.18427020097429,0.04578188172662667,0.04578188172662667,0.04578188172662667,0.1538644794678895
3.149999999999977,0,0.0,0.0010314038218745805,0.03623843446676053,0.11384639949837004,0.0008633531315047265,0.0031302966629601927,100.92960439756794,3.881907861444921,25.0,0.0,0.0,0.04576662874245029,0.154322145755314
3.149999999999977,1,0.0665,0.0010605460365929905,0.036746825071049885,0.11544355568595954,0.0009095291486416557,0.003384491965104842,100.32764338025893,5.9431706343633275,15.881164878586176,0.006296767319306525,0.006296767319306525,0.04576662874245029,0.154322145755314
3.149999999999977,2,0.133,0.0011250450739431917,0.03784774600625468,0.11890220080818213,0.0010474104148879273,0.003934952432707282,100.87992292136126,11.896119918761476,7.480069435267094,0.013368859856904426,0.013368859856904426,0.04576662874245029,0.154322145755314
3.149999999999977,3,0.1995,0.00113785417819508,0.03806259234235244,0.11957716047931753,0.0010742172532511593,0.004042375600756136,106.60235461946037,18.61833423858968,4.725665532339019,0.021161040559403262,0.021161040559403262,0.04576662874245029,0.154322145755314
3.149999999999977,4,0.266,0.001147056541063444,0.03821619745774179,0.12005972518137853,0.0010896092959598426,0.004119178158450809,112.85242323029726,25.57325180606065,3.4129086158511983,0.029300520833037146,0.029300520833037146,0.04576662874245029,0.154322145755314
3.149999999999977,5,0.3325,0.0011589516234470259,0.038413839139140586,0.12068063483570413,0.001106473164074381,0.004217998999150197,118.75057858278828,32.366200055048544,2.668968812551887,0.03746765399794492,0.03746765399794492,0.04576662874245029,0.154322145755314
3.149999999999977,6,0.399,0.0011840805546398955,0.03882805926542633,0.12198194574141247,0.0011332332523077047,0.004425109062293097,123.24917481888141,38.69678043192892,2.184998168922287,0.04576662874245029,0.04576662874245029,0.04576662874245029,0.154322145755314
3.1599999999999766,0,0.0,0.0010323862488908111,0.03625568917464649,0.11390060676190442,0.0008627353942978607,0.003138924016903171,100.83344447083743,3.8782094027245164,25.0,0.0,0.0,0.04575140575932769,0.15477965981290728
3.1599999999999766,1,0.0665,0.0010615954187701627,0.0367650005805502,0.11550065573308098,0.0009087754750155088,0.003393579719854997,100.22657750807106,5.935526908089071,15.885877035024471,0.006294899537464912,0.006294899537464912,0.04575140575932769,0.15477965981290728
3.1599999999999766,2,0.133,0.0011262897228595111,0.037868675894115134,0.118967953990125,0.0010464943930227626,0.003945417376637509,100.764533793346,11.879206159753414,7.482429923199318,0.013364642372386198,0.013364642372386198,0.04575140575932769,0.15477965981290728
3.1599999999999766,3,0.1995,0.0011391379320400922,0.038084057845524835,0.11964459634638955,0.0010732751586199287,0.004053108352342335,106.47613780974356,18.591414163849933,4.727167221995464,0.021154318284891838,0.021154318284891838,0.04575140575932769,0.15477965981290728
3.1599999999999766,4,0.266,0.0011483639245865966,0.03823797014135195,0.12012812608425714,0.0010886341805080317,0.00413006450025589,112.71566288383063,25.53600223058218,3.4139901722299033,0.02929123839119999,0.02929123839119999,0.04575140575932769,0.15477965981290728
3.1599999999999766,5,0.3325,0.0011602860723254772,0.03843594815391238,0.1207500923540893,0.0011054507385896309,0.004229053506536093,118.6034340009119,32.31855551515269,2.669824721754789,0.03745564238174904,0.03745564238174904,0.04575140575932769,0.15477965981290728
3.1599999999999766,6,0.399,0.0011854619102574693,0.03885070118951647,0.12205307744379719,0.0011320962045069229,0.004436430024338166,123.09247473762784,38.638761172158326,2.1857251889929574,0.04575140575932769,0.04575140575932769,0.04575140575932769,0.15477965981290728
3.1699999999999764,0,0.0,0.0010333684409789161,0.03627293155144315,0.11395477528617921,0.0008621188398326959,0.003147545205301498,100.73749055814808,3.87451886762108,25.0,0.0,0.0,0.04573621101163864,0.15523702192302366
3.1699999999999764,1,0.0665,0.0010626444508587162,0.036783161049951905,0.11555770853033913,0.0009080234700855291,0.0034026599545558525,100.12574751852142,5.92790318734672,15.890584133061202,0.006293034866600323,0.006293034866600323,0.04573621101163864,0.15523702192302366
3.1699999999999764,2,0.133,0.0011275339719964102,0.037889587503404404,0.1190336497482429,0.0010455804644636463,0.003955873181282146,100.64944203982778,11.862340488272912,7.484787815636353,0.013360432181002056,0.013360432181002056,0.04573621101163864,0.15523702192302366
3.1699999999999764,3,0.1995,0.0011404212844666314,0.03810550455040037,0.11971197315687024,0.0010723352437767067,0.004063831704780102,106.35025337222339,18.56457159713833,4.728667252877354,0.02114760769837439,0.02114760769837439,0.04573621101163864,0.15523702192302366
3.1699999999999764,4,0.266,0.0011496708834539977,0.03825972336863193,0.12019646586327182,0.0010876613639994074,0.004140941113895884,112.57926974860302,25.498860952237067,3.4150705382283446,0.02928197203559888,0.02928197203559888,0.04573621101163864,0.15523702192302366
3.1699999999999764,5,0.3325,0.0011616200567930552,0.038458036770828846,0.12081948579072203,0.001104430845823382,0.004240097814994327,118.45669367853294,32.27105171906577,2.6706796763164866,0.03744365184892716,0.03744365184892716,0.04573621101163864,0.15523702192302366
3.1699999999999764,6,0.399,0.001186842686421463,0.03887332043614902,0.12212413790284773,0.0011309623316274186,0.0044477396476544405,122.93622405800144,38.58091990632178,2.1864513432158312,0.04573621101163864,0.04573621101163864,0.04573621101163864,0.15523702192302366
3.179999999999976,0,0.0,0.0010343503984811988,0.03629016162073181,0.11400890514527731,0.0008615034644330332,0.0031561602399458283,100.64174197295999,3.87083622972923,25.0,0.0,0.0,0.045721044725635915,0.15569423237028002
3.179999999999976,1,0.0665,0.0010636931334941332,0.03680130651251377,0.11561471418221948,0.0009072731280934233,0.003411732685836787,100.02515257113127,5.920299419928503,15.895286112461395,0.0062911733260091,0.0062911733260091,0.045721044725635915,0.15569423237028002
3.179999999999976,2,0.133,0.001128777822036689,0.037910480875836206,0.11909928821358337,0.0010446686215902382,0.0039663198674980485,100.53464650808306,11.845522735661243,7.487143096304309,0.013356229300513904,0.013356229300513904,0.045721044725635915,0.15569423237028002
3.179999999999976,3,0.1995,0.0011417042361760107,0.03812693250041171,0.11977929104720735,0.001071397500567006,0.004074545679785772,106.22469998622128,18.537806237329676,4.730165620801239,0.021140908800369042,0.021140908800369042,0.045721044725635915,0.15569423237028002
3.179999999999976,4,0.266,0.0011509774184109874,0.03828145718514459,0.12026474466156245,0.0010866908256327824,0.004151808022152211,112.44324237825543,25.461827575815278,3.4161497065928916,0.02927272180344091,0.02927272180344091,0.045721044725635915,0.15569423237028002
3.179999999999976,5,0.3325,0.0011629535777793304,0.03848010504039566,0.12088881530427058,0.0011034134783407302,0.004251131949777735,118.31035608407271,32.223688231526154,2.6715336628761004,0.037431682553587114,0.037431682553587114,0.045721044725635915,0.15569423237028002
3.179999999999976,6,0.399,0.0011882228843533927,0.0388959170648799,0.12219512730566456,0.001129831436543888,0.0044590379620198795,122.78042102193862,38.52325607152942,2.1871766185589747,0.045721044725635915,0.045721044725635915,0.045721044725635915,0.15569423237028002
3.189999999999976,0,0.0,0.0010353321217390571,0.03630737940602058,0.11406299641305159,0.0008608892644384767,0.003164769132590213,100.54619803183687,3.8671614627629567,25.0,0.0,0.0,0.0457059062604148,0.15615129143288417
3.189999999999976,1,0.0665,0.0010647414673101026,0.03681943700137964,0.11567167279284649,0.0009065244432934442,0.0034207979302697212,99.92479187136448,5.912715595653929,15.899982800595549,0.006289314979400758,0.006289314979400758,0.0457059062604148,0.15615129143288417
3.189999999999976,2,0.133,0.001130021273639575,0.03793135605261037,0.11916486951557946,0.00104375883870797,0.003976757455885128,100.42014608162432,11.828752764233586,7.489495729867915,0.013352033782622051,0.013352033782622051,0.0457059062604148,0.15615129143288417
3.189999999999976,3,0.1995,0.001142986787909609,0.038148341739534845,0.11984655015555554,0.0010704619561567805,0.00408525029934734,106.09947629941828,18.511117746123475,4.731662331500064,0.021134221547102098,0.021134221547102098,0.0457059062604148,0.15615129143288417
3.189999999999976,4,0.266,0.001152283530382419,0.03830317163930341,0.12033296263122452,0.001085722707941147,0.004162665249231623,112.30757925774567,25.42490163053586,3.417227680553219,0.029263487642067466,0.029263487642067466,0.0457059062604148,0.15615129143288417
3.189999999999976,5,0.3325,0.0011642866362158364,0.03850215301300287,0.12095808105303993,0.0011023986303603168,0.0042621559360813376,118.16441953867381,32.1764644640174,2.6723866809796903,0.03741973446871852,0.03741973446871852,0.0457059062604148,0.15615129143288417
3.189999999999976,6,0.399,0.0011896025057136965,0.03891849114226701,0.12226604586134547,0.0011287038693555487,0.004470325000713435,122.62506317550438,38.46576838594305,2.1879010434721105,0.0457059062604148,0.0457059062604148,0.0457059062604148,0.15615129143288417
3.1999999999999758,0,0.0,0.0010363136110929836,0.03632458493074467,0.11411704916312596,0.0008602762362043452,0.0031733718949522568,100.4508580544282,3.863494540554931,25.0,0.0,0.0,0.045690797753387746,0.15660819941041804
3.1999999999999758,1,0.0665,0.0010657894529386629,0.036837552549581265,0.11572858446599245,0.0009057774100812533,0.0034298557043705336,99.82466429454834,5.905151370313445,15.904674924404123,0.006287459534715801,0.006287459534715801,0.045690797753387746,0.15660819941041804
3.1999999999999758,2,0.133,0.0011312643274840523,0.03795221307514128,0.11923039378433833,0.0010428511265458199,0.003987185967150587,100.30593925709151,11.81203004251557,7.4918459313137395,0.013347845232912367,0.013347845232912367,0.045690797753387746,0.15660819941041804
3.1999999999999758,3,0.1995,0.0011442689403642673,0.038169732310876725,0.11991375061733928,0.0010695285670939854,0.00409594558501828,105.9745809990512,18.48450582251441,4.733157381463374,0.02112754593617221,0.02112754593617221,0.045690797753387746,0.15660819941041804
3.1999999999999758,4,0.266,0.0011535892201500844,0.03832486677700635,0.12040111991645067,0.0010847568851466583,0.004173512818083089,112.17227931394912,25.38808309549577,3.4183044025820988,0.02925427001892008,0.02925427001892008,0.045690797753387746,0.15660819941041804
3.1999999999999758,5,0.3325,0.001165619233002795,0.03852418073837558,0.12102728319324614,0.00110138626863586,0.004273169798767696,118.0188831160959,32.12938057484889,2.6732386683010603,0.03740780843318925,0.03740780843318925,0.045690797753387746,0.15660819941041804
3.1999999999999758,6,0.399,0.0011909815517215185,0.03894104272746024,0.12233689375571533,0.0011275792596614819,0.00448160079331005,122.47015036840497,38.40845789575381,2.188624513402931,0.045690797753387746,0.045690797753387746,0.045690797753387746,0.15660819941041804
3.2099999999999755,0,0.0,0.0010372948668825694,0.0363417782182667,0.11417106346889623,0.0008596643761015878,0.0031819685387132726,100.35572136345179,3.859835437055838,25.0,0.0,0.0,0.045675716994627066,0.15706495658036432
3.2099999999999755,1,0.0665,0.001066837091010012,0.03685565319003549,0.11578544930506872,0.0009050320227111182,0.003438906024597645,99.7247692097137,5.8976068895447264,15.909361894992644,0.006285607220455163,0.006285607220455163,0.045675716994627066,0.15706495658036432
3.2099999999999755,2,0.133,0.0011325069842254556,0.03797305198432977,0.11929586114835372,0.0010419454594244055,0.003997605421744831,100.19202514356913,11.79535464799944,7.494193530718659,0.013343663943304978,0.013343663943304978,0.045675716994627066,0.15706495658036432
3.2099999999999755,3,0.1995,0.0011455506942346508,0.03819110425738403,0.11998089256747953,0.001068597325365204,0.004106631558271932,105.85001274222554,18.45797012664433,4.7346507777379925,0.021120881918090608,0.021120881918090608,0.045675716994627066,0.15706495658036432
3.2099999999999755,4,0.266,0.0011548944883874558,0.03834654264221995,0.12046921665536592,0.0010837932606801105,0.00418435075068989,112.03734069411175,25.35137115376721,3.4193799228671304,0.02924506847900966,0.02924506847900966,0.045675716994627066,0.15706495658036432
3.2099999999999755,5,0.3325,0.0011669513690805349,0.0385461882667557,0.1210964218827288,0.001100376419006139,0.004284173562957758,117.87374445900019,32.082435283030016,2.674089682379861,0.03739590360746725,0.03739590360746725,0.045675716994627066,0.15706495658036432
3.2099999999999755,6,0.399,0.0011923600240187732,0.0389635718863411,0.122407671195747,0.0011264579440431704,0.004492865372750482,122.31567884830656,38.351322007133156,2.189347131907381,0.045675716994627066,0.045675716994627066,0.045675716994627066,0.15706495658036432
3.2199999999999753,0,0.0,0.0010382758894465105,0.03635895929187703,0.11422503940353124,0.0008590536805166971,0.0031905590755184395,100.26078728467638,3.8561841263337073,25.0,0.0,0.0,0.04566066433449599,0.15752156322370928
3.2199999999999753,1,0.0665,0.0010678843821526173,0.03687373895554652,0.11584226741313272,0.0009042882755516176,0.003447948907353161,99.62510573391496,5.890082043159609,15.914043811938688,0.006283757992734705,0.006283757992734705,0.04566066433449599,0.15752156322370928
3.2199999999999753,2,0.133,0.0011337492445387643,0.03799387282129016,0.11936127173679006,0.0010410418480195209,0.004008015840225027,100.0784025452015,11.778726346390208,7.496538556214291,0.013339489852567294,0.013339489852567294,0.04566066433449599,0.15752156322370928
3.2199999999999753,3,0.1995,0.0011468320502343971,0.038212457622196154,0.12004797614150273,0.0010676682406062206,0.004117308240677994,105.72577007394345,18.43151020113127,4.736142558055515,0.021114229306698977,0.021114229306698977,0.04566066433449599,0.15752156322370928
3.2199999999999753,4,0.266,0.0011561993359290885,0.03836819928145508,0.12053725299408846,0.0010828319617565475,0.0041951790703074554,111.90276148198284,25.314764911294393,3.4204543030165167,0.029235882470878057,0.029235882470878057,0.04566066433449599,0.15752156322370928
3.2199999999999753,5,0.3325,0.0011682830453505833,0.038568175647598194,0.12116549727685524,0.0010993690421246607,0.004295167253379005,117.72900124439558,32.03562733902703,2.6749397787186013,0.03738401918263141,0.03738401918263141,0.04566066433449599,0.15752156322370928
3.2199999999999753,6,0.399,0.0011937379238103054,0.038986078677462954,0.1224783783653913,0.0011253395560926146,0.004504118768311408,122.16164698608063,38.294360272662985,2.1900688800195884,0.04566066433449599,0.04566066433449599,0.04566066433449599,0.15752156322370928
3.229999999999975,0,0.0,0.0010392566791226079,0.03637612817479406,0.11427897703997371,0.0008584441458516246,0.003199143516976956,100.16605514690403,3.852540582573232,25.0,0.0,0.0,0.04564563976559532,0.15797801962136523
3.229999999999975,1,0.0665,0.0010689313269932122,0.03689180987880631,0.11589903889288926,0.0009035461629895749,0.003456984368983057,99.52567301158395,5.882576744530912,15.918720712673053,0.0062819118322987475,0.0062819118322987475,0.04564563976559532,0.15797801962136523
3.229999999999975,2,0.133,0.0011349911090970278,0.03801467562698855,0.1194266256783462,0.0010401402849194382,0.004018417243074221,99.96507029289063,11.762144926724373,7.498881021756786,0.013335322924829217,0.013335322924829217,0.04564563976559532,0.15797801962136523
3.229999999999975,3,0.1995,0.0011481130090748534,0.03823379244829087,0.12011500147442751,0.0010667413047360612,0.004127975653725355,105.60185186899592,18.405125914605872,4.737632676839922,0.021107588287469687,0.021107588287469687,0.04564563976559532,0.15797801962136523
3.229999999999975,4,0.266,0.0011575037635210518,0.038389836739621354,0.12060522907370598,0.0010818729083137458,0.004205997799390593,111.76854086939575,25.27826458875519,3.421527454029221,0.029226712730958542,0.029226712730958542,0.04564563976559532,0.15797801962136523
3.229999999999975,5,0.3325,0.0011696142627050227,0.03859014293005788,0.12123450953004992,0.0010983641229841182,0.004306150894608846,117.58465284296557,31.98895717831472,2.67578887262621,0.037372156309870924,0.037372156309870924,0.04564563976559532,0.15797801962136523
3.229999999999975,6,0.399,0.0011951152525153381,0.03900856316270414,0.12254901545904474,0.0011242242620592617,0.004515361010932001,122.00805290721382,38.23757196210914,2.1907897559007035,0.04564563976559532,0.04564563976559532,0.04564563976559532,0.15797801962136523
3.239999999999975,0,0.0,0.001040237236247773,0.03639328489016454,0.11433287645094133,0.0008578357685236967,0.0032077218746621927,100.0715242819531,3.8489047800751193,25.0,0.0,0.0,0.04563064308061013,0.15843432605217134
3.239999999999975,1,0.0665,0.0010699779261568046,0.03690986599239509,0.11595576384669215,0.0009028056794389452,0.0034660124257774464,99.42647018823762,5.875090904323133,15.923392643180302,0.0062800687165638774,0.0062800687165638774,0.04563064308061013,0.15843432605217134
3.239999999999975,2,0.133,0.0011362325785497817,0.03803546044188218,0.11949192310012223,0.0010392407446813137,0.004028809650521034,99.85202725831225,11.745610213726176,7.501220919252282,0.01333116316349845,0.01333116316349845,0.04563064308061013,0.15843432605217134
3.239999999999975,3,0.1995,0.0011493935714651726,0.038255108778486556,0.12018196870077177,0.0010658165097840804,0.004138633818823196,105.47825680686458,18.37881693501803,4.739121140376119,0.021100958814499422,0.021100958814499422,0.04563064308061013,0.15843432605217134
3.239999999999975,4,0.266,0.001158807771933239,0.038411455061893265,0.12067314503613835,0.001080916113595495,0.004216806960526548,111.63467714809518,25.24186949466133,3.4225994105431052,0.029217558938377717,0.029217558938377717,0.04563064308061013,0.15843432605217134
3.239999999999975,5,0.3325,0.0011709450220645295,0.03861209016361775,0.12130345879776824,0.0010973616779937818,0.004317124511388784,117.4406970883578,31.942423692883594,2.6766370084347177,0.03736031433656349,0.03736031433656349,0.04563064308061013,0.15843432605217134
3.239999999999975,6,0.399,0.0011964920115483514,0.03903102540368472,0.1226195826702925,0.0011231120490291962,0.004526592131422293,121.85489455858243,38.18095617520746,2.1915097673145243,0.04563064308061013,0.04563064308061013,0.04563064308061013,0.15843432605217134
3.2499999999999747,0,0.0,0.0010412175611580299,0.03641042946106385,0.11438673770892756,0.0008572285449655293,0.003216294160111848,99.9771940246411,3.8452766932554265,25.0,0.0,0.0,0.04561567445916324,0.15889048279676296
3.2499999999999747,1,0.0665,0.0010710241802666806,0.03692790732878184,0.1160124423765457,0.0009020668193373606,0.00347503309397082,99.32749642004674,5.867624440084928,15.928059632018488,0.006278228629869053,0.006278228629869053,0.04561567445916324,0.15889048279676296
3.2499999999999747,2,0.133,0.001137473653566249,0.038056227306643695,0.11955716412989512,0.0010383432380757797,0.004039193082901792,99.73927223636439,11.729121948617905,7.503558294755144,0.013327010475802962,0.013327010475802962,0.04561567445916324,0.15889048279676296
3.2499999999999747,3,0.1995,0.001150673738091316,0.03827640665509362,0.12024887795345758,0.0010648938303531366,0.004149282757126727,105.35498347163883,18.352582829597242,4.740607981440774,0.021094340724121176,0.021094340724121176,0.04561567445916324,0.15889048279676296
3.2499999999999747,4,0.266,0.0011601113619730216,0.038433054293935835,0.12074100102484647,0.0010799616021283944,0.004227606576547832,111.50116878780555,25.205579111900988,3.4236701840014265,0.029208420970948976,0.029208420970948976,0.04561567445916324,0.15889048279676296
3.2499999999999747,5,0.3325,0.001172275324366083,0.038634017397885724,0.12137234523585805,0.0010963617133986755,0.0043280881285227705,117.29713242582818,31.896026382705077,2.677484179955093,0.03734849331646741,0.03734849331646741,0.04561567445916324,0.15889048279676296
3.2499999999999747,6,0.399,0.0011978682023101547,0.03905346546162208,0.12269008019145465,0.0011220028968682144,0.004537812160390974,121.7021702223699,38.124512340147675,2.192228903455621,0.04561567445916324,0.04561567445916324,0.04561567445916324,0.15889048279676296
3.2599999999999745,0,0.0,0.001042197654188519,0.03642756191049635,0.1144405608862027,0.0008566224716249475,0.0032248603848280973,99.88306371276762,3.841656296644908,25.0,0.0,0.0,0.04560073421963683,0.15934649013895932
3.2599999999999745,1,0.0665,0.0010720700899443947,0.03694593392032452,0.11606907458410545,0.0009013295771341141,0.003484046389742161,99.22875090845275,5.86017731088895,15.9327215959956,0.006276391600612239,0.006276391600612239,0.04560073421963683,0.15934649013895932
3.2599999999999745,2,0.133,0.0011387143347921396,0.03807697626143845,0.11962234889384799,0.0010374477397380557,0.004049567560299173,99.62680414896721,11.712679996309834,7.505893115867194,0.013322864908454867,0.013322864908454867,0.04560073421963683,0.15934649013895932
3.2599999999999745,3,0.1995,0.001151953509658116,0.038297686120615335,0.12031572936601292,0.001063973276085889,0.004159922489887586,105.2320306423633,18.326423353649687,4.7420931848879535,0.021087734066188076,0.021087734066188076,0.04560073421963683,0.15934649013895932
3.2599999999999745,4,0.266,0.0011614145343158268,0.03845463447909867,0.12080879717601715,0.0010790092581419468,0.004238396669129251,111.36801446341073,25.169393125948538,3.4247397585679247,0.029199298939378567,0.029199298939378567,0.04560073421963683,0.15934649013895932
3.2599999999999745,5,0.3325,0.0011736051704589968,0.03865592468088231,0.12144116899518023,0.001095364149829235,0.004339041770021063,117.15395747657072,31.849764919181705,2.6783303667655667,0.037336693501617224,0.037336693501617224,0.04560073421963683,0.15934649013895932
3.2599999999999745,6,0.399,0.0011992438262012515,0.03907588339755016,0.12276050821427494,0.0011208967964036504,0.004549021128355011,121.5498783078454,38.06824000477958,2.1929471468232955,0.04560073421963683,0.04560073421963683,0.04560073421963683,0.15934649013895932
3.2699999999999743,0,0.0,0.001043177515673501,0.03644468226139565,0.11449434605481482,0.0008560175449649003,0.0032334205602777464,99.78913268709762,3.83804356488837,25.0,0.0,0.0,0.045585820804915814,0.1598023483470085
3.2699999999999743,1,0.0665,0.0010731156558098048,0.0369639457992711,0.11612566057068138,0.000900593947329054,0.0034930523292154517,99.13023278623058,5.852749403416741,15.937378649487357,0.006274557579342988,0.006274557579342988,0.045585820804915814,0.1598023483470085
3.2699999999999743,2,0.133,0.0011399546228928567,0.03809770734664811,0.11968747751884358,0.0010365542604825998,0.004059933102903999,99.51462183322758,11.696284130247882,7.508225409459042,0.013318726402915076,0.013318726402915076,0.045585820804915814,0.1598023483470085
3.2699999999999743,3,0.1995,0.001153232886847249,0.03831894721704928,0.12038252307037707,0.001063054821697233,0.004170553038104558,105.10939695136561,18.300338112108616,4.743576774782038,0.021081138716173703,0.021081138716173703,0.045585820804915814,0.1598023483470085
3.2699999999999743,4,0.266,0.0011627172897844095,0.03847619566304345,0.12087653363310076,0.0010780591972389248,0.004249177261101641,111.23521236961861,25.133310726973303,3.4258081865132053,0.02919019237378267,0.02919019237378267,0.045585820804915814,0.1598023483470085
3.2699999999999743,5,0.3325,0.0011749345611948132,0.03867781206052499,0.121509930226272,0.0010943689821339938,0.004349985459842403,117.01116971244022,31.803637812346405,2.679175646599007,0.037324913775975,0.037324913775975,0.045585820804915814,0.1598023483470085
3.2699999999999743,6,0.399,0.0012006188844060428,0.03909827926880656,0.1228308669188848,0.0011197935628202344,0.004560219063983214,121.3980156696544,38.01213715588961,2.1936645701291475,0.045585820804915814,0.045585820804915814,0.045585820804915814,0.1598023483470085
3.279999999999974,0,0.0,0.0010441571459463598,0.03646179053662491,0.11454809328659066,0.0008554137614633788,0.00324197469789238,99.69540029134453,3.83443847274402,25.0,0.0,0.0,0.04557093468617246,0.16025805769387022
3.279999999999974,1,0.0665,0.0010741608784810598,0.03698194299775969,0.11618220043723834,0.0008998599244297488,0.0035020509284597492,99.03194124197991,5.845340656475406,15.942030766380293,0.00627272657200532,0.00627272657200532,0.04557093468617246,0.16025805769387022
3.279999999999974,2,0.133,0.0011411945185103324,0.03811842060214928,0.11975255013015801,0.0010356627750588256,0.004070289730654587,99.4027241622797,11.6799341566297,7.5105551820133565,0.013314594936934206,0.013314594936934206,0.04557093468617246,0.16025805769387022
3.279999999999974,3,0.1995,0.0011545118703592456,0.03834018998658649,0.12044925919909706,0.0010621384768603943,0.004181174422873162,104.98708121088104,18.27432688301607,4.745058730915814,0.02107455474649091,0.02107455474649091,0.04557093468617246,0.16025805769387022
3.279999999999974,4,0.266,0.0011640196291901382,0.03849773789111309,0.1209442105385463,0.0010771114034818213,0.00425994837513646,111.10276148029443,25.097331889975052,3.4268754131857984,0.029181101715931627,0.029181101715931627,0.04557093468617246,0.16025805769387022
3.279999999999974,5,0.3325,0.0011762634975541,0.038699679586714573,0.12157862908590139,0.0010933763094792368,0.004360919222937195,116.86876831669271,31.757645278224828,2.680019954024292,0.03731315501955162,0.03731315501955162,0.04557093468617246,0.16025805769387022
3.279999999999974,6,0.399,0.0012019933785269565,0.039120653139362874,0.12290115650625688,0.0011186935278156747,0.0045714059992613704,121.24658088997805,37.95620348643509,2.194381148612756,0.04557093468617246,0.04557093468617246,0.04557093468617246,0.16025805769387022
3.289999999999974,0,0.0,0.001045136545339606,0.03647888675897718,0.11460180265313669,0.0008548111176133355,0.0032505228090685136,99.60186587215357,3.8308409950828297,25.0,0.0,0.0,0.045556077593878024,0.160713618469809
3.289999999999974,1,0.0665,0.0010752057585746212,0.03699992554781936,0.1162386942843986,0.0008991275029835037,0.0035110422034895844,98.93387542635972,5.837950967253424,15.946678035034106,0.006270898539514291,0.006270898539514291,0.045556077593878024,0.160713618469809
3.289999999999974,2,0.133,0.0011424340223062193,0.038139116068036126,0.11981756685375072,0.001034773294342087,0.004080637463598008,99.29110996759661,11.66362983341596,7.512882471898282,0.013310470431827877,0.013310470431827877,0.045556077593878024,0.160713618469809
3.289999999999974,3,0.1995,0.0011557904608925167,0.038361414471263074,0.12051593788423325,0.0010612242338292638,0.004191786665211455,104.86508206863364,18.24838927630805,4.746539077001188,0.021067982034434007,0.021067982034434007,0.045556077593878024,0.160713618469809
3.289999999999974,4,0.266,0.0011653215531919022,0.03851926120600096,0.12101182802647893,0.001076165744393318,0.004270710032580393,110.97066027888987,25.06145609341183,3.427941451816197,0.02917202682881817,0.02917202682881817,0.045556077593878024,0.160713618469809
3.289999999999974,5,0.3325,0.0011775919804055787,0.038721527307369705,0.12164726572460922,0.0010923860327564168,0.004371843083264759,116.72675188436584,31.711786948415597,2.6808632725188577,0.03730141742963379,0.03730141742963379,0.045556077593878024,0.160713618469809
3.289999999999974,6,0.399,0.0012033673097322987,0.03914300506594671,0.12297137715460624,0.001117596329191585,0.004582581962553287,121.09557356485365,37.90043972597172,2.195096796775988,0.045556077593878024,0.045556077593878024,0.045556077593878024,0.160713618469809
3.2999999999999736,0,0.0,0.0010461157141848797,0.036495970951175634,0.11465547422583987,0.0008542096099226023,0.0032590649051677397,99.50852877908532,3.827251106887897,25.0,0.0,0.0,0.04554124689004307,0.16116903093870943
3.2999999999999736,1,0.0665,0.0010762502967052105,0.0370178934813696,0.11629514221244022,0.0008983966775120097,0.0035200261702647046,98.83603464161249,5.830580380868931,15.9513201406003,0.006269073601342483,0.006269073601342483,0.04554124689004307,0.16116903093870943
3.2999999999999736,2,0.133,0.0011436731349186231,0.03815979378389805,0.11988252781399557,0.0010338857930961554,0.00409097632152897,99.17977833596308,11.647371170662545,7.515207155566363,0.01330635309579351,0.01330635309579351,0.04554124689004307,0.16116903093870943
3.2999999999999736,3,0.1995,0.00115706865912232,0.03838262071261195,0.12058255925626513,0.0010603120674435996,0.004202389785885891,104.74339834811516,18.222525072540044,4.748017792877425,0.0210614206522165,0.0210614206522165,0.04554124689004307,0.16116903093870943
3.2999999999999736,4,0.266,0.0011666230625436143,0.03854076565184678,0.12107938623556769,0.0010752222922912741,0.004281462255503306,110.83890715783747,25.025682708248773,3.429006331216035,0.02916296744326419,0.02916296744326419,0.04554124689004307,0.16116903093870943
3.2999999999999736,5,0.3325,0.0011789200105797532,0.03874335526964254,0.1217158402905284,0.0010913981136416073,0.0043827570644011755,116.58511805305956,31.666061483432923,2.681705668197943,0.03728970005392059,0.03728970005392059,0.04554124689004307,0.16116903093870943
3.2999999999999736,6,0.399,0.0012047406794022438,0.03916533510856308,0.12304152905244417,0.001116502130818435,0.004593746983861471,120.94498970760657,37.8448429849521,2.195811639532943,0.04554124689004307,0.04554124689004307,0.04554124689004307,0.16116903093870943
3.3099999999999734,0,0.0,0.001047094652812954,0.03651304313587391,0.1147091080758687,0.0008536092349138107,0.003267600997516878,99.41538836459934,3.8236687832538205,25.0,0.0,0.0,0.0455264430605338,0.16162429536931477
3.3099999999999734,1,0.0665,0.0010772944934859198,0.03703584683022261,0.11635154432130418,0.0008976674426504421,0.003529002844691209,98.73841793700717,5.82322868583019,15.95595747034113,0.006267251600907035,0.006267251600907035,0.0455264430605338,0.16162429536931477
3.3099999999999734,2,0.133,0.0011449118570054644,0.038180453789544294,0.11994743313595693,0.0010330002823124098,0.004101306324352094,99.06872794442312,11.631157762173974,7.517529378425888,0.013302242660598585,0.013302242660598585,0.0455264430605338,0.16162429536931477
3.3099999999999734,3,0.1995,0.0011583464657428438,0.038403808752362094,0.12064912344628816,0.001059401987507435,0.004212983805760966,104.62202865921132,18.19673383197629,4.7494949162450135,0.021054870415370557,0.021054870415370557,0.0455264430605338,0.16162429536931477
3.3099999999999734,4,0.266,0.0011679241580558803,0.03856225127360003,0.1211468853070255,0.0010742810876624325,0.0042922050663799305,110.70750065760046,24.99001125535277,3.430070059847905,0.029153923463719037,0.029153923463719037,0.0455264430605338,0.16162429536931477
3.3099999999999734,5,0.3325,0.001180247589013768,0.03876516352230006,0.1217843529368649,0.0010904126328761647,0.004393661190729937,116.44386523552073,31.620468310717186,2.68254714292306,0.037278002835407456,0.037278002835407456,0.0455264430605338,0.16162429536931477
3.3099999999999734,6,0.399,0.0012061134889124832,0.03918764332697067,0.12311161238750813,0.001115410920379564,0.004604901093065266,120.79482792325038,37.78941297402081,2.1965256514117733,0.0455264430605338,0.0455264430605338,0.0455264430605338,0.16162429536931477
3.319999999999973,0,0.0,0.0010480733615537395,0.0365301033356564,0.11476270427417415,0.0008530099891243103,0.003276131097408121,99.32244398403768,3.8200939993860645,25.0,0.0,0.0,0.04551166746246008,0.16207941204393939
3.319999999999973,1,0.0665,0.0010783383495097142,0.037053785625765896,0.11640790070959721,0.0008969397771643214,0.0035379722424628522,98.64102456395169,5.815895869179424,15.960589870029628,0.006265432594554501,0.006265432594554501,0.04551166746246008,0.16207941204393939
3.319999999999973,2,0.133,0.0011461501892011774,0.03820109612428193,0.12001228294312162,0.0010321167368818368,0.004111627491720912,98.95795779073904,11.61498951931977,7.519849081752293,0.013298139219663404,0.013298139219663404,0.04551166746246008,0.16207941204393939
3.319999999999973,3,0.1995,0.0011596238814460921,0.03842497863208833,0.12071563058491348,0.0010584939863118813,0.004223568745624085,104.50097190562724,18.17101540520288,4.750970409485517,0.021048331473575523,0.021048331473575523,0.04551166746246008,0.16207941204393939
3.319999999999973,4,0.266,0.0011692248404510702,0.03858371811462659,0.12121432537709032,0.0010733420513280758,0.004302938486893212,110.57643976721005,24.954441703175284,3.431132584831178,0.029144895315935542,0.029144895315935542,0.04551166746246008,0.16207941204393939
3.319999999999973,5,0.3325,0.001181574716525422,0.03878695211201065,0.12185280381023177,0.0010894294855294108,0.004404555485585231,116.30299271158536,31.57500772704373,2.6833876246995443,0.03726632674293446,0.03726632674293446,0.04551166746246008,0.16207941204393939
3.319999999999973,6,0.399,0.001207485739630896,0.03920992978062882,0.12318162734659516,0.0011143226829078107,0.004616044319894344,120.64508754782574,37.734150128356994,2.197238764817487,0.04551166746246008,0.04551166746246008,0.04551166746246008,0.16207941204393939
3.329999999999973,0,0.0,0.001049051840736285,0.03654715157303852,0.11481626289149047,0.0008524118691060916,0.003284655216099182,99.22969499560881,3.8165267306003385,25.0,0.0,0.0,0.04549691831409706,0.16253438122708036
3.329999999999973,1,0.0665,0.0010793818653864076,0.037071709899598376,0.11646421147659027,0.0008962136916241406,0.0035469343793790935,98.54385359093529,5.808581729866088,15.965217702670966,0.0062636164355760774,0.0062636164355760774,0.04549691831409706,0.16253438122708036
3.329999999999973,2,0.133,0.001147388132160023,0.038221720827638785,0.12007707735966999,0.0010312351678429322,0.0041219398433993415,98.84746657840662,11.59886605276682,7.522166402191301,0.013294042520897803,0.013294042520897803,0.04549691831409706,0.16253438122708036
3.329999999999973,3,0.1995,0.0011609009069011179,0.03844613039286811,0.12078208080118971,0.0010575880389887945,0.004234144626013973,104.3802266051729,18.145369251858934,4.752444337525921,0.021041803522113232,0.021041803522113232,0.04549691831409706,0.16253438122708036
3.329999999999973,4,0.266,0.0011705251105172002,0.03860516621925097,0.1212817065850117,0.0010724052312188926,0.0043136625392054,110.44572261613627,24.91897314900945,3.432193973471438,0.029135882404355076,0.029135882404355076,0.04549691831409706,0.16253438122708036
3.329999999999973,5,0.3325,0.001182901394115671,0.03880872108831243,0.12192119306625761,0.0010884488150891861,0.004415439973736123,116.16249789643197,31.529678150539517,2.6842272014896627,0.03725467052286152,0.03725467052286152,0.04549691831409706,0.16253438122708036
3.329999999999973,6,0.399,0.001208857432924022,0.039232194528803756,0.12325157411589556,0.001113237408746808,0.004627176693981812,120.49576532354953,37.679052282641905,2.1979510636221566,0.04549691831409706,0.04549691831409706,0.04549691831409706,0.16253438122708036
3.3399999999999728,0,0.0,0.0010500300906887837,0.03656418787046704,0.11486978399833626,0.0008518148714257055,0.003293173364813439,99.1371407603716,3.8129669523219842,25.0,0.0,0.0,0.04548219753078126,0.16298920320238816
3.3399999999999728,1,0.0665,0.0010804250417424416,0.03708961968352622,0.11652047672220536,0.0008954891963923022,0.0035558892713430166,98.44690443265017,5.801286411079067,15.969840386546021,0.006261803348031341,0.006261803348031341,0.04548219753078126,0.16298920320238816
3.3399999999999728,2,0.133,0.0011486256865127083,0.0382423279386409,0.12014181650820595,0.0010303555501057406,0.004132243398900399,98.73725350029842,11.582787459461526,7.524481161885071,0.013289952868318099,0.013289952868318099,0.04548219753078126,0.16298920320238816
3.3399999999999728,3,0.1995,0.0011621775427748454,0.03846726407562766,0.12084847422369041,0.0010566841379775844,0.004244711467393749,104.25979169550436,18.11979524487044,4.753916657806574,0.021035286732632656,0.021035286732632656,0.04548219753078126,0.16298920320238816
3.3399999999999728,4,0.266,0.0011718249689763869,0.03862659563058581,0.12134902906623199,0.0010714705667421499,0.004324377244872822,110.31534815349309,24.88360550953162,3.4332541805984262,0.02912688508911091,0.02912688508911091,0.04548219753078126,0.16298920320238816
3.3399999999999728,5,0.3325,0.0011842276225530984,0.038830470496792995,0.12198952084816007,0.001087470424028014,0.004426314677976403,116.02238026032973,31.48448006218233,2.6850657857834634,0.03724303535856253,0.03724303535856253,0.04548219753078126,0.16298920320238816
3.3399999999999728,6,0.399,0.0012102285701441051,0.03925443763035929,0.12332145288033547,0.0011121550777767049,0.00463829824475958,120.34686106771449,37.624120340450325,2.1986624532010004,0.04548219753078126,0.04548219753078126,0.04548219753078126,0.16298920320238816
3.3499999999999726,0,0.0,0.0010510081117385745,0.03658121225032032,0.11492326766501526,0.000851218992664184,0.0033016855547400806,99.0447806422191,3.80941464008535,25.0,0.0,0.0,0.0454675028859079,0.16344387823124723
3.3499999999999726,1,0.0665,0.0010814678791658556,0.03710751500861835,0.1165766965440484,0.0008947662546064439,0.003564836933889081,98.35017617769967,5.794009727941816,15.97445824148387,0.006259993202167649,0.006259993202167649,0.0454675028859079,0.16344387823124723
3.3499999999999726,2,0.133,0.001149862852909729,0.03826291749653519,0.1202065005120273,0.0010294778947143412,0.004142538177847542,98.62731739396301,11.566753474653858,7.526793417883793,0.013285870150547543,0.013285870150547543,0.0454675028859079,0.16344387823124723
3.3499999999999726,3,0.1995,0.0011634537897739566,0.03848837972183542,0.12091481098269252,0.00105578231038808,0.004255269290497629,104.1396659737106,18.09429311162845,4.7553873661295105,0.021028781106720164,0.021028781106720164,0.0454675028859079,0.16344387823124723
3.3499999999999726,4,0.266,0.0011731244165393,0.03864800639143243,0.12141629295521549,0.001070538042330753,0.004335082625296129,110.18531475627817,24.848338119441305,3.4343132416597846,0.029117903045929077,0.029117903045929077,0.0454675028859079,0.16344387823124723
3.3499999999999726,5,0.3325,0.0011855534027941212,0.03885220038598599,0.12205778730841212,0.0010864944596497524,0.004437179622572901,115.88263717275477,31.439411820175888,2.685903471590661,0.03723141991427467,0.03723141991427467,0.0454675028859079,0.16344387823124723
3.3499999999999726,6,0.399,0.0012115991524369821,0.03927665914064449,0.12339126381379911,0.0011110755142598268,0.004649408999902178,120.19837117924484,37.569351779964975,2.1993730390457356,0.0454675028859079,0.0454675028859079,0.0454675028859079,0.16344387823124723
3.3599999999999723,0,0.0,0.0010519859042121451,0.03659822473490866,0.11497671396161731,0.0008506242294169641,0.0033101917970342503,98.9526140078629,3.8058697695331887,25.0,0.0,0.0,0.04545283531234735,0.16389840658437071
3.3599999999999723,1,0.0665,0.0010825103782614101,0.0371253959061536,0.11663287104038474,0.0008940448767626964,0.003573777382656708,98.25366811111742,5.786751685332536,15.979071066788183,0.006258186072396019,0.006258186072396019,0.04545283531234735,0.16389840658437071
3.3599999999999723,2,0.133,0.0011510996319781578,0.038283489540070444,0.12027112949286699,0.001028602176762923,0.004152824199615171,98.51765720698022,11.550763940578985,7.5291031583528305,0.013281794378000974,0.013281794378000974,0.04545283531234735,0.16389840658437071
3.3599999999999723,3,0.1995,0.0011647296485612433,0.03850947737211794,0.12098109120582809,0.0010548825141258665,0.004265818115638888,104.01984814037985,18.06886248118262,4.756856484391799,0.021022286530636376,0.021022286530636376,0.04545283531234735,0.16389840658437071
3.3599999999999723,4,0.266,0.001174423454011136,0.038669398546026496,0.12148349839093267,0.0010696077297034385,0.004345778702593163,110.0556212290891,24.8131707352203,3.4353711342853095,0.029108936441245348,0.029108936441245348,0.04545283531234735,0.16389840658437071
3.3599999999999723,5,0.3325,0.001186878735631804,0.03887391080161197,0.12212599259064906,0.0010855207812987902,0.0044480348303858885,115.74326788563246,31.394473673309967,2.686740191603584,0.037219825092323085,0.037219825092323085,0.04545283531234735,0.16389840658437071
3.3599999999999723,6,0.399,0.0012129691811516143,0.03929885911813808,0.12346100710000285,0.0011099988746796222,0.004660508988648974,120.05029470331581,37.5147467055623,2.200082773996605,0.04545283531234735,0.04545283531234735,0.04545283531234735,0.16389840658437071
3.369999999999972,0,0.0,0.001052963468435137,0.03661522534647454,0.11503012295801919,0.0008500305782938097,0.0033186921028171886,98.86064022681734,3.8023323164160514,25.0,0.0,0.0,0.0454381943673383,0.1643527885280441
3.369999999999972,1,0.0665,0.0010835525396322824,0.037143262407306615,0.1166890003091524,0.000893325057650701,0.0035827106332332152,98.15737928363731,5.779512051909492,15.983679314451315,0.0062563817774789225,0.0062563817774789225,0.0454381943673383,0.1643527885280441
3.369999999999972,2,0.133,0.0011523360243433402,0.038304044107859446,0.12033570357203063,0.0010277283894502898,0.004163101483509674,98.40827167767614,11.534818483923823,7.531410512859704,0.013277725311779565,0.013277725311779565,0.0454381943673383,0.1643527885280441
3.369999999999972,3,0.1995,0.001166005119797486,0.038530557066954275,0.12104731502026583,0.001053984741816807,0.004276357963057056,103.90033694033028,18.043503018804294,4.758324025664477,0.02101580292990566,0.02101580292990566,0.0454381943673383,0.1643527885280441
3.369999999999972,4,0.266,0.0011757220819671077,0.03869077213469483,0.12155064550007395,0.0010686794334166605,0.0043564654969273295,109.9262661252859,24.778102864020017,3.4364278705497067,0.029099985149405608,0.029099985149405608,0.0454381943673383,0.1643527885280441
3.369999999999972,5,0.3325,0.001188203621931466,0.03889560179044273,0.12219413684180888,0.0010845494415380455,0.004458880324801269,115.6042704429971,31.349664645575345,2.687575983665693,0.037208250337021534,0.037208250337021534,0.0454381943673383,0.1643527885280441
3.369999999999972,6,0.399,0.0012143386576260336,0.039321037620974345,0.12353068292158087,0.001108925141813039,0.004671598240067104,119.90262953693244,37.460304081426436,2.200791677406125,0.0454381943673383,0.0454381943673383,0.0454381943673383,0.1643527885280441
3.379999999999972,0,0.0,0.001053940804732346,0.03663221410719291,0.11508349472388563,0.0008494380359187341,0.003327186483176376,98.76885867138368,3.7988022565916797,25.0,0.0,0.0,0.0454235790810978,0.16480702431885508
3.379999999999972,1,0.0665,0.0010845943638799328,0.03716111454314589,0.11674508444795595,0.0008926067919638614,0.0035916367011528537,98.06130909850931,5.772290945373617,15.988282473374568,0.0062545805133560105,0.0062545805133560105,0.0454235790810978,0.16480702431885508
3.379999999999972,2,0.133,0.0011535720306718729,0.038324581239093436,0.12040022287264115,0.0010268565616996137,0.00417337004912667,98.29915999454164,11.518917176926772,7.533715321040939,0.013273663224400007,0.013273663224400007,0.0454235790810978,0.16480702431885508
3.379999999999972,3,0.1995,0.0011672802041623356,0.038551618847021456,0.12111348255379642,0.0010530890033589517,0.004286888853090645,103.78113110686797,18.0182143733907,4.759790007834071,0.021009330208982206,0.021009330208982206,0.0454235790810978,0.16480702431885508
3.379999999999972,4,0.266,0.001177020301279659,0.038712127202536376,0.12161773442432186,0.0010677533920772624,0.004367143030848102,109.79724758172755,24.743133574878755,3.437483524447472,0.029091048521046693,0.029091048521046693,0.0454235790810978,0.16480702431885508
3.379999999999972,5,0.3325,0.0011895280625689817,0.0389172733992893,0.12226222020895273,0.0010835804423284818,0.004469716129224554,115.46564253368605,31.304983405710527,2.6884109164748278,0.03719669466716969,0.03719669466716969,0.0454235790810978,0.16480702431885508
3.379999999999972,6,0.399,0.001215707583205291,0.03934319470723482,0.12360029146100174,0.0011078543130237086,0.004682676783197341,119.75537315545321,37.4060224434413,2.201499794225004,0.0454235790810978,0.0454235790810978,0.0454235790810978,0.16480702431885508
3.3899999999999717,0,0.0,0.001054917913427729,0.03664919103917151,0.1151368293286701,0.0008488465989299243,0.003335674949165675,98.67726871663477,3.795279566024414,25.0,0.0,0.0,0.04540899176890351,0.1652611142365441
3.3899999999999717,1,0.0665,0.0010856358515859625,0.03717895234432355,0.11680112355309188,0.0008918900588828129,0.0036005556017416817,97.96545663859457,5.765088159572824,15.992880928615934,0.0062527821251436196,0.0062527821251436196,0.04540899176890351,0.1652611142365441
3.3899999999999717,2,0.133,0.0011548076515638381,0.038345100971751575,0.12046468751401358,0.001025986632906822,0.004183629915455738,98.19032097665574,11.503059721060643,7.536017664663752,0.013269607961363753,0.013269607961363753,0.04540899176890351,0.1652611142365441
3.3899999999999717,3,0.1995,0.0011685549023332496,0.038572662752846466,0.1211795939337391,0.0010521952912504458,0.004297410806003149,103.66222976120625,17.99299657844867,4.761254347448104,0.02100286871958377,0.02100286871958377,0.04540899176890351,0.1652611142365441
3.3899999999999717,4,0.266,0.0011783181126395375,0.038733463791537685,0.12168476529558105,0.0010668294500654396,0.004377811325348756,109.66856530162481,24.708263519846028,3.438537949602871,0.02908212777222638,0.02908212777222638,0.04540899176890351,0.1652611142365441
3.3899999999999717,5,0.3325,0.0011908520583871133,0.03893892567428819,0.12233024283702275,0.0010826137499443706,0.004480542266723998,115.32738438197285,31.260431153451666,2.689244841693068,0.0371851601050364,0.0371851601050364,0.04540899176890351,0.1652611142365441
3.3899999999999717,6,0.399,0.0012170759592160705,0.03936533043453822,0.12366983289927998,0.0011067863651701036,0.004693744646849043,119.60852574886749,37.35190303673174,2.202207010208954,0.04540899176890351,0.04540899176890351,0.04540899176890351,0.1652611142365441
3.3999999999999715,0,0.0,0.0010558947948444031,0.036666156164451104,0.1151901268416157,0.000848256263979664,0.0033441575118054716,98.58586974039939,3.791764220784592,25.0,0.0,0.0,0.04539443041279587,0.16571505854067206
3.3999999999999715,1,0.0665,0.0010866770033486827,0.0371967758417023,0.11685711772151824,0.0008911748689373109,0.0036094673504310547,97.86982108846996,5.757903585088001,15.997474800018587,0.006250986561946878,0.006250986561946878,0.04539443041279587,0.16571505854067206
3.3999999999999715,2,0.133,0.0011560428876607911,0.038365603344396246,0.12052909761729524,0.001025118632233507,0.004193881101778073,98.08175338852162,11.487245753782435,7.538317669074502,0.013265559291862166,0.013265559291862166,0.04539443041279587,0.16571505854067206
3.3999999999999715,3,0.1995,0.001169829214965003,0.03859368882446887,0.1212456492858819,0.0010513035811201856,0.004307923841814352,103.54363121393045,17.967848852031704,4.7627171770327035,0.0209964178604245,0.0209964178604245,0.04539443041279587,0.16571505854067206
3.3999999999999715,4,0.266,0.0011796155167840057,0.03875478194433045,0.1217517382477829,0.0010659076396382456,0.004388470401745139,109.54021700913633,24.67349135387919,3.4395912778640594,0.029073221764330873,0.029073221764330873,0.04539443041279587,0.16571505854067206
3.3999999999999715,5,0.3325,0.001192175610262301,0.038960558661994785,0.122398204872277,0.001081649385329955,0.004491358760577297,115.18949308590663,31.21600595481855,2.690077880322989,0.037173644945920056,0.037173644945920056,0.04539443041279587,0.16571505854067206
3.3999999999999715,6,0.399,0.0012184437869899487,0.03938744486041802,0.12373930741716231,0.0011057212939899184,0.004704801859788942,119.46208394950611,37.29794354169549,2.2029134211101766,0.04539443041279587,0.04539443041279587,0.04539443041279587,0.16571505854067206
3.4099999999999713,0,0.0,0.0010568714493046512,0.036683109505005786,0.11524338733175608,0.0008476670277342598,0.0033526341820828143,98.49466112324711,3.7882561970479656,25.0,0.0,0.0,0.045379895837047574,0.16616885749904253
3.4099999999999713,1,0.0665,0.0010877178197647342,0.037214585066040626,0.11691306704986566,0.0008904612169162308,0.003618371962600217,97.77440179137828,5.750737269315201,16.002063772428485,0.006249193942865029,0.006249193942865029,0.045379895837047574,0.16616885749904253
3.4099999999999713,2,0.133,0.0011572777396023917,0.038386088395452427,0.12059345330320176,0.0010242525528089703,0.0042041236273061625,97.97345642127104,11.471475337899456,7.5406151811691,0.013261517475354838,0.013261517475354838,0.045379895837047574,0.16616885749904253
3.4099999999999713,3,0.1995,0.001171103142731079,0.038614697102124694,0.12131164873663002,0.0010504138827912223,0.004318427980642264,103.425334577538,17.942771207814292,4.76417841924524,0.020989977956334054,0.020989977956334054,0.045379895837047574,0.16616885749904253
3.4099999999999713,4,0.266,0.0011809125144147978,0.03877608170284297,0.12181865341264907,0.0010649879256260594,0.0043991202810013995,109.41220175708128,24.63881705913264,3.4406434568061566,0.02906433091815533,0.02906433091815533,0.045379895837047574,0.16616885749904253
3.4099999999999713,5,0.3325,0.0011934987190451796,0.03898217240841106,0.1224661064592349,0.0010806873208136687,0.004502165633785434,115.05196771790462,31.17170784746645,2.690909984171936,0.03716214982597147,0.03716214982597147,0.045379895837047574,0.16616885749904253
3.4099999999999713,6,0.399,0.0012198110676401375,0.03940953803871648,0.1238087151837992,0.0011046589149229693,0.004715848448938172,119.31604673876257,37.24414398234518,2.2036189849153702,0.045379895837047574,0.045379895837047574,0.045379895837047574,0.16616885749904253
3.419999999999971,0,0.0,0.001057847877129926,0.03670005108274327,0.11529661086791639,0.0008470788868739647,0.0033611049709515537,98.40364224847293,3.784755471095113,25.0,0.0,0.0,0.045365387224029524,0.16662251137128284
3.419999999999971,1,0.0665,0.0010887583014291262,0.03723238004799384,0.11696897163444064,0.000889749097660597,0.003627269453576823,97.679198011313,5.743589177002179,16.006647759980613,0.006247404297233135,0.006247404297233135,0.045365387224029524,0.16662251137128284
3.419999999999971,2,0.133,0.00115851220800491,0.038406556162851935,0.12065775469089943,0.0010233883699754993,0.0042143575110059174,97.86542907759733,11.45574834325847,7.542910174453126,0.013257482548140007,0.013257482548140007,0.045365387224029524,0.16662251137128284
3.419999999999971,3,0.1995,0.0011723766862821031,0.03863568762556121,0.12137759241085318,0.0010495261718256855,0.004328923242360521,103.30733870109302,17.91776339281204,4.765638067446307,0.020983549020034065,0.020983549020034065,0.045365387224029524,0.16662251137128284
3.419999999999971,4,0.266,0.001182209106393493,0.038797363111508165,0.1218855109297697,0.001064070433259913,0.004409760985333999,109.28451825491241,24.604240267042087,3.44169448309694,0.029055455239018486,0.029055455239018486,0.045365387224029524,0.16662251137128284
3.419999999999971,5,0.3325,0.0011948213856035669,0.03900376695968893,0.12253394774288703,0.001079727563893646,0.00451296290942437,114.91480673807857,31.127536249843942,2.6917411585587563,0.03715067464122114,0.03715067464122114,0.045365387224029524,0.16662251137128284
3.419999999999971,6,0.399,0.0012211778024794281,0.039431610026342996,0.12387805637797679,0.0011035993813256167,0.004726884442751428,119.17041177963347,37.19050304388039,2.2043237392897455,0.045365387224029524,0.045365387224029524,0.045365387224029524,0.16662251137128284
3.429999999999971,0,0.0,0.0010588240786408496,0.03671698091950513,0.11534979751871392,0.0008464918380929038,0.003369569889332483,98.31281250208211,3.7812620193108506,25.0,0.0,0.0,0.045350905861415075,0.167076020429897
3.429999999999971,1,0.0665,0.0010897902359132668,0.037250020454102216,0.11702439060467705,0.0008820203054186843,0.00363608965663101,97.41839408085208,5.570644338105708,16.487814365470534,0.006065085267421749,0.006065085267421749,0.045350905861415075,0.167076020429897
3.429999999999971,2,0.133,0.001159744668241103,0.03842697975902262,0.12072191731058915,0.00102117980853435,0.004224569309091261,97.6416184377806,11.32401271119839,7.622528155697154,0.013119006969526115,0.013119006969526115,0.045350905861415075,0.167076020429897
3.429999999999971,3,0.1995,0.0011736497274775757,0.03865665847809529,0.12144347428711376,0.001048542626704173,0.0043394086686275625,103.16646005104316,17.869642765188757,4.773280496240151,0.020949952570096953,0.020949952570096953,0.045350905861415075,0.167076020429897
3.429999999999971,4,0.266,0.0011835047408515682,0.03881861714994182,0.12195228246077199,0.001062701921682911,0.0044203880045508275,109.04343983654178,24.4560352401882,3.4587537908578283,0.028912147567230668,0.028912147567230668,0.045350905861415075,0.167076020429897
3.429999999999971,5,0.3325,0.0011961426886080066,0.03902532731805784,0.12260168160634759,0.0010780179184458074,0.004523743088608828,114.62691356677664,30.932395536799486,2.7057237752701018,0.03695868769531635,0.03695868769531635,0.045350905861415075,0.167076020429897
3.429999999999971,6,0.399,0.0012225439928234872,0.039453660880091786,0.12394733117811936,0.001102542687439355,0.004737909869625822,119.0251784517379,37.13702113593655,2.2050276196374905,0.045350905861415075,0.045350905861415075,0.045350905861415075,0.167076020429897
3.4399999999999706,0,0.0,0.00105980005415722,0.03673389903706711,0.1154029473525592,0.0008459058780990018,0.003378028948113473,98.22217127277528,3.7777758181836645,25.0,0.0,0.0,0.045253588568403114,0.16752855631558103
3.4399999999999706,1,0.0665,0.0010908200198752297,0.037267615774207216,0.11707966793305648,0.0008797660052500785,0.003644887316683511,97.28686358747863,5.5260854995763,16.605023229361525,0.006022274020260138,0.006022274020260138,0.045253588568403114,0.16752855631558103
3.4399999999999706,2,0.133,0.0011609758442659047,0.03844737124175906,0.12078597904294974,0.0010195741368219037,0.00423476505045948,97.47171061466034,11.24583457621953,7.66736123086625,0.013042296689692043,0.013042296689692043,0.045253588568403114,0.16752855631558103
3.4399999999999706,3,0.1995,0.0011749220586328383,0.038677606273307234,0.1215092837266605,0.0010473897605971238,0.004349882566233533,102.9854658894813,17.78116885026041,4.791827677738578,0.02086886397534089,0.02086886397534089,0.045253588568403114,0.16752855631558103
3.4399999999999706,4,0.266,0.001184799660270139,0.03883984783755888,0.12201898063302039,0.0010615343808528745,0.004431003348359356,108.85253905576398,24.35773599477504,3.4689103732429754,0.02882749602622715,0.02882749602622715,0.045253588568403114,0.16752855631558103
3.4399999999999706,5,0.3325,0.0011974631324381032,0.039046861763560876,0.12266933406213905,0.0010767222751516755,0.004534510311360345,114.4215004638327,30.81943446251515,2.7126411454110393,0.03686444119937113,0.03686444119937113,0.045253588568403114,0.16752855631558103
3.4399999999999706,6,0.399,0.001223908833379039,0.039475677648507464,0.12401649889602985,0.0011008384207838885,0.004748918253833661,118.81256578173303,37.01591830972818,2.209769504772973,0.045253588568403114,0.045253588568403114,0.045253588568403114,0.16752855631558103
3.4499999999999704,0,0.0,0.0010607758039980128,0.036750805457139386,0.11545606043765677,0.0008453210036139082,0.003386482158149612,98.13171795193335,3.774296844305129,25.0,0.0,0.0,0.045211303070469576,0.16798066934628572
3.4499999999999704,1,0.0665,0.0010918491081273675,0.03728519091209783,0.11713488185713947,0.0008787568945305589,0.0036536748856288164,97.18568886035251,5.51153714150323,16.633136884539958,0.00601209505423762,0.00601209505423762,0.045211303070469576,0.16798066934628572
3.4499999999999704,2,0.133,0.0011622064227074904,0.03846774202544734,0.12084997574733271,0.0010185391844140857,0.004244950442303621,97.3501304021105,11.215694019214943,7.679813325446323,0.013021149832986125,0.013021149832986125,0.045211303070469576,0.16798066934628572
3.4499999999999704,3,0.1995,0.0011761939176452062,0.038698534962228866,0.12157503314202597,0.0010464344460814194,0.004360346910694347,102.85103668652741,17.739007964926994,4.798015136465422,0.02084195175625634,0.02084195175625634,0.045211303070469576,0.16798066934628572
3.4499999999999704,4,0.266,0.0011860940852959855,0.038861058827254435,0.12208561692242331,0.0010605494847778561,0.004441608843207135,108.70730423178601,24.304849240197303,3.472659063113923,0.02879637712270271,0.02879637712270271,0.045211303070469576,0.16798066934628572
3.4499999999999704,5,0.3325,0.0011987830137336185,0.03906837517279723,0.12273692043054964,0.0010756704618176793,0.004545267015978522,114.26522207064242,30.75534415365445,2.715296486352765,0.03682839074944696,0.03682839074944696,0.045211303070469576,0.16798066934628572
3.4499999999999704,6,0.399,0.0012252728644164405,0.03949766909661806,0.1240855870678559,0.0010995724055298409,0.004759913977888959,118.64552253419214,36.94009050138773,2.2118362712114896,0.045211303070469576,0.045211303070469576,0.045211303070469576,0.16798066934628572
3.45999999999997,0,0.0,0.001061751328481384,0.03676770020136685,0.11550913684200605,0.0008447372113729234,0.003394929530263341,98.04145193360277,3.7708250743693372,25.0,0.0,0.0,0.045190278856388724,0.1684325721348496
3.45999999999997,1,0.0665,0.0010928778003138667,0.03730275101011712,0.11719004853207317,0.0008780049009645067,0.0036624549346384616,97.09095914894881,5.5032120366118376,16.642598268614925,0.006008677154010428,0.006008677154010428,0.045190278856388724,0.1684325721348496
3.45999999999997,2,0.133,0.0011634365750046835,0.038488094978671006,0.12091391643565903,0.0010176476611835543,0.0042551269189154564,97.24059954010306,11.197364839129051,7.684239634694853,0.013013649333434808,0.013013649333434808,0.045190278856388724,0.1684325721348496
3.45999999999997,3,0.1995,0.0011774653760173311,0.03871944575147898,0.1216407263239149,0.0010455394625058536,0.004370802305319406,102.73067162484995,17.710677472691295,4.800493616534653,0.020831191120755474,0.020831191120755474,0.045190278856388724,0.1684325721348496
3.45999999999997,4,0.266,0.0011873880881301594,0.03888225133341432,0.12215219514408636,0.0010596253079939262,0.0044522050962870745,108.57710833782575,24.26676463094742,3.474313324791443,0.028782665998036555,0.028782665998036555,0.045190278856388724,0.1684325721348496
3.45999999999997,5,0.3325,0.0012001024298743785,0.039089869166432575,0.12280444580305075,0.0010746996817671635,0.0045560140127961935,114.12528560969417,30.70735354495023,2.7165457922850496,0.03681145382639915,0.03681145382639915,0.045190278856388724,0.1684325721348496
3.45999999999997,6,0.399,0.0012266362930663517,0.039519638603350477,0.12415460630880945,0.00109847533662074,0.004770898731255167,118.49628198983935,36.881808263917975,2.2128653004729717,0.045190278856388724,0.045190278856388724,0.045190278856388724,0.1684325721348496
3.46999999999997,0,0.0,0.0010627266279246736,0.036784583291329345,0.11556217663340212,0.0008441544981249291,0.0034033710752445906,97.95137261448076,3.767360485172337,25.0,0.0,0.0,0.045174588239591355,0.16888431801724552
3.46999999999997,1,0.0665,0.0010939061570716003,0.03732029712385521,0.11724517127409183,0.0008773056869048487,0.00367122799150751,96.9976904549118,5.496152065825016,16.64829089392229,0.0060066225798893575,0.0060066225798893575,0.045174588239591355,0.16888431801724552
3.46999999999997,2,0.133,0.001164666337811654,0.03850843073566722,0.12097780310044352,0.0010167878498106974,0.004265294797413563,97.13380468199826,11.181547250519921,7.686973502480321,0.013009021036397934,0.013009021036397934,0.045174588239591355,0.16888431801724552
3.46999999999997,3,0.1995,0.0011787364500424643,0.0387403389377895,0.12170636420453809,0.0010446593155258742,0.004381248898474664,102.61363056730508,17.685443261924735,4.802152032469752,0.020823997100435386,0.020823997100435386,0.045174588239591355,0.16888431801724552
3.46999999999997,4,0.266,0.0011886816855784244,0.03890342566125635,0.12221871625687958,0.0010587163921014836,0.00446279226020809,108.45058637107215,24.232123174700433,3.475488408060754,0.028772934407742076,0.028772934407742076,0.045174588239591355,0.16888431801724552
3.46999999999997,5,0.3325,0.0012014214043829772,0.03911134415935691,0.12287191148305773,0.0010737496462167374,0.004566751509258361,113.98944939340797,30.663228638678255,2.717464026264441,0.036799015197071405,0.036799015197071405,0.045174588239591355,0.16888431801724552
3.46999999999997,6,0.399,0.001227999171784774,0.03954158704981886,0.12422355938699223,0.0010974223234190871,0.004781872954489358,118.35177962709972,36.8280218797894,2.213633901201987,0.045174588239591355,0.045174588239591355,0.045174588239591355,0.16888431801724552
3.47999999999997,0,0.0,0.0010637017026444082,0.03680145474854199,0.11561517987943672,0.0008435728606323124,0.0034118068038509137,97.8614793939007,3.763903053611565,25.0,0.0,0.0,0.045160064565338824,0.1693359186628989
3.47999999999997,1,0.0665,0.0010949341909424388,0.03733782948686914,0.11730025081693644,0.0008766181506963756,0.003679994173014474,96.90487768692998,5.489357851388327,16.653226535854557,0.006004842352003021,0.006004842352003021,0.045160064565338824,0.1693359186628989
3.47999999999997,2,0.133,0.0011658957190466422,0.03852874945449984,0.12104163623825845,0.0010159359416312761,0.004275454156829876,97.02777072472128,11.166269663486286,7.689363023535263,0.013004978395989944,0.013004978395989944,0.045160064565338824,0.1693359186628989
3.47999999999997,3,0.1995,0.0011800071435622557,0.03876121461272139,0.12177194707154286,0.0010437837465945216,0.004391686735940609,102.4975022498513,17.66089607177181,4.803641096879426,0.020817541940209208,0.020817541940209208,0.045160064565338824,0.1693359186628989
3.47999999999997,4,0.266,0.0011899748816772535,0.03892458190646401,0.12228518056140152,0.0010578122603830827,0.00447337038281192,108.3250790847473,24.198267665642273,3.476563387987969,0.028764037596873543,0.028764037596873543,0.045160064565338824,0.1693359186628989
3.47999999999997,5,0.3325,0.0012027399428134434,0.0391328002732054,0.12293931785269872,0.0010728056924244442,0.004577479566182606,113.85474920003847,30.62000772199918,2.7183122301513545,0.03678753267958186,0.03678753267958186,0.045160064565338824,0.1693359186628989
3.47999999999997,6,0.399,0.001229361512876971,0.039563514669078696,0.12429244703456965,0.0010963809629916982,0.004792836764119275,118.20860135790092,36.77532168014673,2.214345815544999,0.045160064565338824,0.045160064565338824,0.045160064565338824,0.1693359186628989
3.4899999999999696,0,0.0,0.0010646765529563047,0.036818314594455406,0.11566814664749897,0.0008429922956708982,0.0034202367268076224,97.77177167381751,3.760452756685289,25.0,0.0,0.0,0.04514579924981704,0.1697873766553971
3.4899999999999696,1,0.0665,0.0010959619048864513,0.037355348168966476,0.117355287379914,0.0008759341048667547,0.003688753514063142,96.81231985223967,5.482630061543334,16.658006972111384,0.006003119110672644,0.006003119110672644,0.04514579924981704,0.1697873766553971
3.4899999999999696,2,0.133,0.001167124720761172,0.038549051195990655,0.12110541604018107,0.0010150870745406755,0.004285605027575283,96.92209709554467,11.151132877775332,7.691681657629101,0.013001058084718523,0.013001058084718523,0.04514579924981704,0.1697873766553971
3.4899999999999696,3,0.1995,0.0011812774578604877,0.038782072825626505,0.12183747507997258,0.001042910645255674,0.004402115842393166,102.38178989519452,17.636540219742756,4.805094912016017,0.020811243447019488,0.020811243447019488,0.04514579924981704,0.1697873766553971
3.4899999999999696,4,0.266,0.0011912676779663692,0.03894572012367488,0.12235158822930117,0.0010569108605437243,0.0044839394914173575,108.20003223133257,24.16464498092998,3.4776172924005637,0.028755320551954993,0.028755320551954993,0.04514579924981704,0.1697873766553971
3.4899999999999696,5,0.3325,0.0012040580468583367,0.03915423756653445,0.12300666509593414,0.0010718646664529027,0.004588198212847135,113.72055903010636,30.577066043517352,2.719145547458968,0.03677625866458294,0.03677625866458294,0.04514579924981704,0.1697873766553971
3.4899999999999696,6,0.399,0.0012307233197794106,0.03958542155100644,0.1243612695338969,0.0010953440963872199,0.004803790205083147,118.06600233493937,36.722964544551374,2.215045511690775,0.04514579924981704,0.04514579924981704,0.04514579924981704,0.1697873766553971
3.4999999999999694,0,0.0,0.001065651179175273,0.036835162850456,0.11572107700477624,0.000842412800029874,0.003428660854807921,97.68224885879332,3.7570095714920506,25.0,0.0,0.0,0.045131606294971906,0.1702386927183468
3.4999999999999694,1,0.0665,0.0010969892999516892,0.03737285320723899,0.11741028107955175,0.0008752519136254032,0.0036975060331993956,96.71997674304542,5.475929341269495,16.662751053800605,0.0060014099518813264,0.0060014099518813264,0.045131606294971906,0.1702386927183468
3.4999999999999694,2,0.133,0.001168353343875858,0.038569336002144274,0.12116914263817277,0.001014240307681021,0.004295747430652093,96.81670313270465,11.136057164737917,7.6939840286805135,0.012997167608775189,0.012997167608775189,0.045131606294971906,0.1702386927183468
3.4999999999999694,3,0.1995,0.0011825473937248166,0.03880291361758726,0.12190294835889148,0.001042039598037636,0.004412536238373543,102.26639294336351,17.612276051030243,4.806540429360427,0.020804984680698153,0.020804984680698153,0.045131606294971906,0.1702386927183468
3.4999999999999694,4,0.266,0.0011925600751480753,0.03896684035370159,0.12241793938879522,0.0010560115013356196,0.004494499606430714,108.07533374133504,24.13114399322445,3.4786659833317675,0.028746651871480587,0.028746651871480587,0.045131606294971906,0.1702386927183468
3.4999999999999694,5,0.3325,0.0012053757176265425,0.03917565608826021,0.12307395336643852,0.0010709260862876593,0.0045989074737100115,113.58675203188416,30.53427772558064,2.719975073676782,0.03676504280049264,0.03676504280049264,0.045131606294971906,0.1702386927183468
3.4999999999999694,6,0.399,0.00123208459433899,0.03960730775969737,0.12443002708633526,0.0010943104345464939,0.004814733309428612,117.92382898943092,36.67079803368079,2.2157420975982625,0.045131606294971906,0.045131606294971906,0.045131606294971906,0.1702386927183468
3.509999999999969,0,0.0,0.0010666255816154182,0.036851999537866234,0.11577397101825501,0.0008418343705117224,0.0034370791985130385,97.592910355983,3.753573475230115,25.0,0.0,0.0,0.04511744855592909,0.17068986720390608
3.509999999999969,1,0.0665,0.0010980163767873095,0.03739034463190232,0.11746523201077488,0.0008745712331666242,0.003706251745531062,96.62783914256661,5.4692471632246535,16.667484437765854,0.005999705616848575,0.005999705616848575,0.04511744855592909,0.17068986720390608
3.509999999999969,2,0.133,0.0011695815890530252,0.038589603910593614,0.12123281615046085,0.0010133954224669612,0.0043058813848767625,96.71157181947822,11.121026352930228,7.696281148007183,0.012993288326777569,0.012993288326777569,0.04511744855592909,0.17068986720390608
3.509999999999969,3,0.1995,0.001183816951805156,0.03882373702731571,0.12196836702991706,0.00104117048642244,0.004422947943237767,102.15129047931309,17.58808351555871,4.807983023787007,0.020798742321938363,0.020798742321938363,0.04511744855592909,0.17068986720390608
3.509999999999969,4,0.266,0.0011938520740818921,0.038987942639810556,0.12248423417580909,0.001055114305448351,0.004505050749485197,107.95095920197684,24.09774116800618,3.479712785084603,0.02873800401821632,0.02873800401821632,0.04511744855592909,0.17068986720390608
3.509999999999969,5,0.3325,0.0012066929559460824,0.03919705588260319,0.12314118280313478,0.0010699897171491824,0.004609607370881503,113.45330027986748,30.491615771317697,2.720803158833868,0.03675385324194487,0.03675385324194487,0.04511744855592909,0.17068986720390608
3.509999999999969,6,0.399,0.001233445337817306,0.03962917334967026,0.12449871986316051,0.0010932794986445674,0.0048256661044150575,117.78204940041817,36.618791244715204,2.2164373917562443,0.04511744855592909,0.04511744855592909,0.04511744855592909,0.17068986720390608
3.519999999999969,0,0.0,0.0010675997605900445,0.036868824677944875,0.1158268287547217,0.0008412570039321492,0.00344549176855236,97.50375557512005,3.7501444451969252,25.0,0.0,0.0,0.045103318320242364,0.1711409003871085
3.519999999999969,1,0.0665,0.0010990431359613902,0.037407822471720885,0.11752014026394951,0.0008738919909282439,0.0037149906654403444,96.53590516856741,5.462582298292557,16.67221066833935,0.005998004823073688,0.005998004823073688,0.045103318320242364,0.1711409003871085
3.519999999999969,2,0.133,0.0011708094569107663,0.038609854958141024,0.1212964366926633,0.0010125523773705455,0.004316006908650468,96.60669902188576,11.106037130510588,7.698575188127826,0.012989416555184473,0.012989416555184473,0.045103318320242364,0.1711409003871085
3.519999999999969,3,0.1995,0.001185086132751195,0.038844543093413855,0.12203373121432111,0.001040303304907437,0.004433350976286842,102.0364772858251,17.56395824686901,4.809423812768078,0.020792511513441504,0.020792511513441504,0.045103318320242364,0.1711409003871085
3.519999999999969,4,0.266,0.0011951436754304846,0.03900902702193711,0.12255047271580334,0.0010542191063274585,0.004515592940548471,107.82690357826381,24.06443235509909,3.480758240508259,0.02872937247873844,0.02872937247873844,0.045103318320242364,0.1711409003871085
3.519999999999969,5,0.3325,0.0012080097626335769,0.0392184369934755,0.1232083535439768,0.0010690555436153688,0.004620297926317657,113.32019838543667,30.449075696569135,2.7216301576669886,0.03674268515811903,0.03674268515811903,0.045103318320242364,0.1711409003871085
3.519999999999969,6,0.399,0.0012348055512664076,0.039651018371927,0.12456734802459977,0.0010922511128369592,0.004836588615543427,117.64065570754512,36.566937291324805,2.2171317704382743,0.045103318320242364,0.045103318320242364,0.045103318320242364,0.1711409003871085
3.5299999999999687,0,0.0,0.0010685737164116585,0.03688563829188728,0.11587965028076343,0.0008406806971200141,0.00345389857552356,97.41478392850233,3.7467224587885513,25.0,0.0,0.0,0.04508921291731753,0.17159179251628168
3.5299999999999687,1,0.0665,0.0011000695780407116,0.037425286755368464,0.11757500592915696,0.0008732141823788812,0.003723722807264133,96.44417348745019,5.455934056315574,16.67693166595557,0.005996306874851616,0.005996306874851616,0.04508921291731753,0.17159179251628168
3.5299999999999687,2,0.133,0.0011720369480438502,0.03863008918110521,0.12136000437887866,0.0010117111482092478,0.00432612402013256,96.50208300107701,11.091088573465761,7.700866678853136,0.012985551389248654,0.012985551389248654,0.04508921291731753,0.17159179251628168
3.5299999999999687,3,0.1995,0.0011863549372110869,0.038865331854352626,0.12209904103296358,0.001039438046938424,0.004443745356756227,101.92195140518096,17.53989913371565,4.81086302881092,0.020786291233221114,0.020786291233221114,0.04508921291731753,0.17159179251628168
3.5299999999999687,4,0.266,0.0011964348797822509,0.039030093538694244,0.12261665513008428,0.001053325837856718,0.004526126198927038,107.70316417351523,24.03121572432103,3.481802560846441,0.02872075548582789,0.02872075548582789,0.04508921291731753,0.17159179251628168
3.5299999999999687,5,0.3325,0.0012093261384866244,0.03923979946435815,0.12327546572556426,0.0010681235441326205,0.004630979161758983,113.18744301627149,30.406655068009847,2.7224562439738214,0.03673153617118762,0.03673153617118762,0.04508921291731753,0.17159179251628168
3.5299999999999687,6,0.399,0.001236165236140128,0.039672842883772416,0.12463591175068152,0.00109122559227073,0.004847500871466135,117.49964418973912,36.51523340745785,2.217825362872829,0.04508921291731753,0.04508921291731753,0.04508921291731753,0.17159179251628168
3.5399999999999685,0,0.0,0.0010695474493919706,0.036902440400825624,0.11593243566276897,0.0008401054469172612,0.0034622996299927327,97.32599483097799,3.7433074934991533,25.0,0.0,0.0,0.045075132433772175,0.1720425438406194
3.5399999999999685,1,0.0665,0.001101095703590511,0.03744273751142437,0.11762982909618178,0.0008725378027953908,0.003732448185292087,96.35264338805042,5.449302366561711,16.681647467260117,0.005994611754999792,0.005994611754999792,0.045075132433772175,0.1720425438406194
3.5399999999999685,2,0.133,0.0011732640630673944,0.038650306616041956,0.12142351932395039,0.0010108717468373296,0.004336232737600933,96.39772274080218,11.07618047466312,7.703155655626324,0.012981692759507047,0.012981692759507047,0.045075132433772175,0.1720425438406194
3.5399999999999685,3,0.1995,0.001187623365810585,0.03888610334813082,0.12216429660522124,0.0010385746889098875,0.004454131103645326,101.80771162679565,17.51590580763454,4.812300702280633,0.020780081334611584,0.020780081334611584,0.045075132433772175,0.1720425438406194
3.5399999999999685,4,0.266,0.001197725688042287,0.039051142233749975,0.12268278155583902,0.0010524347527864168,0.004536650546454903,107.57973945900706,23.9980906038685,3.4828457911424486,0.028712152646642976,0.028712152646642976,0.045075132433772175,0.1720425438406194
3.5399999999999685,5,0.3325,0.0012106420843366612,0.039261143339159636,0.12334251948583976,0.0010671937400742776,0.004641651099159726,113.05503220510397,30.36435281141944,2.723281471113265,0.03672040553307935,0.03672040553307935,0.045075132433772175,0.1720425438406194
3.5399999999999685,6,0.399,0.0012375243934872715,0.039694646935857635,0.12470441120053094,0.0010902026042608909,0.004858402897508744,117.35901333608356,36.4636790584059,2.2185181629122805,0.045075132433772175,0.045075132433772175,0.045075132433772175,0.1720425438406194
3.5499999999999683,0,0.0,0.0010705209598418997,0.036919231025829204,0.11598518496692939,0.0008395312501788504,0.003470694942494521,97.23738769993159,3.739899526920446,25.0,0.0,0.0,0.045061078250133835,0.17249315462312073
3.5499999999999683,1,0.0665,0.0011021215131584608,0.037460174768101484,0.11768460985365735,0.0008718628338556839,0.003741166813630644,96.26131452451047,5.442687520595448,16.686356999230995,0.005992919844913338,0.005992919844913338,0.045061078250133835,0.17249315462312073
3.5499999999999683,2,0.133,0.0011744908025947695,0.03867050729937998,0.1214869816423226,0.0010100341669011218,0.004346333079269945,96.29361744689625,11.061312846550008,7.705442001573073,0.012977840853202829,0.012977840853202829,0.045061078250133835,0.17249315462312073
3.5499999999999683,3,0.1995,0.0011888914191940032,0.03890685761294677,0.1222294980510977,0.0010377132407977361,0.0044645082360533035,101.6937570125404,17.491978166814086,4.813736790815036,0.020773881985157013,0.020773881985157013,0.045061078250133835,0.17249315462312073
3.5499999999999683,4,0.266,0.0011990161006930258,0.03907217314376714,0.12274885210824725,0.0010515455008583145,0.004547166001463486,107.45662925892367,23.96505769260573,3.4838877768309633,0.0287035652138493,0.0287035652138493,0.045061078250133835,0.17249315462312073
3.5499999999999683,5,0.3325,0.0012119576009033428,0.039282468659855026,0.12340951495667184,0.0010662660347693065,0.004652313759507419,112.92296659754165,30.32217046315621,2.724105658424149,0.036709295651126975,0.036709295651126975,0.045061078250133835,0.17249315462312073
3.5499999999999683,6,0.399,0.0012388830245445074,0.039716430581702204,0.12477284654228464,0.0010891822922285393,0.00486929472043103,117.2187627278685,36.41227476991734,2.219210100674921,0.045061078250133835,0.045061078250133835,0.045061078250133835,0.17249315462312073
3.559999999999968,0,0.0,0.001071494248071574,0.036936010187904655,0.11603789825923902,0.0008389581037726881,0.003479084523532248,97.14896195527017,3.73649853674116,25.0,0.0,0.0,0.045047047214891146,0.17294362509526964
3.559999999999968,1,0.0665,0.0011031470072909901,0.03747759855352444,0.11773934828993984,0.0008711892711479504,0.0037498787063421236,96.17018563196373,5.436088886660293,16.69106201849593,0.005991230509429935,0.005991230509429935,0.045047047214891146,0.17294362509526964
3.559999999999968,2,0.133,0.0011757171672158297,0.03869069126706317,0.12155039144691641,0.0010091983841595544,0.00435642506311154,96.18976585803188,11.046485230314055,7.707725928430647,0.012973995304002821,0.012973995304002821,0.045047047214891146,0.17294362509526964
3.559999999999968,3,0.1995,0.0011901590980038408,0.03892759468686477,0.12229464549017542,0.0010368536958999808,0.0044748767730123035,101.58008625992049,17.468115742214184,4.815171353280983,0.02076769291540613,0.02076769291540613,0.045047047214891146,0.17294362509526964
3.559999999999968,4,0.266,0.0012003061185591412,0.039093186310878665,0.12281486691967348,0.0010506583555762385,0.004557672585019248,107.3338309408002,23.932115198867738,3.4849287264787323,0.028694991447082693,0.028694991447082693,0.045047047214891146,0.17294362509526964
3.559999999999968,5,0.3325,0.001213272689072506,0.039303775470993674,0.12347645227801643,0.0010653405569322784,0.004662967165076742,112.79124200252562,30.280104710706023,2.724929060851181,0.03669820306028928,0.03669820306028928,0.045047047214891146,0.17294362509526964
3.559999999999968,6,0.399,0.0012402411305515533,0.03973819387472565,0.12484121794376501,0.0010881646511722487,0.004880176366942752,117.07888827374944,36.36101740231151,2.2199013294470302,0.045047047214891146,0.045047047214891146,0.045047047214891146,0.17294362509526964
3.569999999999968,0,0.0,0.001072467314390337,0.03695277790799625,0.11609057560549621,0.0008383860045795612,0.0034874683835780435,97.0607170194095,3.733104500746519,25.0,0.0,0.0,0.045033042573115925,0.17339395552100081
3.569999999999968,1,0.0665,0.0011041721865487502,0.03749500889599254,0.1177940444939341,0.0008705171234047557,0.0037585838775761713,96.07925639878421,5.42950678329908,16.695761370870688,0.00598954415906251,0.00598954415906251,0.045033042573115925,0.17339395552100081
3.569999999999968,2,0.133,0.0011769431575407371,0.038710858555272745,0.12161374885139845,0.0010083644104788765,0.004366508707216329,96.08616711159006,11.031697560204552,7.710007375311728,0.012970156205065477,0.012970156205065477,0.045033042573115925,0.17339395552100081
3.569999999999968,3,0.1995,0.0011914264028602382,0.03894831460747977,0.12235973904056248,0.0010359960307501591,0.004485236733319805,101.46669826964855,17.444318263713154,4.816604394378356,0.020761514090032775,0.020761514090032775,0.045033042573115925,0.17339395552100081
3.569999999999968,4,0.266,0.0012015957422816268,0.03911418177411319,0.12288082611272977,0.0010497731617262712,0.00456817031663651,107.21134427693798,23.899263755311576,3.485968495707756,0.028686432514559202,0.028686432514559202,0.045033042573115925,0.17339395552100081
3.569999999999968,5,0.3325,0.0012145873496638621,0.03932506381593174,0.12354333158608095,0.0010644172469031945,0.004673611337545774,112.6598593980665,30.23815741741313,2.7257514683480517,0.03668713056242257,0.03668713056242257,0.045033042573115925,0.17339395552100081
3.569999999999968,6,0.399,0.0012415987125396616,0.03975993686486138,0.1249095255618425,0.0010871495067863253,0.004891047862010616,116.93939105907383,36.30990898768941,2.220591687484571,0.045033042573115925,0.045033042573115925,0.045033042573115925,0.17339395552100081
3.5799999999999677,0,0.0,0.0010734401591067475,0.03696953420698611,0.11614321707130411,0.0008378149494930663,0.003495846533072974,96.97265231726027,3.7297173968177026,25.0,0.0,0.0,0.04501906233675407,0.17384414614436836
3.5799999999999677,1,0.0665,0.0011051970514592826,0.037512405823176165,0.11784869855256921,0.0008698463591813152,0.0037672823411679843,95.98852597134274,5.422940985395521,16.70045557011383,0.005987860605369007,0.005987860605369007,0.04501906233675407,0.17384414614436836
3.5799999999999677,2,0.133,0.0011781687741559794,0.03873100919970385,0.1216770539679083,0.0010075322215550772,0.00437658402943188,95.9828203234866,11.016949746564755,7.712286298066797,0.012966323621189548,0.012966323621189548,0.04501906233675407,0.17384414614436836
3.5799999999999677,3,0.1995,0.0011926933343814569,0.03896901741225341,0.12242477881994804,0.001035140238681569,0.0044955881357066204,101.35359204567516,17.420585558718326,4.818035892309694,0.02075534558794279,0.02075534558794279,0.04501906233675407,0.17384414614436836
3.5799999999999677,4,0.266,0.0012028849726302328,0.03913515957448604,0.12294672981626958,0.001048890018642609,0.004578659216822936,107.0891675319402,23.866502469797968,3.487007162756962,0.02867788775086317,0.02867788775086317,0.04501906233675407,0.17384414614436836
3.5799999999999677,5,0.3325,0.0012159015833982814,0.03934633373630625,0.12361015301167196,0.0010634960187256646,0.0046842462977330305,112.52881627261199,30.196326948007155,2.7265729857266123,0.03667607671736347,0.03667607671736347,0.04501906233675407,0.17384414614436836
3.5799999999999677,6,0.399,0.0012429557719332936,0.03978165960819495,0.12497776957271506,0.0010861371666784363,0.0049019092336774,116.80026797073663,36.25894734110074,2.2212812708531,0.04501906233675407,0.04501906233675407,0.04501906233675407,0.17384414614436836
3.5899999999999674,0,0.0,0.0010744127825285839,0.0369862791056945,0.1161958227220715,0.0008372449354195458,0.0035042189824271695,96.8847672762146,3.726337202931331,25.0,0.0,0.0,0.04500510701541682,0.17429419721452252
3.5899999999999674,1,0.0665,0.0011062216025960823,0.0375297893634595,0.11790331055501672,0.0008691770141667012,0.0037759741113096513,95.89799384297625,5.416391609273425,16.705144081308475,0.005986180036117787,0.005986180036117787,0.04500510701541682,0.17429419721452252
3.5899999999999674,2,0.133,0.001179394017646479,0.03875114323593018,0.12174030690820406,0.0010067018113167246,0.004386651047545047,95.87972439982494,11.002241484324705,7.714562803991195,0.012962497362554901,0.012962497362554901,0.04500510701541682,0.17429419721452252
3.5899999999999674,3,0.1995,0.0011939598932044519,0.03898970313885039,0.12248976494665928,0.0010342863298490007,0.00450593099900511,101.2407663154137,17.39691717387301,4.819465903272725,0.020749187152064634,0.020749187152064634,0.04500510701541682,0.17429419721452252
3.5899999999999674,4,0.266,0.001204173810174534,0.03915611974964616,0.12301257814857058,0.0010480087580060533,0.004589139304402997,106.96729977809376,23.8338312625302,3.488044687396101,0.028669357465902226,0.028669357465902226,0.04500510701541682,0.17429419721452252
3.5899999999999674,5,0.3325,0.0012172153910772192,0.03936758527494151,0.12367691668932597,0.0010625769317632052,0.004694872067050663,112.39811158538242,30.154613126803678,2.7273935869359422,0.036665041847643194,0.036665041847643194,0.04500510701541682,0.17429419721452252
3.5899999999999674,6,0.399,0.0012443123097600885,0.03980336215431171,0.12504595013215966,0.0010851273058380573,0.0049127605067357805,116.66151788319536,36.20813228568533,2.221970052548576,0.04500510701541682,0.04500510701541682,0.04500510701541682,0.17429419721452252
3.5999999999999672,0,0.0,0.0010753851849628461,0.03700301262488006,0.11624839262301356,0.0008366759592780185,0.0035125857420199498,96.79706132613252,3.7229638971589427,25.0,0.0,0.0,0.04499117552406208,0.17474410896976314
3.5999999999999672,1,0.0665,0.001107245840499567,0.037547159544598994,0.11795788058847609,0.0008685090569746777,0.003784659201879398,95.80765915005213,5.409858415262756,16.70982746604816,0.005984502245949867,0.005984502245949867,0.04499117552406208,0.17474410896976314
3.5999999999999672,2,0.133,0.0011806188886174483,0.038771260699763346,0.1218035077847912,0.001005873191658391,0.004396709779461631,95.7768785837453,10.98757280148144,7.716836767701037,0.012958677630522374,0.012958677630522374,0.04499117552406208,0.17474410896976314
3.5999999999999672,3,0.1995,0.0011952260799642225,0.03901037182480115,0.12255469753860156,0.0010334342975382366,0.004516265341980493,101.12822021200138,17.373313058787517,4.8208943722941875,0.020743039004277455,0.020743039004277455,0.04499117552406208,0.17474410896976314
3.5999999999999672,4,0.266,0.0012054622556356923,0.03917706233960136,0.12307837123532098,0.001047129497760075,0.004599610599380598,106.84573939154788,23.801249339479803,3.489081134674718,0.028660841104035505,0.028660841104035505,0.04499117552406208,0.17474410896976314
3.5999999999999672,5,0.3325,0.0012185287735601068,0.03938881847548066,0.12374362275615196,0.0010616600269575769,0.004705488667320239,112.2677433607516,30.113014844296213,2.7282133303904814,0.036654025140214125,0.036654025140214125,0.04499117552406208,0.17474410896976314
3.5999999999999672,6,0.399,0.0012456683272380168,0.03982504455570068,0.12511406740507544,0.001084120069448179,0.0049236017074302625,116.52313843300105,36.15746237593412,2.2226580842840664,0.04499117552406208,0.04499117552406208,0.04499117552406208,0.17474410896976314
3.609999999999967,0,0.0,0.00107635736671576,0.03701973478524006,0.11630092683915269,0.0008361080180001155,0.003520946822199951,96.70953389932849,3.7195974576664805,25.0,0.0,0.0,0.04497726953289806,0.17519388166509212
3.609999999999967,1,0.0665,0.0011082697656929282,0.03756451639399354,0.11801240873902345,0.000867842469727082,0.0037933376265766685,95.71752123640879,5.403341365674736,16.714505665783744,0.005982827251942602,0.005982827251942602,0.04497726953289806,0.17519388166509212
3.609999999999967,2,0.133,0.001181843387672534,0.03879136162689368,0.12186665670979419,0.0010050463565164944,0.004406760243026796,95.67428181833984,10.972943423606893,7.7191082761357155,0.012954864269640909,0.012954864269640909,0.04497726953289806,0.17519388166509212
3.609999999999967,3,0.1995,0.0011964918952735051,0.039031023507171185,0.12261957671221951,0.0010325841185016393,0.004526591183165509,101.01595262363222,17.349772913937983,4.822321313639835,0.02073690106819554,0.02073690106819554,0.04497726953289806,0.17519388166509212
3.609999999999967,4,0.266,0.001206750309652882,0.03919798738291868,0.12314410919768272,0.0010462521658658516,0.004610073121039256,106.72448559859437,23.768756763048476,3.490116444142801,0.028652339141240532,0.028652339141240532,0.04497726953289806,0.17519388166509212
3.609999999999967,5,0.3325,0.0012198417315644455,0.03941003337915444,0.12381027134168013,0.001060745183688848,0.004716096119157127,112.13771117099947,30.071532538355743,2.729032134560142,0.03664302766303547,0.03664302766303547,0.04497726953289806,0.17519388166509212
3.609999999999967,6,0.399,0.0012470238255826392,0.03984670686466751,0.12518212155578542,0.0010831154483416387,0.004934432861913679,116.38512946247243,36.10693837951617,2.2233452817062687,0.04497726953289806,0.04497726953289806,0.04497726953289806,0.17519388166509212
3.619999999999967,0,0.0,0.0010773293280927786,0.03703644560741066,0.11635342543531929,0.0008355411085300129,0.003529302233285251,96.62218443055808,3.7162378627137724,25.0,0.0,0.0,0.04496338719820858,0.1756435155370742
3.619999999999967,1,0.0665,0.0011092933787295054,0.037581859939487906,0.11806689509413576,0.0008671772747184923,0.0038020093993238534,95.62757936109368,5.396840333870846,16.719178898239793,0.005981154972301186,0.005981154972301186,0.04496338719820858,0.1756435155370742
3.619999999999967,2,0.133,0.0011830675153918127,0.038811446052529806,0.12192975379382422,0.001004221281806236,0.0044168024558448584,95.57193306205521,10.958353087693942,7.721377409291639,0.01295105713647198,0.01295105713647198,0.04496338719820858,0.1756435155370742
3.619999999999967,3,0.1995,0.0011977573397432865,0.03905165822289678,0.12268440258355195,0.0010317357862797867,0.0045369085410283064,100.9039623513736,17.326296347091052,4.8237467679187285,0.02073077315440138,0.02073077315440138,0.04496338719820858,0.1756435155370742
3.619999999999967,4,0.266,0.001208037972931125,0.03921889491912813,0.123209792159843,0.0010453768104724788,0.0046205268891439805,106.60353683728094,23.73635279755636,3.4911506728302295,0.02864385108848119,0.02864385108848119,0.04496338719820858,0.1756435155370742
3.619999999999967,5,0.3325,0.0012211542659202948,0.03943123002889661,0.12387686258079084,0.001059832487108628,0.0047266944440282135,112.00801272519166,30.03016476966211,2.729850088546548,0.03663204819179024,0.03663204819179024,0.04496338719820858,0.1756435155370742
3.619999999999967,6,0.399,0.0012483788058048014,0.03986834913010484,0.12525011273789038,0.0010821132718667479,0.004945253994632346,116.24748799845764,36.05655824354488,2.224031734067939,0.04496338719820858,0.04496338719820858,0.04496338719820858,0.1756435155370742
3.6299999999999666,0,0.0,0.001078301069398586,0.037053145111967146,0.11640588847615253,0.0008349752278243665,0.0035376519855634947,96.53501235700475,3.7128850906540287,25.0,0.0,0.0,0.04494952940515221,0.17609301083112572
3.6299999999999666,1,0.0665,0.0011103166801453468,0.03759919020856857,0.1181213397401643,0.0008665134540330792,0.003810674533864184,95.537833006567,5.390355416344753,16.723846690493748,0.0059794855723499605,0.0059794855723499605,0.04494952940515221,0.17609301083112572
3.6299999999999666,2,0.133,0.0011842912723536733,0.03883151401175877,0.12199279914711048,0.0010033979614481761,0.00442683643545934,95.4698315666505,10.943801818566659,7.723644045223991,0.012947256426432057,0.012947256426432057,0.04494952940515221,0.17609301083112572
3.6299999999999666,3,0.1995,0.0011990224140031138,0.039072276009116495,0.1227491752692731,0.0010308893109856206,0.004547217434138163,100.79224841558198,17.302883181190804,4.825170716354877,0.02072465532899195,0.02072465532899195,0.04494952940515221,0.17609301083112572
3.6299999999999666,4,0.266,0.0012093252461615582,0.03923978498742674,0.1232754202449429,0.0010445034149302295,0.004630971923293283,106.48289214604117,23.704037308088637,3.492183789708495,0.028635377179947154,0.028635377179947154,0.04494952940515221,0.17609301083112572
3.6299999999999666,5,0.3325,0.0012224663773860818,0.039452408466367404,0.1239433966043636,0.0010589218735395018,0.004737283662763609,111.87864745656964,29.988911826290927,2.73066712472331,0.036621087606982745,0.036621087606982745,0.04494952940515221,0.17609301083112572
3.6299999999999666,6,0.399,0.0012497332693109304,0.0398899714070822,0.12531804112439635,0.0010811138488678936,0.0049560651331210254,116.11021328714929,36.00632211644628,2.224717395785189,0.04494952940515221,0.04494952940515221,0.04494952940515221,0.17609301083112572
3.6399999999999664,0,0.0,0.0010792725909370994,0.03706983331942419,0.11645831602610117,0.0008344103728522473,0.003545996089292017,96.44801711826659,3.7095391199333307,25.0,0.0,0.0,0.04493569633506854,0.1765423677944764
3.6399999999999664,1,0.0665,0.0011113396704907855,0.03761650722889904,0.11817574276401657,0.0008658510165235724,0.00381933304402942,95.44828149899831,5.383886549163434,16.72850906634156,0.005977819039546332,0.005977819039546332,0.04493569633506854,0.1765423677944764
3.6399999999999664,2,0.133,0.001185514659156953,0.038851565539909205,0.12205579288064113,0.0010025764075218117,0.004436862199534559,95.36797632491754,10.929289378201357,7.725908247532589,0.012943462023631572,0.012943462023631572,0.04493569633506854,0.1765423677944764
3.6399999999999664,3,0.1995,0.0012002871186807033,0.03909287690283869,0.12281389488564813,0.0010300446861099674,0.004557517880999263,100.68080975030583,17.27953315020023,4.826593165171198,0.02071854755059991,0.02071854755059991,0.04493569633506854,0.1765423677944764
3.6399999999999664,4,0.266,0.0012106121300124895,0.03926065762653458,0.12334099357462512,0.0010436319553918934,0.004641408242847202,106.36255040004153,23.671809991368512,3.493215788688092,0.02862691744490136,0.02862691744490136,0.04493569633506854,0.1765423677944764
3.6399999999999664,5,0.3325,0.0012237780667363875,0.03947356873337291,0.12400987354373609,0.0010580133502752235,0.004747863796266361,111.74961382560652,29.947773014390645,2.7314832649462137,0.03661014558768279,0.03661014558768279,0.04493569633506854,0.1765423677944764
3.6399999999999664,6,0.399,0.0012510872171028508,0.03991157374406596,0.1253859068675649,0.0010801168491882188,0.004966866301612908,115.97330397948215,35.956229571966894,2.225402256022422,0.04493569633506854,0.04493569633506854,0.04493569633506854,0.1765423677944764
3.649999999999966,0,0.0,0.001080243893011472,0.03708651025023609,0.11651070814942427,0.0008338465405950764,0.003554334554697968,96.36119815634342,3.7061999290901313,25.0,0.0,0.0,0.04492188731838071,0.1769915866676602
3.649999999999966,1,0.0665,0.0011123623502989931,0.037633811027787574,0.11823010425148399,0.0008651899444266568,0.0038279849434736868,95.35892412571934,5.377433628004643,16.733166175981857,0.0059761553162327495,0.0059761553162327495,0.04492188731838071,0.1769915866676602
3.649999999999966,2,0.133,0.0011867376763768363,0.03887160067182863,0.12211873510389289,0.001001756595971003,0.004446879765494269,95.26636652655924,10.914815723204072,7.728169942808119,0.012939674041855226,0.012939674041855226,0.04492188731838071,0.1769915866676602
3.649999999999966,3,0.1995,0.001201551454381504,0.03911346094060942,0.12287856154748987,0.0010292018885365052,0.004567809899884628,100.5696454699674,17.256246164378666,4.828014071656502,0.020712449987887006,0.020712449987887006,0.04492188731838071,0.1769915866676602
3.649999999999966,4,0.266,0.0012118986252143162,0.03928151287607245,0.12340651227336207,0.0010427624768933406,0.004651835867616135,106.24251048863717,23.639670552638567,3.4942466627048154,0.0286184719205233,0.0286184719205233,0.04492188731838071,0.1769915866676602
3.649999999999966,5,0.3325,0.0012250893347190816,0.03949471087117396,0.12407629352853305,0.0010571068900526402,0.0047584348651668875,111.6209106305619,29.906747974678236,2.7322985008289855,0.036599222218824105,0.036599222218824105,0.04492188731838071,0.1769915866676602
3.649999999999966,6,0.399,0.0012524406503753882,0.039933156192464556,0.12545371012890041,0.0010791224199296651,0.0049776575258122045,115.83675809107625,35.906279517751415,2.226086346089091,0.04492188731838071,0.04492188731838071,0.04492188731838071,0.1769915866676602
3.659999999999966,0,0.0,0.0010812149759240972,0.037103175924797026,0.11656306491019201,0.0008332837280465613,0.0035626673919784335,96.2745549156236,3.702867496754754,25.0,0.0,0.0,0.044908102567130626,0.17744066769333153
3.659999999999966,1,0.0665,0.001113384720101679,0.037651101632453575,0.11828442428807882,0.0008645302333000007,0.003836630245806687,95.26976032209107,5.3709966924870285,16.73781772298516,0.0059744945043029895,0.0059744945043029895,0.044908102567130626,0.17744066769333153
3.659999999999966,2,0.133,0.0011879603246089743,0.038891619442606995,0.1221816259271041,0.001000938538918358,0.004456889150883452,95.1650011658685,10.90038060936564,7.730429200252186,0.012935892355981703,0.012935892355981703,0.044908102567130626,0.17744066769333153
3.659999999999966,3,0.1995,0.0012028154217296322,0.0391340281591797,0.12294317537025504,0.0010283609285138033,0.0045780935091697655,100.45875433108668,17.23302177061569,4.829433495080971,0.0207063623718714,0.0207063623718714,0.044908102567130626,0.17744066769333153
3.659999999999966,4,0.266,0.0012131847324043808,0.03930235077404663,0.12347197646055402,0.0010418948987092503,0.004662254816603228,106.1227712131435,23.607618609256622,3.4952764177379763,0.028610040537142008,0.028610040537142008,0.044908102567130626,0.17744066769333153
3.659999999999966,5,0.3325,0.0012264001821919008,0.0395158349226881,0.12414265669358392,0.001056202575706818,0.0047689968909239554,111.49253661091356,29.865836283030575,2.7331128301356937,0.03658831750280694,0.03658831750280694,0.044908102567130626,0.17744066769333153
3.659999999999966,6,0.399,0.0012537935701315594,0.0399547188004894,0.12552145105986348,0.0010781304012419308,0.0049884388298246235,115.70057433356064,35.856471565076184,2.226769653661398,0.044908102567130626,0.044908102567130626,0.044908102567130626,0.17744066769333153
3.6699999999999657,0,0.0,0.0010821858399766087,0.03711983036344128,0.11661538637228645,0.0008327219322126314,0.0035709946113005597,96.18808684287124,3.699541801648894,25.0,0.0,0.0,0.044894342117578596,0.17788961111450732
3.6699999999999657,1,0.0665,0.0011144067804292484,0.03766837907003054,0.11833870295904346,0.0008638718788480331,0.003845268964595167,95.18078915798763,5.364575413948131,16.7424645593598,0.005972836295722989,0.005972836295722989,0.044894342117578596,0.17788961111450732
3.6699999999999657,2,0.133,0.0011891826044254576,0.03891162188685592,0.12224446545901037,0.0010001222124462043,0.004466890373007914,95.06387927214618,10.885983825245857,7.732686066617335,0.012932116878727112,0.012932116878727112,0.044894342117578596,0.17788961111450732
3.6699999999999657,3,0.1995,0.0012040790213270222,0.039154578594840964,0.12300773646795654,0.0010275217830633808,0.004588368727000399,100.34813534973628,17.20985977275594,4.8308514232400865,0.02070028474047527,0.02070028474047527,0.044894342117578596,0.17788961111450732
3.6699999999999657,4,0.266,0.0012144704522671886,0.039323171359123395,0.12353738625767462,0.0010410292538382167,0.00467266510914161,106.00333117252572,23.57565356582483,3.4963050918846093,0.028601622962513583,0.028601622962513583,0.044894342117578596,0.17788961111450732
3.6699999999999657,5,0.3325,0.0012277106099013177,0.03953694092892472,0.12420896316772352,0.001055300311830974,0.004779549894042265,111.36449030462572,29.825037316879396,2.7339262687728234,0.03657743119930113,0.03657743119930113,0.044894342117578596,0.17788961111450732
3.6699999999999657,6,0.399,0.0012551459777538538,0.03997626162226137,0.12558912983047993,0.0010771410885986616,0.00499921024071061,115.5647513030195,35.80680519271436,2.227452175111494,0.044894342117578596,0.044894342117578596,0.044894342117578596,0.17788961111450732
3.6799999999999655,0,0.0,0.0010831564854698853,0.0371364735864435,0.1166676725994023,0.0008321611501113747,0.0035793162228016733,96.10179338721338,3.69622282258513,25.0,0.0,0.0,0.04488060597507101,0.17833841717425802
3.6799999999999655,1,0.0665,0.0011154285318262425,0.03768564336782717,0.11839294035017074,0.0008632148898316211,0.003853901113493483,95.09201021414862,5.358169971825346,16.747105954862796,0.00597118094729456,0.00597118094729456,0.04488060597507101,0.17833841717425802
3.6799999999999655,2,0.133,0.0011904045163967836,0.03893160803906926,0.12230725380797733,0.000999307610666892,0.004476883449114582,94.96299998948058,10.87162526884709,7.734940511755807,0.012928347651545198,0.012928347651545198,0.04488060597507101,0.17833841717425802
3.6799999999999655,3,0.1995,0.0012053422537738733,0.039175112283758695,0.12307224495421158,0.001026684445886549,0.004598635571459265,100.23778743612178,17.186759863372078,4.832267875560747,0.020694216996071598,0.020694216996071598,0.04488060597507101,0.17833841717425802
3.6799999999999655,4,0.266,0.0012157557853183197,0.039343974667130896,0.12360274177728135,0.0010401654003751228,0.004683066763145362,105.88418932628204,23.54377518667184,3.4973326701753082,0.028593219299034363,0.028593219299034363,0.04488060597507101,0.17833841717425802
3.6799999999999655,5,0.3325,0.001229020618564015,0.03955802893030155,0.12427521307792787,0.0010544000688416939,0.0047900938947306815,111.23677031935802,29.784350511698367,2.7347388278843843,0.036566563132231826,0.036566563132231826,0.04488060597507101,0.17833841717425802
3.6799999999999655,6,0.399,0.0012564978742308876,0.03999778470548632,0.125656746590622,0.0010761541612472716,0.005009971782323082,115.42928754338365,35.75727984675303,2.2281339083421723,0.04488060597507101,0.04488060597507101,0.04488060597507101,0.17833841717425802
3.6899999999999653,0,0.0,0.0010841269127040538,0.03715310561401896,0.11671992365504766,0.0008316013787729755,0.003587632236589403,96.01567400012719,3.69291053846643,25.0,0.0,0.0,0.044866892086041256,0.17878708609511842
3.6899999999999653,1,0.0665,0.0011164499748045668,0.03770289455253735,0.11844713654532196,0.0008625592355090919,0.003862526705848574,95.00342264729443,5.351780120027906,16.751742507462925,0.0059695282419395986,0.0059695282419395986,0.044866892086041256,0.17878708609511842
3.6899999999999653,2,0.133,0.0011916260611138918,0.03895157793398371,0.12236999108313351,0.0009984947457226175,0.004486868396571809,94.86236242863318,10.857304801089558,7.737192532267631,0.012924584671113492,0.012924584671113492,0.044866892086041256,0.17878708609511842
3.6899999999999653,3,0.1995,0.0012066051196889477,0.039195629262302606,0.12313670094327898,0.0010258489271954944,0.004608894060731219,100.12770957128491,17.16372180191532,4.833682853104246,0.020688159119868377,0.020688159119868377,0.044866892086041256,0.17878708609511842
3.6899999999999653,4,0.266,0.001217040732368712,0.03936476073857541,0.12366804314662842,0.0010393035722255598,0.0046934597988676175,105.76534401296826,23.511982599748954,3.4983592329681947,0.02858482886994846,0.02858482886994846,0.044866892086041256,0.17878708609511842
3.6899999999999653,5,0.3325,0.0012303302089520696,0.03957909896801658,0.12434140655362425,0.0010535018857512576,0.004800628913588194,111.1093744236342,29.743774457671226,2.735550596705723,0.03655571208239564,0.03655571208239564,0.044866892086041256,0.17878708609511842
3.6899999999999653,6,0.399,0.0012578492607405343,0.040019288100748854,0.12572430149920602,0.0010751697631269078,0.005020723479954352,115.29418000385829,35.7078933488086,2.2288149535347794,0.044866892086041256,0.044866892086041256,0.044866892086041256,0.17878708609511842
3.699999999999965,0,0.0,0.0010850971219784902,0.03716972646632375,0.11677213960254479,0.0008310426152396506,0.0035959426627417993,95.9297281354273,3.6896049282856653,25.0,0.0,0.0,0.04485320311798851,0.17923561812629832
3.699999999999965,1,0.0665,0.0011174711099059156,0.03772013265129518,0.11850129162974142,0.0008619049378915816,0.00387114575522749,94.91502601225781,5.345406005320305,16.756373588421255,0.005967878399960034,0.005967878399960034,0.04485320311798851,0.17923561812629832
3.699999999999965,2,0.133,0.0011928472391661848,0.03897153160621929,0.12243267739324094,0.000997683611778745,0.004496845232689596,94.7619656457094,10.84302222605695,7.73944216567095,0.012920827865806627,0.012920827865806627,0.04485320311798851,0.17923561812629832
3.699999999999965,3,0.1995,0.001207867619689188,0.03921612956671536,0.12320110454901845,0.001025015220637738,0.004619144212937597,100.01790080589102,17.14074541492174,4.83509633827367,0.020682111172929424,0.020682111172929424,0.04485320311798851,0.17923561812629832
3.699999999999965,4,0.266,0.0012183252940103674,0.03938552961031619,0.1237332904815126,0.0010384435870388886,0.004703844234738006,105.6467951123491,23.480276490272104,3.4993846284611956,0.028576452895940616,0.028576452895940616,0.04485320311798851,0.17923561812629832
3.699999999999965,5,0.3325,0.0012316393819148232,0.03960015108439773,0.1244075437277898,0.0010526058190577525,0.004811154971778772,110.9823032259466,29.703310584471314,2.736361403565816,0.03654488031796081,0.03654488031796081,0.04485320311798851,0.17923561812629832
3.699999999999965,6,0.399,0.0012592001384604493,0.04004077185849239,0.1257917947147046,0.001074187887177012,0.005031465358826122,115.15942938401776,35.65864727827725,2.2294951764525086,0.04485320311798851,0.04485320311798851,0.04485320311798851,0.17923561812629832
3.709999999999965,0,0.0,0.0010860671135918237,0.03718633616345506,0.11682432050503087,0.000830484856565588,0.0036042475113074552,95.84395524925334,3.6863059711251287,25.0,0.0,0.0,0.04483953846921533,0.17968401351099048
3.709999999999965,1,0.0665,0.0011184919376550253,0.037737357690885494,0.11855540568757615,0.000861251979515622,0.0038797582750226462,94.8268194547537,5.33904736512948,16.760999850664184,0.005966231184951495,0.005966231184951495,0.04483953846921533,0.17968401351099048
3.709999999999965,2,0.133,0.0011940680511194567,0.0389914690899194,0.12249531284556428,0.000996874185005582,0.004506813974539652,94.6618088365094,10.828777483809729,7.741689353026204,0.012917077325107381,0.012917077325107381,0.04483953846921533,0.17968401351099048
3.709999999999965,3,0.1995,0.0012091297543694252,0.03923661323278382,0.1232654558838577,0.0010241833034229746,0.004629386045971826,99.90836020106443,17.1178305354606,4.836508311850519,0.020676073223109697,0.020676073223109697,0.04483953846921533,0.17968401351099048
3.709999999999965,4,0.266,0.001219609471040836,0.039406281322432936,0.12379848390784799,0.0010375856058373798,0.00471422009079638,105.52854085689096,23.448655877379846,3.5004089534484106,0.02856809056595673,0.02856809056595673,0.04483953846921533,0.17968401351099048
3.709999999999965,5,0.3325,0.0012329481381699058,0.03962118531954234,0.12447362472639398,0.0010517117572304768,0.004821672089351077,110.85555448123658,29.66295746917081,2.737171338914892,0.036534066603095224,0.036534066603095224,0.04483953846921533,0.17968401351099048
3.709999999999965,6,0.399,0.0012605505083684932,0.04006223602584831,0.1258592263851854,0.001073208367796063,0.005042197442504083,115.02503378557614,35.60954061205713,2.2301746051346,0.04483953846921533,0.04483953846921533,0.04483953846921533,0.17968401351099048
3.7199999999999647,0,0.0,0.0010870368878419382,0.0372029347254514,0.11687646642545872,0.0008299280998168849,0.0036125467923056242,95.75835480005732,3.6830136461560503,25.0,0.0,0.0,0.04482589762736384,0.18013227248726413
3.7199999999999647,1,0.0665,0.0011195124585906856,0.03775456969826762,0.11860947880352136,0.0008606003691061895,0.003888364278713708,94.73880264495827,5.332704457379873,16.765620315569944,0.005964586941476405,0.005964586941476405,0.04482589762736384,0.18013227248726413
3.7199999999999647,2,0.133,0.0011952884975379623,0.03901139041911236,0.12255789754700663,0.0009960664596483548,0.004516774639136136,94.56189110458968,10.814570416921587,7.743934105475742,0.01291333302142769,0.01291333302142769,0.04482589762736384,0.18013227248726413
3.7199999999999647,3,0.1995,0.0012103915243228123,0.03925708029617176,0.12332975505983783,0.0010233531693972973,0.004639619577665799,99.7990866204322,17.094976793814673,4.83791881229939,0.02067004509165616,0.02067004509165616,0.04482589762736384,0.18013227248726413
3.7199999999999647,4,0.266,0.0012208932639989137,0.03942701591072045,0.12386362353808726,0.0010367294143759807,0.004724587384940139,105.41058062097747,23.417120932067178,3.501432132787479,0.02855974247325774,0.02855974247325774,0.04482589762736384,0.18013227248726413
3.7199999999999647,5,0.3325,0.0012342564784657587,0.03964220171393319,0.12453964967661722,0.001050819719542642,0.004832180286546503,110.72912766277148,29.62271539434274,2.737980336668197,0.03652327179299189,0.03652327179299189,0.04482589762736384,0.18013227248726413
3.7199999999999647,6,0.399,0.0012619003718266613,0.0400836806559192,0.12592659667747505,0.0010722315035442344,0.005052919757539525,114.89099140883238,35.56057240846395,2.2308532632474334,0.04482589762736384,0.04482589762736384,0.04482589762736384,0.18013227248726413
3.7299999999999645,0,0.0,0.0010880064450259769,0.03721952217229283,0.11692857742659757,0.0008293723420714864,0.003620840515726339,95.67292624859134,3.6797279326381283,25.0,0.0,0.0,0.0448122801014706,0.18058039528827882
3.7299999999999645,1,0.0665,0.0011205326732192404,0.03777176869979139,0.11866351106035752,0.0008599500761883436,0.0038969637794755915,94.65097469152414,5.326376977009698,16.770235771907853,0.00596294538491295,0.00596294538491295,0.0448122801014706,0.18058039528827882
3.7299999999999645,2,0.133,0.0011965085790064402,0.039031295628071026,0.12262043160523935,0.000995260447933184,0.0045267272436154676,94.46221155923443,10.800400870033837,7.74617643325849,0.012909594928750445,0.012909594928750445,0.0448122801014706,0.18058039528827882
3.7299999999999645,3,0.1995,0.0012116529301610505,0.039277530792748185,0.12339400218964458,0.0010225248288212568,0.004649844825954012,99.69007906141177,17.072183950201506,4.839327841839187,0.020664026755003853,0.020664026755003853,0.0448122801014706,0.18058039528827882
3.7299999999999645,4,0.266,0.001222176673587159,0.03944773341351883,0.12392870949267937,0.0010358751399186395,0.0047349461363393255,105.29291250010803,23.38567052511342,3.5024542865698898,0.028551407618208912,0.028551407618208912,0.0448122801014706,0.18058039528827882
3.7299999999999645,5,0.3325,0.001235564403496223,0.0396632003070668,0.12460561870254148,0.001049929656680226,0.004842679583113305,110.60302010634537,29.58258250304844,2.738788528518357,0.03651249410413534,0.03651249410413534,0.0448122801014706,0.18058039528827882
3.7299999999999645,6,0.399,0.0012632497298044462,0.040105105795434956,0.1259939057383799,0.0010712569757880576,0.0050636323272974055,114.75730044508022,35.511741736475344,2.2315311734543566,0.0448122801014706,0.0448122801014706,0.0448122801014706,0.18058039528827882
3.7399999999999642,0,0.0,0.0010889757854403428,0.037236098523901216,0.1169806535710338,0.0008288175804191228,0.00362912869153053,95.58766905789508,3.6764488099190418,25.0,0.0,0.0,0.044798685651833044,0.18102838214479716
3.7399999999999642,1,0.0665,0.001121552582076771,0.03778895472224621,0.118717502542246,0.0008593011227407422,0.003905556790702999,94.56333498163482,5.320064892325908,16.77484615235439,0.005961306535497779,0.005961306535497779,0.044798685651833044,0.18102838214479716
3.7399999999999642,2,0.133,0.0011977282960861314,0.03905118475059532,0.12268291512644801,0.000994456126214684,0.004536671804877614,94.36276920722123,10.786268583182032,7.748416422186243,0.012905862895244943,0.012905862895244943,0.044798685651833044,0.18102838214479716
3.7399999999999642,3,0.1995,0.001212913972494079,0.039297964758257885,0.12345819738557356,0.0010216982754849765,0.004660061808708862,99.5813365318636,17.049451772827688,4.840735400687187,0.020658018198186186,0.020658018198186186,0.044798685651833044,0.18102838214479716
3.7399999999999642,4,0.266,0.001223459700390796,0.03946843386717284,0.12399374188580478,0.0010350226827004934,0.004745296363166331,105.17553594591928,23.354304890597103,3.5034753309341693,0.028543086665130286,0.028543086665130286,0.044798685651833044,0.18102838214479716
3.7399999999999642,5,0.3325,0.0012368719140914604,0.039684181140518957,0.12467153193478098,0.0010490416726080232,0.004853169999839385,110.47723146449822,29.542559247465793,2.7395958332206827,0.0365017345943469,0.0365017345943469,0.044798685651833044,0.18102838214479716
3.7399999999999642,6,0.399,0.0012645985834547836,0.04012651149390762,0.12606115372344656,0.00107028492363318,0.005074335176533737,114.62395932928337,35.46304787950992,2.232208345958656,0.044798685651833044,0.044798685651833044,0.044798685651833044,0.18102838214479716
3.749999999999964,0,0.0,0.0010899449093807025,0.03725266380014044,0.11703269492117163,0.0008282638119612528,0.0036374113296501424,95.5025826932838,3.673176257433992,25.0,0.0,0.0,0.044785115018093624,0.18147623329497808
3.749999999999964,1,0.0665,0.0011225721856669183,0.03780612779181311,0.11877145333143697,0.0008586534783450433,0.0039141433254864496,94.47588281727636,5.313768086257038,16.779451659100197,0.005959670317698722,0.005959670317698722,0.044785115018093624,0.18147623329497808
3.749999999999964,2,0.133,0.0011989476493367089,0.03907105782037088,0.1227453482164592,0.000993653488778237,0.004546608339765396,94.26356327174068,10.77217350765618,7.750654007266416,0.012902137020469204,0.012902137020469204,0.044785115018093624,0.18147623329497808
3.749999999999964,3,0.1995,0.001214174651909831,0.03931838222799417,0.12352234075850196,0.0010208734868141906,0.004670270543577004,99.47285804705542,17.02678003348206,4.84214148837587,0.02065201940919359,0.02065201940919359,0.044785115018093624,0.18147623329497808
3.749999999999964,4,0.266,0.0012247423450974465,0.03948911730957971,0.12405872083652117,0.0010341721203438402,0.004755638084369769,105.05844945246017,23.3230232933001,3.5044953276979247,0.028534779090628497,0.028534779090628497,0.044785115018093624,0.18147623329497808
3.749999999999964,5,0.3325,0.0012381790110259454,0.03970514425486084,0.12473738950079379,0.00104815571709425,0.004863651557010328,110.35176015775036,29.50264485266671,2.7404022828745065,0.03649099280967844,0.03649099280967844,0.044785115018093624,0.18147623329497808
3.749999999999964,6,0.399,0.001265946933744644,0.04014789779776652,0.12612834077853713,0.0010693151929449963,0.005085028328463187,114.49096726215848,35.414490893817245,2.2328847421648694,0.044785115018093624,0.044785115018093624,0.044785115018093624,0.18147623329497808
3.759999999999964,0,0.0,0.0010909138171419895,0.03726921802081666,0.11708470153923395,0.0008277110338109978,0.0036456884399882522,95.41766662233591,3.6699102547052274,25.0,0.0,0.0,0.04477156765983199,0.1819239489715764
3.759999999999964,1,0.0665,0.0011235914845229996,0.03782328793511174,0.11882536351155851,0.0008580071649316332,0.003922723397135766,94.38861759404311,5.307486530217427,16.784052216930707,0.005958036754623906,0.005958036754623906,0.04477156765983199,0.1819239489715764
3.759999999999964,2,0.133,0.0012001666393384194,0.03909091487133013,0.12280773098187472,0.000992852547962281,0.004556536865245019,94.16459272819068,10.758115343358432,7.752889304753886,0.012898417102212772,0.012898417102212772,0.04477156765983199,0.1819239489715764
3.759999999999964,3,0.1995,0.0012154349689946222,0.039338783237130116,0.12358643241892928,0.0010200504567970975,0.004680471048144975,99.36464242310751,17.004168299631594,4.843546163046405,0.020646030126221373,0.020646030126221373,0.04477156765983199,0.1819239489715764
3.759999999999964,4,0.266,0.0012260246083706675,0.039509783778147595,0.12412364646234966,0.001033323428394045,0.00476597131865371,104.94165200481233,23.291825492082804,3.505514264671241,0.028526484974773978,0.028526484974773978,0.04477156765983199,0.1819239489715764
3.759999999999964,5,0.3325,0.0012394856949761496,0.03972608968898373,0.12480319152276052,0.0010472717061445586,0.004874124274071774,110.2266051745666,29.462839103987843,2.741207857991094,0.03648026898379222,0.03648026898379222,0.04477156765983199,0.1819239489715764
3.759999999999964,6,0.399,0.0012672947820204616,0.04016926475932787,0.1261954670680078,0.001068348078067477,0.005095711809243862,114.35832245479736,35.36606982995618,2.233560387248126,0.04477156765983199,0.04477156765983199,0.04477156765983199,0.1819239489715764
3.7699999999999636,0,0.0,0.0010918825090184053,0.03728576120567852,0.11713667348726296,0.000827159243093087,0.003653960032419183,95.33292031488105,3.666650781341579,25.0,0.0,0.0,0.04475804384976457,0.18237152941007406
3.7699999999999636,1,0.0665,0.0011246104791613417,0.03784043517841437,0.11887923316514737,0.0008573621651316487,0.003931297018787082,94.30153889100949,5.301220378936396,16.7886471699427,0.005956406075352723,0.005956406075352723,0.04475804384976457,0.18237152941007406
3.7699999999999636,2,0.133,0.001201385266647838,0.039110755936931536,0.1228700635278075,0.0009920532800701328,0.00456645739804572,94.06585700301643,10.74409423920217,7.755122107901534,0.01289470347579854,0.01289470347579854,0.04475804384976457,0.18237152941007406
3.7699999999999636,3,0.1995,0.0012166949243531426,0.03935916782104239,0.12365047247799454,0.0010192291956134043,0.004690663340101109,99.25668903560667,16.981616694453336,4.844949324997227,0.02064005076050145,0.02064005076050145,0.04475804384976457,0.18237152941007406
3.7699999999999636,4,0.266,0.0012273064908809854,0.039530433310296716,0.1241885188808494,0.0010324766074559632,0.00477629608472827,104.82514284836304,23.260711500695734,3.5065320914722533,0.028518204708063568,0.028518204708063568,0.04475804384976457,0.18237152941007406
3.7699999999999636,5,0.3325,0.0012407919667025901,0.03974701748301944,0.12486893812675894,0.0010463897017855613,0.004884588171089629,110.10176526092,29.423141533903756,2.7420125629362766,0.03646956303253231,0.03646956303253231,0.04475804384976457,0.18237152941007406
3.7699999999999636,6,0.399,0.0012686421292349766,0.040190612424532535,0.12626253273618607,0.0010673832602334662,0.005106385641846197,114.22602373456891,35.31778437405569,2.2342352658588323,0.04475804384976457,0.04475804384976457,0.04475804384976457,0.18237152941007406
3.7799999999999634,0,0.0,0.0010928509853034229,0.0373022933744174,0.11718861082712091,0.0008266084369437945,0.003662226116788621,95.248343242988,3.6633978170379997,25.0,0.0,0.0,0.04474454323088485,0.1828189748423829
3.7799999999999634,1,0.0665,0.001125629170096983,0.03785756954791078,0.11893306237448117,0.0008567184748202581,0.003939864203535285,94.21464591321144,5.294969409242517,16.793237057943553,0.005954778084472874,0.005954778084472874,0.04474454323088485,0.1828189748423829
3.7799999999999634,2,0.133,0.0012026035318201283,0.03913058105052312,0.1229323459590234,0.0009912556795791938,0.004576369954841512,93.9673550399846,10.730109856326957,7.757352561919691,0.012890995890903955,0.012890995890903955,0.04474454323088485,0.1828189748423829
3.7799999999999634,3,0.1995,0.001217954518568235,0.039379536014660634,0.12371446104543253,0.0010184096809122043,0.004700847436910231,99.14899668316362,16.959124761765466,4.846351039689037,0.02063408101911174,0.02063408101911174,0.04474454323088485,0.1828189748423829
3.7799999999999634,4,0.266,0.0012285879931225267,0.039551065940508015,0.12425333820034547,0.001031631510565025,0.00478661239983392,104.70892068438081,23.2296807854555,3.5075488402725212,0.028509938009082844,0.028509938009082844,0.04474454323088485,0.1828189748423829
3.7799999999999634,5,0.3325,0.0012420978270131773,0.03976792767775048,0.12493462944091112,0.0010455097365522318,0.004895043268455151,109.97723932202655,29.383551835678272,2.7428163871084275,0.03645887507089875,0.03645887507089875,0.04474454323088485,0.1828189748423829
3.7799999999999634,6,0.399,0.001269988976528253,0.04021194084216165,0.1263295379363224,0.0010664208814556882,0.005117049850660754,114.09406947424132,35.26963372867567,2.2349093940683065,0.04474454323088485,0.04474454323088485,0.04474454323088485,0.1828189748423829
3.789999999999963,0,0.0,0.0010938192462897898,0.03731881454666762,0.1172405136204909,0.0008260586125108821,0.00367048670291373,95.16393488095277,3.660151341575107,25.0,0.0,0.0,0.0447310653139945,0.18326628549552285
3.789999999999963,1,0.0665,0.001126647557828254,0.037874691069449386,0.11898685122076513,0.0008560760769301392,0.0039484249643045866,94.12793780875498,5.288733338437166,16.797822613716804,0.005953152518609273,0.005953152518609273,0.0447310653139945,0.18326628549552285
3.789999999999963,2,0.133,0.0012038214354310175,0.03915039024570022,0.1229945783810653,0.0009904597588548916,0.0045862745524300605,93.86908589897209,10.716161968463568,7.759580731909241,0.012887294230830825,0.012887294230830825,0.0447310653139945,0.18326628549552285
3.789999999999963,3,0.1995,0.0012192137522413177,0.03939988785312193,0.12377839823162957,0.0010175919230647028,0.004711023356140878,99.0415642673492,16.936692143261286,4.847751345398076,0.020628120725484207,0.020628120725484207,0.0447310653139945,0.18326628549552285
3.789999999999963,4,0.266,0.0012298691159178129,0.03957168170845198,0.12431810454546634,0.0010307883971983367,0.004796920283805904,104.59298371373075,23.198732296830364,3.5085646222152085,0.02850168395554956,0.02850168395554956,0.0447310653139945,0.18326628549552285
3.789999999999963,5,0.3325,0.0012434032766148902,0.03978882031223535,0.1250002655879229,0.001044631724243367,0.004905489585697585,109.85302506691639,29.344068505527027,2.7436194318529927,0.036448203726440934,0.036448203726440934,0.0447310653139945,0.18326628549552285
3.789999999999963,6,0.399,0.001271335324856065,0.040233250057949164,0.1263964828120942,0.001065460789375816,0.005127704458554512,113.96245793380297,35.22161699094038,2.2355827945978777,0.0447310653139945,0.0447310653139945,0.0447310653139945,0.18326628549552285
3.799999999999963,0,0.0,0.0010947872922695292,0.03733532474200669,0.11729238192887745,0.0008255097669535393,0.003678741800583265,95.07969470528668,3.6569113348187186,25.0,0.0,0.0,0.04471761111899081,0.18371346160671276
3.799999999999963,1,0.0665,0.0011276656428828929,0.037891799769312874,0.11904059978656874,0.0008554349931745668,0.0039569793142363325,94.0414143378875,5.282512492165856,16.802402640287948,0.005951529798495905,0.005951529798495905,0.04471761111899081,0.18371346160671276
3.799999999999963,2,0.133,0.0012050389780326651,0.03917018355558774,0.12305676089799816,0.000989665494376023,0.004596171207373821,93.77104883180937,10.702250539315186,7.761806545953799,0.012883598606580789,0.012883598606580789,0.04471761111899081,0.18371346160671276
3.799999999999963,3,0.1995,0.0012204726259518104,0.03942022337111513,0.12384228414556396,0.0010167758996598737,0.004721191115137476,98.93439103445814,16.914318823029294,4.849150182728988,0.020622170118831492,0.020622170118831492,0.04471761111899081,0.18371346160671276
3.799999999999963,4,0.266,0.0012311498598020297,0.03959228064907471,0.12438281802599843,0.00102994703113643,0.004807219754117268,104.4773321523989,23.16786701848249,3.5095792404648494,0.028493444127722516,0.028493444127722516,0.04471761111899081,0.18371346160671276
3.799999999999963,5,0.3325,0.001244708316169874,0.039809695424710315,0.12506584668791712,0.0010437556237481395,0.004915927141935067,109.72912318350805,29.304693008090197,2.744421521604575,0.03643755130645281,0.03643755130645281,0.04471761111899081,0.18371346160671276
3.799999999999963,6,0.399,0.0012726811755365385,0.04025454012323522,0.12646336752479134,0.0010645032643025831,0.005138349491197538,113.83118858541519,35.173734454404105,2.236255414760555,0.04471761111899081,0.04471761111899081,0.04471761111899081,0.18371346160671276
3.8099999999999627,0,0.0,0.0010957551235339443,0.03735182397995553,0.11734421581360736,0.0008249618974423257,0.0036869914195576886,94.99562219470477,3.6536777767194137,25.0,0.0,0.0,0.044704179230873435,0.18416050339902149
3.8099999999999627,1,0.0665,0.001128683425771878,0.037908895673442,0.11909430815338728,0.0008547952064564491,0.003965527266300897,93.95507475676865,5.276306691840638,16.806977540191557,0.005949909777701783,0.005949909777701783,0.044704179230873435,0.18416050339902149
3.8099999999999627,2,0.133,0.0012062561601977335,0.03918996101355739,0.12311889361466229,0.0009888728984823569,0.004606059936358644,93.67324306605023,10.68837550329385,7.764029953586757,0.012879909093318593,0.012879909093318593,0.044704179230873435,0.18416050339902149
3.8099999999999627,3,0.1995,0.0012217311402774802,0.039440542603210595,0.12390611889584166,0.0010159616047733392,0.00473135073118521,98.82747598552906,16.892004534858078,4.850547564179859,0.02061622913224813,0.02061622913224813,0.044704179230873435,0.18416050339902149
3.8099999999999627,4,0.266,0.001232430225476987,0.03961286279990595,0.12444747875984494,0.0010291075415621896,0.00481751082953289,104.36196400429144,23.137083699240574,3.5105928370616946,0.02848521735254786,0.02848521735254786,0.044704179230873435,0.18416050339902149
3.8099999999999627,5,0.3325,0.0012460129464843784,0.039830553055611576,0.1251313728679278,0.0010428815450631566,0.004926355957385698,109.605530683158,29.265423124695843,2.745222825453242,0.036426915539539056,0.036426915539539056,0.044704179230873435,0.18416050339902149
3.8099999999999627,6,0.399,0.0012740265295123079,0.040275811083288815,0.1265301922166305,0.0010635480026798376,0.005148984971224336,113.7002589590978,35.125984488634394,2.236927323585406,0.044704179230873435,0.044704179230873435,0.044704179230873435,0.18416050339902149
3.8199999999999625,0,0.0,0.0010967227403736201,0.037368312279978715,0.11739601533583038,0.0008244150011591117,0.0036952355695692796,94.91171683011373,3.6504506473120664,25.0,0.0,0.0,0.044690770967368586,0.18460741110869516
3.8199999999999625,1,0.0665,0.0011297009070202486,0.037925978807953814,0.11914797640326988,0.0008541567255905999,0.003974068833556803,93.86891843048676,5.270115864025266,16.811547383854013,0.0059482924276227575,0.0059482924276227575,0.044690770967368586,0.18460741110869516
3.8199999999999625,2,0.133,0.0012074729824754027,0.039209722652513,0.12318097663442813,0.0009880819477806624,0.0046159407558364505,93.57566770653949,10.67453667015358,7.766250995060112,0.012876225615629358,0.012876225615629358,0.044690770967368586,0.18460741110869516
3.8199999999999625,3,0.1995,0.0012229892958347693,0.039460845584511225,0.1239699025927417,0.0010151490650314081,0.004741502221835524,98.7208181609347,16.86974904822635,4.851943492384909,0.020610297740884513,0.020610297740884513,0.044690770967368586,0.18460741110869516
3.8199999999999625,4,0.266,0.0012337102135495392,0.039633428196850895,0.12451208685980533,0.0010282698472471464,0.004827793528005361,104.24687862420036,23.106382446173697,3.511605348307698,0.028477004128095344,0.028477004128095344,0.044690770967368586,0.18460741110869516
3.8199999999999625,5,0.3325,0.001247317168327452,0.03985139324467336,0.12519684425278374,0.0010420094530891831,0.0049367760519165894,109.48224763362379,29.226259698546805,2.7460232257864834,0.036416297961703946,0.036416297961703946,0.044690770967368586,0.18460741110869516
3.8199999999999625,6,0.399,0.0012753713879105225,0.04029706298617117,0.12659695703860052,0.0010625951441177461,0.005159610922665514,113.56966877507301,35.07836762588926,2.2375984534483866,0.044690770967368586,0.044690770967368586,0.044690770967368586,0.18460741110869516
3.8299999999999623,0,0.0,0.0010976901430784253,0.03738478966148465,0.11744778055651983,0.0008238690752970222,0.00370347426032225,94.82797809460062,3.6472299267154087,25.0,0.0,0.0,0.044677386003288584,0.18505418496872805
3.8299999999999623,1,0.0665,0.0011307180871209088,0.037943049198366226,0.11920160461638342,0.0008535195206205331,0.003982604028763008,93.78294472929873,5.263939939115261,16.8161122303879,0.005946677723718622,0.005946677723718622,0.044677386003288584,0.18505418496872805
3.8299999999999623,2,0.133,0.001208689445413364,0.039229468505248805,0.1232430100603218,0.0009872926367902142,0.004625813682204352,93.47832194595586,10.660733932522106,7.7684696511172415,0.012872548196879196,0.012872548196879196,0.044677386003288584,0.18505418496872805
3.8299999999999623,3,0.1995,0.001224247093177893,0.03948113234902422,0.12403363534310083,0.0010143382256498073,0.004751645604092022,98.61441666818595,16.84755219882562,4.8533379510799195,0.020604376000181265,0.020604376000181265,0.044677386003288584,0.18505418496872805
3.8299999999999623,4,0.266,0.0012349898245997393,0.039653976875288696,0.12457664243702651,0.0010274339218901993,0.0048380678672242635,104.13207484847632,23.07576283798607,3.5126167910280195,0.028468804298670315,0.028468804298670315,0.044677386003288584,0.18505418496872805
3.8299999999999623,5,0.3325,0.0012486209823662259,0.03987221602989662,0.1252622609618684,0.0010411392611631095,0.00494718744452822,109.35927242434818,29.18720188827784,2.746822763036735,0.036405698010688374,0.036405698010688374,0.044677386003288584,0.18505418496872805
3.8299999999999623,6,0.399,0.0012767157516675959,0.040318295876803384,0.12666366213182514,0.0010616445316106993,0.00517022736798162,113.43941645132693,35.03088310337966,2.2382688188749285,0.044677386003288584,0.044677386003288584,0.044677386003288584,0.18505418496872805
3.839999999999962,0,0.0,0.0010986573319375164,0.03740125614382586,0.11749951153647344,0.0008233241170603785,0.0037117075014928536,94.74440547342114,3.6440155951315827,25.0,0.0,0.0,0.044664022419337965,0.18550082519292144
3.839999999999962,1,0.0665,0.0011317349665808797,0.03796010687037517,0.11925519287345406,0.0008528836004470274,0.003991132864767479,93.69715296395637,5.2577787830541745,16.82067234664615,0.005945065568079916,0.005945065568079916,0.044664022419337965,0.18550082519292144
3.839999999999962,2,0.133,0.0012099055495799597,0.039249198604808924,0.12330499399615448,0.0009865049780059673,0.004635678731984412,93.38120475770478,10.646966960335206,7.770686065392354,0.01286887659062197,0.01286887659062197,0.044664022419337965,0.18550082519292144
3.839999999999962,3,0.1995,0.0012255045328998869,0.03950140293129258,0.1240973172554391,0.0010135291134180592,0.004761780895226202,98.50827024012354,16.82541344001416,4.854731034772162,0.02059846349545359,0.02059846349545359,0.044664022419337965,0.18550082519292144
3.839999999999962,4,0.266,0.0012362690593601424,0.0396745088729511,0.12464114561004623,0.0010265998831199483,0.004848333866055463,104.01755111450998,23.045224049054163,3.5136272441134775,0.028460617206203097,0.028460617206203097,0.044664022419337965,0.18550082519292144
3.839999999999962,5,0.3325,0.0012499243893343114,0.03989302145024108,0.12532762311757742,0.00104027101722303,0.004957590154700451,109.23660304533938,29.148248442733813,2.747621516948141,0.03639511460482111,0.03639511460482111,0.044664022419337965,0.18550082519292144
3.839999999999962,6,0.399,0.0012780596218979411,0.040339509802794195,0.12673030764587168,0.0010606962995404975,0.005180834330977025,113.30949918208773,34.983528918633276,2.238938514339978,0.044664022419337965,0.044664022419337965,0.044664022419337965,0.18550082519292144
3.849999999999962,0,0.0,0.0010996243072393381,0.037417711746299154,0.11755120833631393,0.0008227801236646416,0.0037199353027295,94.66099845398817,3.640807632845699,25.0,0.0,0.0,0.04465068249663693,0.1859473320178878
3.849999999999962,1,0.0665,0.0011327515459057759,0.037977151849594014,0.11930874125494857,0.0008522489609423765,0.003999655354376902,93.61154272576064,5.251632541035015,16.825227106866713,0.005943456178323323,0.005943456178323323,0.04465068249663693,0.1859473320178878
3.849999999999962,2,0.133,0.001211121295519947,0.039268912983769715,0.12336692854426778,0.0009857189480394237,0.0046455359214648065,93.2843155083596,10.63323581481096,7.772900096734855,0.012865211022332165,0.012865211022332165,0.04465068249663693,0.1859473320178878
3.849999999999962,3,0.1995,0.0012267616155718245,0.039521657365414756,0.12416094843687993,0.0010127217061088097,0.004771908112287291,98.40237827826778,16.80333289295859,4.856122645734356,0.02059256062814652,0.02059256062814652,0.04465068249663693,0.1859473320178878
3.849999999999962,4,0.266,0.0012375479184240743,0.03969502422523781,0.12470559649007597,0.0010257676143357027,0.00485859154219882,103.90330725150302,23.0147666519695,3.514636573237272,0.028452443920223506,0.028452443920223506,0.04465068249663693,0.1859473320178878
3.849999999999962,5,0.3325,0.0012512273900504613,0.03991380954592051,0.12539293084624603,0.0010394047839714883,0.004967984202540166,109.11423974580033,29.109400370469547,2.748419354473988,0.03638454948194713,0.03638454948194713,0.04465068249663693,0.1859473320178878
3.849999999999962,6,0.399,0.0012794029999059564,0.040360704814622124,0.12679689373932307,0.0010597505913963496,0.005191431836890989,113.1799174453443,34.93630635973764,2.239607423862602,0.04465068249663693,0.04465068249663693,0.04465068249663693,0.1859473320178878
3.8599999999999617,0,0.0,0.0011005910692716285,0.03743415648814588,0.1176028710164898,0.0008222370923363552,0.0037281576736528637,94.57775652586038,3.637606020225399,25.0,0.0,0.0,0.044637366128036815,0.18639370567916816
3.8599999999999617,1,0.0665,0.0011337678255999666,0.03799418416155658,0.11936224984108383,0.0008516155981281979,0.004008171510358184,93.5261132297565,5.245500979488014,16.829777097646275,0.00594184934356531,0.00594184934356531,0.044637366128036815,0.18639370567916816
3.8599999999999617,2,0.133,0.0012123366837766814,0.03928861167460055,0.12342881380666727,0.0009849345415416217,0.0046553852668802225,93.18765325808698,10.619540245864728,7.775111831642095,0.012861551340397907,0.012861551340397907,0.044637366128036815,0.18639370567916816
3.8599999999999617,3,0.1995,0.0012280183417833668,0.039541895685698776,0.12422452899520521,0.0010119160142009543,0.0047820272724293,98.29673961622204,16.781310105992798,4.857512851819546,0.020586667097039508,0.020586667097039508,0.044637366128036815,0.18639370567916816
3.8599999999999617,4,0.266,0.001238826402429316,0.039715522968167015,0.12476999519027018,0.0010249371464603767,0.004868840913663424,103.78934148995629,22.98438960789695,3.5156448903170547,0.028444283515500796,0.028444283515500796,0.044637366128036815,0.18639370567916816
3.8599999999999617,5,0.3325,0.0012525299851808475,0.03993458035460999,0.12545818426623404,0.0010385404344740543,0.004978369606884907,108.9921804859788,29.07065639277056,2.749216358013971,0.03637400152538006,0.03637400152538006,0.044637366128036815,0.18639370567916816
3.8599999999999617,6,0.399,0.001280745886427809,0.04038188095367495,0.12686342054220281,0.0010588069526415683,0.005202019906417404,113.05066983481241,34.889214837950135,2.2402755510520547,0.044637366128036815,0.044637366128036815,0.044637366128036815,0.18639370567916816
3.8699999999999615,0,0.0,0.0011015576183214192,0.03745059038855214,0.11765449963727592,0.000821695020313089,0.0037363746238559944,94.4946791807308,3.6344107377204153,25.0,0.0,0.0,0.04462407130314743,0.18683994639219964
3.8699999999999615,1,0.0665,0.0011347838061664735,0.03801120383171567,0.11941571871182215,0.0008509835079544026,0.004016681345437728,93.44086394936367,5.239384120738204,16.83432208749724,0.005940245142052346,0.005940245142052346,0.04462407130314743,0.18683994639219964
3.8699999999999615,2,0.133,0.0012135517149140878,0.039308294710020036,0.12349064988614147,0.0009841517709742928,0.004665226784589966,93.0912172113198,10.605880144326846,7.777321254296362,0.01285789756270616,0.01285789756270616,0.04462407130314743,0.18683994639219964
3.8699999999999615,3,0.1995,0.0012292747121023693,0.03956211792601186,0.12428805903681192,0.0010111120156540594,0.00479213839258584,98.19135339127652,16.75934492894617,4.858901634137487,0.020580782969019953,0.020580782969019953,0.04462407130314743,0.18683994639219964
3.8699999999999615,4,0.266,0.001240104511967692,0.03973600513692545,0.12483434182117127,0.0010241084379218036,0.004879081998042642,103.67565308037581,22.95409289736564,3.5166521519251277,0.02843613632507179,0.02843613632507179,0.04462407130314743,0.18683994639219964
3.8699999999999615,5,0.3325,0.0012538321753601091,0.03995533391338138,0.12552338349400607,0.0010376779385693781,0.0049887463862706,108.87042422281675,29.032016214116325,2.7500125179001644,0.036363470838437245,0.036363470838437245,0.04462407130314743,0.18683994639219964
3.8699999999999615,6,0.399,0.0012820882827566812,0.040403038270003945,0.12692988821175166,0.0010578658164496898,0.005212598564581901,112.92175351546553,34.842252296910054,2.2409429951082656,0.04462407130314743,0.04462407130314743,0.04462407130314743,0.18683994639219964
3.8799999999999613,0,0.0,0.0011025239546750395,0.03746701346664901,0.11770609425877439,0.0008211539048433847,0.003744586162904428,94.4117659124157,3.6312217658621426,25.0,0.0,0.0,0.044610798699819154,0.18728605437919782
3.8799999999999613,1,0.0665,0.0011357994881069958,0.038028210885443746,0.11946914794687348,0.0008503526864039035,0.0040251848723017675,93.35579431543748,5.2332819420718515,16.838861989246848,0.00593864360096657,0.00593864360096657,0.044610798699819154,0.18728605437919782
3.8799999999999613,2,0.133,0.001214766389472587,0.03932796212228208,0.12355243688401904,0.0009833706131022254,0.004675060490720988,92.99500660702826,10.592255433725843,7.779528325094132,0.01285424974640606,0.01285424974640606,0.044610798699819154,0.18728605437919782
3.8799999999999613,3,0.1995,0.0012305307271151256,0.03958232412042895,0.12435153866874965,0.0010103097208543923,0.004802241489794384,98.08621876435423,16.7374372304245,4.860288968615689,0.020574908332761557,0.020574908332761557,0.044610798699819154,0.18728605437919782
3.8799999999999613,4,0.266,0.0012413822477635352,0.03975647076872841,0.12489863649969453,0.0010232815901479971,0.004889314813944122,103.56224093513302,22.923876156241494,3.5176583676027264,0.028428002253143674,0.028428002253143674,0.044610798699819154,0.18728605437919782
3.8799999999999613,5,0.3325,0.0012551339613878162,0.039976070261833696,0.12558852865396614,0.0010368174226158128,0.004999114560496758,108.74896945217398,28.993479072227938,2.7508078689439395,0.036352956936389354,0.036352956936389354,0.044610798699819154,0.18728605437919782
3.8799999999999613,6,0.399,0.0012834301898155761,0.04042417680769947,0.12699629688648353,0.0010569268847762216,0.005223167833429663,112.79316771297867,34.79541877092838,2.2416097203927756,0.044610798699819154,0.044610798699819154,0.044610798699819154,0.18728605437919782
3.889999999999961,0,0.0,0.0011034900786181172,0.03748342574151275,0.11775765494091499,0.0008206137431866974,0.003752792300336295,94.32901621684329,3.6280390852632034,25.0,0.0,0.0,0.04459754952997343,0.18773202987449755
3.889999999999961,1,0.0665,0.0011368148719219178,0.038045205348033344,0.11952253762569666,0.0008497231294799528,0.004033682103596567,93.27090375230378,5.227194411787071,16.84339674491203,0.005937044737143505,0.005937044737143505,0.04459754952997343,0.18773202987449755
3.889999999999961,2,0.133,0.0012159807079911834,0.03934761394353456,0.12361417490129548,0.0009825910626240796,0.004684886401347229,92.8990205872545,10.578665935841368,7.781733079641467,0.012850607824318664,0.012850607824318664,0.04459754952997343,0.18773202987449755
3.889999999999961,3,0.1995,0.001231786387386232,0.039602514302587113,0.12441496799669238,0.001009509107908277,0.004812336580873467,97.9813347202076,16.715586700699387,4.861674883126179,0.020569043056967537,0.020569043056967537,0.04459754952997343,0.18773202987449755
3.889999999999961,4,0.266,0.001242659610365568,0.03977691989788338,0.12496287933362009,0.0010224564577486165,0.004899539378521608,103.44910428990751,22.893739348803148,3.518663496328994,0.028419881612529747,0.028419881612529747,0.04459754952997343,0.18773202987449755
3.889999999999961,5,0.3325,0.0012564353440248572,0.03999678943884592,0.12565361986825618,0.0010359588506114843,0.005009474149002873,108.62781613890154,28.955045680655914,2.7516023057588495,0.036342461187326834,0.036342461187326834,0.04459754952997343,0.18773202987449755
3.889999999999961,6,0.399,0.0012847716087007414,0.04044529661346044,0.12706264671310746,0.001055990288048456,0.005233727736310147,112.66491210616725,34.74871472080763,2.2422756643342323,0.04459754952997343,0.04459754952997343,0.04459754952997343,0.18773202987449755
3.899999999999961,0,0.0,0.001104455990435583,0.037499827232165016,0.11780918174345607,0.0008200745326133434,0.0037609930456624285,94.24642959204267,3.6248626766170258,25.0,0.0,0.0,0.04458432263439119,0.18817787310084147
3.899999999999961,1,0.0665,0.0011378299581103922,0.03806218724469871,0.1195758878275046,0.0008490948332682516,0.0040421730519292496,93.18619149919016,5.22112131063925,16.847926902081667,0.005935448354043154,0.005935448354043154,0.04458432263439119,0.18817787310084147
3.899999999999961,2,0.133,0.0012171946710074807,0.03936725020581995,0.12367586403863523,0.0009818131142696812,0.0046947045324899255,92.80325828080484,10.565111455925239,7.783935566411648,0.012846971708181734,0.012846971708181734,0.04458432263439119,0.18817787310084147
3.899999999999961,3,0.1995,0.001233041693498796,0.03962268850633285,0.124478347126972,0.0010087101872867511,0.0048224236827463345,97.87670024274357,16.693793024396008,4.863059407751632,0.020563187001294236,0.020563187001294236,0.04458432263439119,0.18817787310084147
3.899999999999961,4,0.266,0.0012439366003738326,0.03979735255942768,0.12502707043302094,0.0010216330772148839,0.0049097557092937566,103.33624147326643,22.863681517300844,3.5196676394863338,0.028411773565811507,0.028411773565811507,0.04458432263439119,0.18817787310084147
3.899999999999961,5,0.3325,0.001257736323909953,0.04001749148125087,0.12571865725258985,0.001035102120247098,0.005019825170205344,108.50696192118356,28.91671442013777,2.75239594459662,0.036331982030534345,0.036331982030534345,0.04458432263439119,0.18817787310084147
3.899999999999961,6,0.399,0.001286112540499703,0.04046639773372502,0.12712893783751317,0.0010550560132288778,0.0052442782964424355,112.5369845155637,34.70213875560205,2.242940883503804,0.04458432263439119,0.04458432263439119,0.04458432263439119,0.18817787310084147
3.9099999999999606,0,0.0,0.0011054216904116713,0.0375162179575731,0.11786067472598513,0.0008195362704044427,0.0037691884083664727,94.16400553813264,3.6216925206974095,25.0,0.0,0.0,0.04457111747877129,0.18862358427562917
3.9099999999999606,1,0.0665,0.0011388447471702178,0.03807915660057402,0.11962919863125861,0.0008484677937653021,0.004050657729866902,93.1016571025022,5.215062724137269,16.852452027392264,0.005933854600948176,0.005933854600948176,0.04457111747877129,0.18862358427562917
3.9099999999999606,2,0.133,0.0012184082790796674,0.03938687094143109,0.1237375043974892,0.0009810367805570075,0.004704514900295495,92.70771893412704,10.551591913599353,7.786135750250281,0.012843341447878758,0.012843341447878758,0.04457111747877129,0.18862358427562917
3.9099999999999606,3,0.1995,0.0012342966459941162,0.03964284676475299,0.1245416761635339,0.001007912921007161,0.004832502811956406,97.77231452080179,16.67205608895042,4.864442513818162,0.020557340274026337,0.020557340274026337,0.04457111747877129,0.18862358427562917
3.9099999999999606,4,0.266,0.0012452132184475402,0.03981776878925228,0.1250912099106519,0.0010208114912301227,0.004919963824206058,103.22365183040408,22.833702720499588,3.520670742451779,0.02840367853608499,0.02840367853608499,0.04457111747877129,0.18862358427562917
3.9099999999999606,5,0.3325,0.0012590369017764743,0.040038176427288096,0.12578364092710032,0.0010342473018613535,0.005030167643223958,108.38640585982944,28.878485082660692,2.7531887683716185,0.03632151966795408,0.03632151966795408,0.04457111747877129,0.18862358427562917
3.9099999999999606,6,0.399,0.0012874529863090328,0.040487480214950876,0.12719517040565176,0.001054124061292709,0.005254819537055363,112.40938325863767,34.65568997675253,2.243605403154383,0.04457111747877129,0.04457111747877129,0.04457111747877129,0.18862358427562917
3.9199999999999604,0,0.0,0.0011063871788299245,0.03753259793665014,0.11791213394791951,0.0008189989538518661,0.0037773783979049916,94.08174355731093,3.618528598358113,25.0,0.0,0.0,0.04455793506713166,0.1890691636263005
3.9199999999999604,1,0.0665,0.0011398592395978902,0.03809611344071448,0.11968247011567199,0.0008478420070231387,0.0040591361499371335,93.01730000045274,5.2090186271766,16.85697204367075,0.00593226350147189,0.00593226350147189,0.04455793506713166,0.1890691636263005
3.9199999999999604,2,0.133,0.0012196215327424501,0.039406476182198766,0.1237990960778568,0.0009802620383838599,0.004714317520679334,92.61240179476927,10.538107227815358,7.788333596598697,0.012839717092199514,0.012839717092199514,0.04455793506713166,0.1890691636263005
3.9199999999999604,3,0.1995,0.0012355512454720872,0.03966298911178838,0.12460495521300632,0.0010071173517693151,0.004842573985474099,97.66817665520347,16.6503756877068,4.865824200430098,0.020551502865878476,0.020551502865878476,0.04455793506713166,0.1890691636263005
3.9199999999999604,4,0.266,0.0012464894651586231,0.039838168621759484,0.125155297874591,0.001019991625360243,0.00493016374045966,103.1113343962216,22.803802707251712,3.5216727981702682,0.028395596561939636,0.028395596561939636,0.04455793506713166,0.1890691636263005
3.9199999999999604,5,0.3325,0.001260337078339605,0.04005884431480723,0.12584857101069566,0.0010333943759566922,0.0050405015869835245,108.26614723832637,28.840357685294098,2.7539807383710793,0.03631107458621801,0.03631107458621801,0.04455793506713166,0.1890691636263005
3.9199999999999604,6,0.399,0.001288792947033226,0.040508544100454576,0.12726134455360624,0.0010531942751848265,0.005265351479807211,112.28210785510797,34.609368684501405,2.244269171121563,0.04455793506713166,0.04455793506713166,0.04455793506713166,0.1890691636263005
3.92999999999996,0,0.0,0.0011073524559731935,0.0375489671882553,0.11796355946850705,0.0008184625802581802,0.0037855630237075733,93.99964315384301,3.6153708905324238,25.0,0.0,0.0,0.04454477444258392,0.18951461137072634
3.92999999999996,1,0.0665,0.0011408734358886823,0.03811305779009796,0.11973570235921498,0.0008472174691740183,0.004067608324628874,92.93311945179303,5.202988812787849,16.861487463394695,0.005930674871780687,0.005930674871780687,0.04454477444258392,0.18951461137072634
3.92999999999996,2,0.133,0.0012208344325512108,0.039426065960206,0.12386063918052978,0.000979488900361681,0.004724112409682951,92.51730595935777,10.524657161874451,7.790529186499444,0.012836098499354123,0.012836098499354123,0.04454477444258392,0.18951461137072634
3.92999999999996,3,0.1995,0.001236805492490872,0.03968311558062228,0.1246681843796376,0.0010063234416949742,0.004852637219891049,97.56428571133166,16.628751579122227,4.867204476963011,0.020545674724230405,0.020545674724230405,0.04454477444258392,0.18951461137072634
3.92999999999996,4,0.266,0.0012477653411893086,0.039858552093022526,0.12521933443816563,0.0010191735631520824,0.004940355476091181,102.99928801783078,22.773981029556776,3.522673830462716,0.028387527433064854,0.028387527433064854,0.04454477444258392,0.18951461137072634
3.92999999999996,5,0.3325,0.0012616368543397413,0.040079495181958504,0.12591344762322834,0.0010325433575634746,0.005050827020559159,108.14618460065945,28.80233150086639,2.75477188703999,0.03630064633317072,0.03630064633317072,0.04454477444258392,0.18951461137072634
3.92999999999996,6,0.399,0.0012901324237598207,0.04052958943631216,0.12732746042612875,0.0010522667928790786,0.005275874147736002,112.15515632307186,34.56317366193309,2.244932233945762,0.04454477444258392,0.04454477444258392,0.04454477444258392,0.18951461137072634
3.93999999999996,0,0.0,0.0011083175221236411,0.03756532573119403,0.1180149513468268,0.0008179271469365936,0.003793742295176939,93.91770383405157,3.6122193782327527,25.0,0.0,0.0,0.044531636788140545,0.18995992773860773
3.93999999999996,1,0.0665,0.0011418873365213302,0.038129989673369516,0.11978889543931234,0.0008465941635778393,0.004076074266264652,92.84911503992817,5.196973396271524,16.865997756798432,0.005929088894826367,0.005929088894826367,0.044531636788140545,0.18995992773860773
3.93999999999996,2,0.133,0.0012220469790378318,0.03944564030707462,0.12392213380485105,0.0009787173434310673,0.004733899583117262,92.42243073851276,10.511241691340086,7.792722444452683,0.012832485785655804,0.012832485785655804,0.044531636788140545,0.18995992773860773
3.93999999999996,3,0.1995,0.0012380593876070247,0.039703226204325794,0.12473136376732367,0.0010055311851757541,0.004862692531742806,97.46064085816082,16.607183619218258,4.868583324711173,0.02053985591505358,0.02053985591505358,0.044531636788140545,0.18995992773860773
3.93999999999996,4,0.266,0.0012490408471404943,0.03987891923772239,0.12528331971032933,0.0010183572349930416,0.004950539048441111,102.8875119934479,22.74423769422357,3.52367379275053,0.028379471506623608,0.028379471506623608,0.044531636788140545,0.18995992773860773
3.93999999999996,5,0.3325,0.0012629362304737855,0.04010012906610134,0.1259782708820665,0.0010316942071415722,0.005061143962630575,108.02651741404888,28.764406723462326,2.7555621589071277,0.036290235615537916,0.036290235615537916,0.044531636788140545,0.18995992773860773
3.93999999999996,6,0.399,0.0012914714173796376,0.04055061626539016,0.1273935181578885,0.0010513414539001615,0.0052863875622750035,112.02852833272215,34.51710535137348,2.2455945303728773,0.044531636788140545,0.044531636788140545,0.044531636788140545,0.18995992773860773
3.9499999999999598,0,0.0,0.0011092823775627446,0.03758167358421825,0.11806630964178966,0.0008173926512109037,0.003801916221689048,93.83592510630542,3.609074042550209,25.0,0.0,0.0,0.04451852055791665,0.1904051129441869
3.9499999999999598,1,0.0665,0.0011429009420037446,0.038146909115605115,0.11984204943474254,0.0008459721117800967,0.004084533987382452,92.7652860353586,5.1909721764781604,16.870503420477906,0.005927505392554979,0.005927505392554979,0.04451852055791665,0.1904051129441869
3.9499999999999598,2,0.133,0.0012232591727108437,0.03946519925396889,0.12398358004872603,0.0009779473447132608,0.0047436790565643944,92.32777516035839,10.497860504594376,7.794913508324029,0.012828878716000126,0.012828878716000126,0.04451852055791665,0.1904051129441869
3.9499999999999598,3,0.1995,0.0012393129313756322,0.03972332101586057,0.1247944934796166,0.0010047405767386187,0.004872739937510192,97.35724096020974,16.585671356198766,4.869960815533899,0.020534046122306818,0.020534046122306818,0.04451852055791665,0.1904051129441869
3.9499999999999598,4,0.266,0.001250315983563752,0.03989927008966215,0.1253472537972776,0.0010175425969880965,0.004960714474410992,102.77600485196069,22.714571930102192,3.5246727593293588,0.028371428166008537,0.028371428166008537,0.04451852055791665,0.1904051129441869
3.9499999999999598,5,0.3325,0.0012642352073775197,0.04012074600352687,0.12604304090122206,0.0010308468712766394,0.005071452431343341,107.90714383209198,28.726582227263048,2.75635162507019,0.036279841472494835,0.036279841472494835,0.04451852055791665,0.1904051129441869
3.9499999999999598,6,0.399,0.0012928099291594417,0.04057162463633993,0.1274595179017282,0.0010504185474887117,0.00529689174774989,111.90222146080555,34.47116208598994,2.24625613669943,0.04451852055791665,0.04451852055791665,0.04451852055791665,0.1904051129441869
3.9599999999999596,0,0.0,0.0011102470225712979,0.03759801076602656,0.118117634412139,0.0008168590904154427,0.0038100848125932024,93.75430648100911,3.605934864654196,25.0,0.0,0.0,0.04450542585371944,0.1908501672027241
3.9599999999999596,1,0.0665,0.0011439142528121284,0.038163816141295125,0.11989516442244433,0.0008453512845002871,0.004092987500227455,92.68163204835972,5.1849852920108574,16.875003848355302,0.00592592457451477,0.00592592457451477,0.04450542585371944,0.1908501672027241
3.9599999999999596,2,0.133,0.0012244710141434136,0.039484742833015424,0.12404497801308349,0.0009771789523267025,0.004753450846087661,92.23333862805299,10.48451366041206,7.79710224197734,0.012825277506511197,0.012825277506511197,0.04450542585371944,0.1908501672027241
3.9599999999999596,3,0.1995,0.0012405661243701702,0.03974340004839723,0.12485757362072496,0.0010039516268329682,0.004882779453778522,97.25408524273033,16.56421469566807,4.871336916936034,0.02052824547042372,0.02052824547042372,0.04450542585371944,0.1908501672027241
3.9599999999999596,4,0.266,0.0012515907511692975,0.03991960468508596,0.12541113681287472,0.0010167297711903445,0.004970881772122895,102.66476561897427,22.684983456250976,3.5256707291397387,0.028363397402229883,0.028363397402229883,0.04450542585371944,0.1908501672027241
3.9599999999999596,5,0.3325,0.0012655337858659065,0.0401413460332719,0.12610775780333278,0.0010300014872515926,0.005081752446215857,107.78806246323971,28.688857333969413,2.7571403143900004,0.036269463501034896,0.036269463501034896,0.04450542585371944,0.1908501672027241
3.9599999999999596,6,0.399,0.0012941479599834944,0.04059261459168803,0.12752545979124896,0.0010494977674050836,0.005307386725423941,111.77623453717894,34.42534347075749,2.246917046219944,0.04450542585371944,0.04450542585371944,0.04450542585371944,0.1908501672027241
3.9699999999999593,0,0.0,0.0011112114574294135,0.03761433729526446,0.1181689257164514,0.000816326461895025,0.0038182480772121527,93.67284747059192,3.602801825791997,25.0,0.0,0.0,0.044492354461550906,0.1912950907473396
3.9699999999999593,1,0.0665,0.0011449272694366794,0.03818071077510777,0.11994824047991523,0.000844731690632121,0.004101434817133777,92.5981523198709,5.179012507453891,16.879499651062645,0.005924346222768785,0.005924346222768785,0.044492354461550906,0.1912950907473396
3.9699999999999593,2,0.133,0.0012256825038412403,0.03950427107517205,0.12410632779518027,0.0009764121078311882,0.004763214967165973,92.13912025235302,10.471200926426278,7.799288725309488,0.012821682017680637,0.012821682017680637,0.044492354461550906,0.1912950907473396
3.9699999999999593,3,0.1995,0.0012418189671424636,0.03976346333467396,0.12492060429349881,0.0010031643138367135,0.004892811096916889,97.15117294851353,16.54281355874739,4.872711591864772,0.020522454102753555,0.020522454102753555,0.044492354461550906,0.1912950907473396
3.9699999999999593,4,0.266,0.0012528651504546365,0.039939923056753784,0.12547496886003928,0.0010159185833912157,0.004981040957956808,102.5537938585887,22.65547253704242,3.5266676159991794,0.028355379890732314,0.028355379890732314,0.044492354461550906,0.1912950907473396
3.9699999999999593,5,0.3325,0.0012668319665455898,0.04016192919096962,0.12617242170034362,0.0010291578848859776,0.005092044025064716,107.66927362197943,28.651233079049344,2.7579280907358394,0.03625910346825581,0.03625910346825581,0.044492354461550906,0.1912950907473396
3.9699999999999593,6,0.399,0.0012954855109234707,0.04061358617678571,0.12759134396892596,0.0010485792548840678,0.005317872517972782,111.65056773214229,34.37965042429798,2.2475771671381723,0.044492354461550906,0.044492354461550906,0.044492354461550906,0.1912950907473396
3.979999999999959,0,0.0,0.0011121756824165258,0.03763065319052456,0.11822018361313727,0.0008157947630048952,0.0038264060248422017,93.59154758949767,3.599674907288372,25.0,0.0,0.0,0.044479303444381446,0.19173988378178342
3.979999999999959,1,0.0665,0.0011459399923663138,0.0381975930416342,0.1200012776844106,0.0008441133263215841,0.004109875950396993,92.51484631816597,5.17305381356309,16.883990704988182,0.00592277037741179,0.00592277037741179,0.044479303444381446,0.19173988378178342
3.979999999999959,2,0.133,0.0012268936423527417,0.03952378401200561,0.12416762949418654,0.0009756468416780548,0.004772971435582754,92.04511922325209,10.457922141949245,7.801472986114225,0.012818092195921097,0.012818092195921097,0.044479303444381446,0.19173988378178342
3.979999999999959,3,0.1995,0.0012430714602628846,0.039783510907640984,0.12498358560145433,0.0010023786483512335,0.0049028348834004015,97.04850293140017,16.521467472995997,4.874084919516016,0.020516671672993696,0.020516671672993696,0.044479303444381446,0.19173988378178342
3.979999999999959,4,0.266,0.0012541391820988575,0.03996022524023205,0.12553875005050644,0.001015109173913459,0.004991192049695942,102.44308774618584,22.626038031208722,3.5276635531542575,0.028347374542162643,0.028347374542162643,0.044479303444381446,0.19173988378178342
3.979999999999959,5,0.3325,0.0012681297501507872,0.0401824955141801,0.12623703271025302,0.0010283161605239256,0.005102327186669956,107.55077433987397,28.613707198537924,2.758715135848231,0.0362487589604835,0.0362487589604835,0.044479303444381446,0.19173988378178342
3.979999999999959,6,0.399,0.0012968225828585574,0.04063453943384996,0.1276571705673878,0.0010476628532124948,0.005328349146504908,111.52521755445275,34.33408021111323,2.248236646175084,0.044479303444381446,0.044479303444381446,0.044479303444381446,0.19173988378178342
3.989999999999959,0,0.0,0.0011131396978113933,0.03764695847034678,0.11827140816044147,0.0008152639911106751,0.0038345586647533085,93.51040635417392,3.5965540905451507,25.0,0.0,0.0,0.04446627484592723,0.1921845465302427
3.989999999999959,1,0.0665,0.001146952422088661,0.03821446296538863,0.12005427611294413,0.0008434961877214942,0.004118310912274208,92.43171354068971,5.167109227941568,16.88847679875967,0.00592119710922327,0.00592119710922327,0.04446627484592723,0.1921845465302427
3.989999999999959,2,0.133,0.0012281044302028604,0.03954328167462491,0.12422888320783351,0.0009748831309649635,0.004782720266892404,91.95133487172777,10.444677287101376,7.80365494731779,0.01281450815997076,0.01281450815997076,0.04446627484592723,0.1921845465302427
3.989999999999959,3,0.1995,0.0012443236042801304,0.03980354279981683,0.12504651764675145,0.0010015946087923143,0.004912850829488324,96.94607457724805,16.50017649601303,4.875456823184487,0.020510898491494244,0.020510898491494244,0.04446627484592723,0.1921845465302427
3.989999999999959,4,0.266,0.0012554128466966345,0.03998051126965109,0.1256024804914998,0.001014301470951878,0.005001335064405461,102.33264709192525,22.596680440563993,3.528658417818964,0.02833938232587818,0.02833938232587818,0.04446627484592723,0.1921845465302427
3.989999999999959,5,0.3325,0.0012694271373730136,0.04020304503968918,0.1263015909486271,0.0010274762754540923,0.005112601949424497,107.43256510128442,28.576280885801353,2.759501298668444,0.03623843193994999,0.03623843193994999,0.04446627484592723,0.1921845465302427
3.989999999999959,6,0.399,0.001298159177035991,0.04065547441074915,0.12772293973701734,0.0010467488449593595,0.005338816634954501,111.40018438565698,34.28863395323607,2.248895378497379,0.04446627484592723,0.04446627484592723,0.04446627484592723,0.1921845465302427
3.9999999999999587,0,0.0,0.0011141035038920997,0.03766325315321854,0.11832259941644399,0.000814734143588311,0.0038427060061891915,93.42942328306167,3.5934393570408334,25.0,0.0,0.0,0.0444532683333982,0.19262907921357666
3.9999999999999587,1,0.0665,0.0011479645590900909,0.03823132057080907,0.12010723584229012,0.0008428802710223725,0.004126739714984431,92.34875342595562,5.1611787069496495,16.89295792095047,0.005919626418768324,0.005919626418768324,0.0444532683333982,0.19262907921357666
3.9999999999999587,2,0.133,0.0012293148679151855,0.03956276409403794,0.12429008903353563,0.0009741209706511595,0.004792461476598915,91.85776638660475,10.431466195275062,7.805834641750723,0.012810929847928679,0.012810929847928679,0.0444532683333982,0.19262907921357666
3.9999999999999587,3,0.1995,0.0012455753997613834,0.03982355904393155,0.12510940053221473,0.0010008122057358234,0.004922858951545682,96.84388686817792,16.47894027709217,4.8768273468897325,0.02050513436030834,0.02050513436030834,0.0444532683333982,0.19262907921357666
3.9999999999999587,4,0.266,0.001256686144851383,0.04000078117919151,0.1256661602904009,0.0010134954770208847,0.00501147001917567,102.22247051807305,22.567399070357805,3.529652274033736,0.028331402709456874,0.028331402709456874,0.0444532683333982,0.19262907921357666
3.9999999999999587,5,0.3325,0.001270724128863232,0.04022357780354462,0.12636609652871325,0.001026638192771879,0.005122868331352216,107.31464405914667,28.538952996686263,2.7602866535295556,0.03622812140620643,0.03622812140620643,0.0444532683333982,0.19262907921357666
3.9999999999999587,6,0.399,0.0012994952943359312,0.04067639114948335,0.12778865160976177,0.0010458369367100247,0.005349275004321601,111.275466744548,34.24331092809103,2.2495533792926756,0.0444532683333982,0.0444532683333982,0.0444532683333982,0.19262907921357666
4.009999999999959,0,0.0,0.001115067100936058,0.03767953725757502,0.11837375743906059,0.0008142052178240246,0.0038508480583674316,93.34859789658498,3.5903306883301913,25.0,0.0,0.0,0.0444532683333982,0.19307361189691064
4.009999999999959,1,0.0665,0.0011489764707494762,0.03824816699566761,0.12016016044686495,0.0008423212429268099,0.004135162927413699,92.26733140849159,5.156628200665347,16.89295792095047,0.005919626418768324,0.005919626418768324,0.0444532683333982,0.19307361189691064
4.009999999999959,2,0.133,0.0012305250026159156,0.03958223205070582,0.12435124942318386,0.0009733978333941627,0.0048021954549328566,91.76731917287108,10.42119491294768,7.805834641750723,0.012810929847928679,0.012810929847928679,0.0444532683333982,0.19307361189691064
4.009999999999959,3,0.1995,0.0012468268725139154,0.03984356007591672,0.12517223562736354,0.0010000515992585517,0.004932859467538268,96.74655936797859,16.462379045248113,4.8768273468897325,0.02050513436030834,0.02050513436030834,0.0444532683333982,0.19307361189691064
4.009999999999959,4,0.266,0.001257959109160392,0.04002103551187586,0.12572979115316543,0.0010127166342174755,0.005021597185517845,102.11889677882418,22.54453335507043,3.529652274033736,0.028331402709456874,0.028331402709456874,0.0444532683333982,0.19307361189691064
4.009999999999959,5,0.3325,0.00127202077500874,0.04024409462847682,0.12643055203519524,0.0010258412466098944,0.005133126743818314,107.205111095257,28.509824109986397,2.7602866535295556,0.03622812140620643,0.03622812140620643,0.0444532683333982,0.19307361189691064
4.009999999999959,6,0.399,0.00130083105059308,0.040697291490153206,0.1278543119664677,0.0010450170334928251,0.005359725174656529,111.1610553443495,34.20810258194489,2.2495533792926756,0.0444532683333982,0.0444532683333982,0.0444532683333982,0.19307361189691064
4.019999999999959,0,0.0,0.0011160304892200124,0.03769581080179931,0.11842488228604349,0.0008136772112142586,0.003858984830479574,93.2679297171406,3.5872280660438696,25.0,0.0,0.0,0.04442906808852587,0.19351790257779589
4.019999999999959,1,0.0665,0.0011499880364475709,0.0382650002479732,0.12021304366864421,0.0008416626152794306,0.0041435795535664935,92.18360293341895,5.149618734621473,16.90105397777472,0.005916790759410764,0.005916790759410764,0.04442906808852587,0.19351790257779589
4.019999999999959,2,0.133,0.0012317347502320342,0.039601684214436064,0.12441236019785522,0.0009726081865121615,0.004811921536797978,91.6718057178559,10.405679643688648,7.809785507230906,0.012804448970770354,0.012804448970770354,0.04442906808852587,0.19351790257779589
4.019999999999959,3,0.1995,0.001248077976368629,0.039863545181350546,0.12523502068777567,0.0009992552716914852,0.004942852020255183,96.64092671455074,16.437329724076076,4.879356826005559,0.020494504412349793,0.020494504412349793,0.04442906808852587,0.19351790257779589
4.019999999999959,4,0.266,0.0012592316804775107,0.04004127335097224,0.12579337019979514,0.0010118919548190565,0.005031716105066036,102.00373058998387,22.50989070933491,3.53150714533157,0.02831652206401273,0.02831652206401273,0.04442906808852587,0.19351790257779589
4.019999999999959,5,0.3325,0.0012733169833763706,0.04026459407739858,0.12649495295333046,0.001024972446087918,0.005143376468279193,107.0806651586119,28.465596942204098,2.7617572319324992,0.03620883068350887,0.03620883068350887,0.04442906808852587,0.19351790257779589
4.019999999999959,6,0.399,0.0013021662324076005,0.0407181721215498,0.12791991040466558,0.0010440315698299542,0.0053701654903548285,111.02830611452364,34.154372367010765,2.250778697422774,0.04442906808852587,0.04442906808852587,0.04442906808852587,0.19351790257779589
4.0299999999999585,0,0.0,0.0011169936690200396,0.037712073804222625,0.11847597401498187,0.0008131501211656276,0.0038671163316912303,93.18741826908783,3.5841314718879933,25.0,0.0,0.0,0.044414652718146166,0.19396204910497736
4.0299999999999585,1,0.0665,0.0011509993005590067,0.038281821083044634,0.12026588788053189,0.0008410417535718324,0.004151989971102212,92.10094600090926,5.143519635927143,16.90621063397722,0.00591498604654938,0.00591498604654938,0.044414652718146166,0.19396204910497736
4.0299999999999585,2,0.133,0.0012329441423380217,0.03962112111581837,0.12447342302444642,0.000971845069115444,0.004821639987489132,91.57844526122798,10.392134668657613,7.8122843074220345,0.012800353400476649,0.012800353400476649,0.044414652718146166,0.19396204910497736
4.0299999999999585,3,0.1995,0.001249328730221964,0.03988351468579935,0.12529775673624785,0.0009984752224401314,0.004952836772479584,96.53888580052511,16.41568685508977,4.880892261939848,0.020488057230801545,0.020488057230801545,0.044414652718146166,0.19396204910497736
4.0299999999999585,4,0.266,0.001260503883686884,0.04006149511691236,0.12585689875111522,0.0010110882970058106,0.005041826988036094,101.89365960576689,22.480155680834496,3.53260471379371,0.02830772421537328,0.02830772421537328,0.044414652718146166,0.19396204910497736
4.0299999999999585,5,0.3325,0.0012746127929759699,0.040285076793303225,0.12655930130314208,0.0010241357952322232,0.005153617826231516,106.96276413719836,28.427724311658142,2.762621410160967,0.03619750416477566,0.03619750416477566,0.044414652718146166,0.19396204910497736
4.0299999999999585,6,0.399,0.0013035009274137961,0.04073903444342053,0.12798545132179148,0.0010431160935364656,0.005380596651290193,110.90339245791614,34.10828173299122,2.2515092177934277,0.044414652718146166,0.044414652718146166,0.044414652718146166,0.19396204910497736
4.039999999999958,0,0.0,0.0011179566406115521,0.03772832628312452,0.11852703268330271,0.0008126239450948669,0.0038752425711421792,93.10706307873816,3.581040887643775,25.0,0.0,0.0,0.04440150656181043,0.19440606417059547
4.039999999999958,1,0.0665,0.0011520102719140978,0.038298629664025016,0.12031869359505712,0.0008404290490191096,0.004160394261592403,92.01863055988721,5.1376046970279425,16.910803961449034,0.005913379412827829,0.005913379412827829,0.04440150656181043,0.19440606417059547
4.039999999999958,2,0.133,0.0012341531850814142,0.03964054287603174,0.12453443828365253,0.00097108801066854,0.004831350867595817,91.48565037251561,10.378975247419651,7.814516673528067,0.01279669673477738,0.01279669673477738,0.04440150656181043,0.19440606417059547
4.039999999999958,3,0.1995,0.0012505791371613638,0.039903468661942505,0.1253604440011091,0.0009976988071576543,0.004962813760551161,96.43754717722854,16.39456282815866,4.8822884262330675,0.020482198360647665,0.020482198360647665,0.04440150656181043,0.19440606417059547
4.039999999999958,4,0.266,0.0012617757221899055,0.040081700888048105,0.1259203770532754,0.0010102885567872676,0.005051929873603967,101.78441061784633,22.451057270685574,3.533613245499428,0.028299644882575817,0.028299644882575817,0.04440150656181043,0.19440606417059547
4.039999999999958,5,0.3325,0.0012759082087431268,0.040305542879658075,0.1266235974096822,0.0010233043177423804,0.005163850869408939,106.84584801762563,28.39064926936915,2.7634168561584214,0.03618708475963179,0.03618708475963179,0.04440150656181043,0.19440606417059547
4.039999999999958,6,0.399,0.0013048351474701815,0.040759878669095334,0.12805093538804121,0.001042211283740213,0.005391018764127595,110.77974976842513,34.063271937907246,2.2521758323851477,0.04440150656181043,0.04440150656181043,0.04440150656181043,0.19440606417059547
4.049999999999958,0,0.0,0.0011189194042693007,0.0377445682567331,0.1185780583482712,0.0008120986804287824,0.003883363557946467,93.02686367434539,3.5779562951671307,25.0,0.0,0.0,0.04438856612086405,0.19484994983180412
4.049999999999958,1,0.0665,0.0011530209525742192,0.03831542604129181,0.1203714609704854,0.0008398188633395207,0.004168792450225798,91.93651748753332,5.131735934807088,16.915286105030148,0.0059118125096484595,0.0059118125096484595,0.04438856612086405,0.19484994983180412
4.049999999999958,2,0.133,0.001235361880071622,0.03965994954315458,0.12459540612651629,0.0009703333561417354,0.004841054201157234,91.3931340572971,10.365915387190745,7.816696899748231,0.012793127491385897,0.012793127491385897,0.04438856612086405,0.19484994983180412
4.049999999999958,3,0.1995,0.0012518291981870695,0.039923407149013324,0.1254230826056145,0.0009969243535408795,0.00497278300408657,96.33652983198071,16.373577445788072,4.883657994164388,0.020476454354398415,0.020476454354398415,0.04438856612086405,0.19484994983180412
4.049999999999958,4,0.266,0.001263047197124043,0.04010189070661432,0.12598380523896033,0.0010094909283106341,0.005062024782887074,101.6755175475219,22.422130244711404,3.5346056078460077,0.028291699582556853,0.028291699582556853,0.04438856612086405,0.19484994983180412
4.049999999999958,5,0.3325,0.0012772032320958677,0.04032599238416856,0.1266878414228219,0.0010224752255242398,0.005174075621664181,106.72932645972335,28.353782423912097,2.7642006581003256,0.03617682374358604,0.03617682374358604,0.04438856612086405,0.19484994983180412
4.049999999999958,6,0.399,0.0013061688953521459,0.04078070486964879,0.12811636282670213,0.0010413100276728442,0.005401431864404324,110.65655795738263,34.01852426103385,2.2528324012024528,0.04438856612086405,0.04438856612086405,0.04438856612086405,0.19484994983180412
4.059999999999958,0,0.0,0.0011198819602673755,0.03776079974322518,0.11862905106699158,0.0008115743246041987,0.003891479301192509,92.94681958609537,3.5748776763882835,25.0,0.0,0.0,0.0443756809146607,0.19529370664095072
4.059999999999958,1,0.0665,0.0011540313433163313,0.03833221024379098,0.12042419009775315,0.0008392101249585262,0.004177184551475383,91.85457987919575,5.125887068591278,16.919743187873177,0.005910255190614987,0.005910255190614987,0.0443756809146607,0.19529370664095072
4.059999999999958,2,0.133,0.0012365702280385522,0.0396793411510431,0.12465632665940017,0.0009695803944262336,0.0048507500051014965,91.30084168443577,10.352901155299197,7.818865389988087,0.012789579435406083,0.012789579435406083,0.0443756809146607,0.19529370664095072
4.059999999999958,3,0.1995,0.0012530789139494855,0.039943330180573014,0.12548567265519964,0.0009961515779844503,0.0049827445198664146,96.23576410313775,16.352661723977306,4.885021394531191,0.020470739414150892,0.020470739414150892,0.0443756809146607,0.19529370664095072
4.059999999999958,4,0.266,0.0012643183092135412,0.040122064608185105,0.12604718341992938,0.0010086950785393965,0.005072111733672468,101.56690115005694,22.39329605620147,3.535594085620531,0.028283789818154152,0.028283789818154152,0.0443756809146607,0.19529370664095072
4.059999999999958,5,0.3325,0.0012784978638151047,0.04034642534437,0.12675203346048183,0.0010216480100719593,0.005184292101764901,106.61310780403545,28.317032843512695,2.764981606413613,0.03616660587109925,0.03616660587109925,0.0443756809146607,0.19529370664095072
4.059999999999958,6,0.399,0.0013075021720921768,0.04080151308879218,0.1281817337750973,0.0010404109571695176,0.005411835973976019,110.53370006620523,33.97392257047809,2.2534865480106316,0.0443756809146607,0.0443756809146607,0.0443756809146607,0.19529370664095072
4.069999999999958,0,0.0,0.0011208443088792104,0.03777702076072654,0.11868001089640759,0.000811050875067913,0.0038995898099431882,92.86693034609618,3.571805013311392,25.0,0.0,0.0,0.044362822800938735,0.1957373348689601
4.069999999999958,1,0.0665,0.0011550414446627796,0.03834898229617941,0.12047688105432228,0.0008386026194216014,0.004185570577669599,91.77281217121694,5.120053059293035,16.92419162622676,0.0059087017098668326,0.0059087017098668326,0.044362822800938735,0.1957373348689601
4.069999999999958,2,0.133,0.0012377782295172441,0.03969871773034529,0.12471719997858764,0.0009688289651097252,0.004860438294752594,91.20876225538856,10.33992219070416,7.821029846567651,0.01278603994125993,0.01278603994125993,0.044362822800938735,0.1957373348689601
4.069999999999958,3,0.1995,0.001254328284983793,0.03996323778826238,0.1255482142492671,0.0009953803844681788,0.004992698323711096,96.13523611765599,16.331802441785175,4.886382501890451,0.02046503726658972,0.02046503726658972,0.044362822800938735,0.1957373348689601
4.069999999999958,4,0.266,0.0012655890590555414,0.040142222626228366,0.126110511701325,0.001007900902163043,0.005082190742694098,101.45854580693995,22.364539755406792,3.5365809856387322,0.02827589708989494,0.02827589708989494,0.044362822800938735,0.1957373348689601
4.069999999999958,5,0.3325,0.0012797921046625738,0.040366841797398904,0.1268161736393298,0.001020822651445232,0.005194500328279354,106.49717415582438,28.28038331849381,2.7657613391039546,0.03615640966056666,0.03615640966056666,0.044362822800938735,0.1957373348689601
4.069999999999958,6,0.399,0.001308834978902077,0.04082230337292026,0.12824704837898013,0.001039514206403938,0.005422231116040058,110.41115332905267,33.92944482069375,2.2541396982043254,0.044362822800938735,0.044362822800938735,0.044362822800938735,0.1957373348689601
4.079999999999957,0,0.0,0.0011218064503775828,0.03779323132731207,0.11873093789330322,0.0008105283292766409,0.003907695093235955,92.787195488368,3.5687382880141536,25.0,0.0,0.0,0.04434998747991574,0.19618083474375927
4.079999999999957,1,0.0665,0.001156051257105046,0.038365742222547204,0.12052953391587404,0.0008379963183895675,0.004193950540853495,91.69121282173423,5.114232868261177,16.92863469138607,0.005907150920498261,0.005907150920498261,0.04434998747991574,0.19618083474375927
4.079999999999957,2,0.133,0.001238985885042408,0.03971807931162694,0.12477802618010395,0.0009680790640823688,0.004870119085393417,91.11689296596045,10.326976311018301,7.823191825156398,0.012782506454518753,0.012782506454518753,0.04434998747991574,0.19618083474375927
4.079999999999957,3,0.1995,0.0012555773118646662,0.03998313000427014,0.1256107074889407,0.000994610800387997,0.005002644431714976,96.03494226055894,16.31099662595014,4.887742144938661,0.02045934442420447,0.02045934442420447,0.04434998747991574,0.19618083474375927
4.079999999999957,4,0.266,0.0012668594472118081,0.040162364793565164,0.12617379018625766,0.0010071083668399044,0.005092261826362497,101.3504472271594,22.335857708958283,3.5375668374942504,0.028268017141078974,0.028268017141078974,0.04434998747991574,0.19618083474375927
4.079999999999957,5,0.3325,0.0012810859552788575,0.04038724177838669,0.1268802620697344,0.0010199990493893196,0.005204700318773247,106.38152076538915,28.24382977973823,2.7665402176338674,0.03614623035754267,0.03614623035754267,0.04434998747991574,0.19618083474375927
4.079999999999957,6,0.399,0.0013101673168081525,0.040843075765418325,0.12831230677464953,0.0010386196249032023,0.00543261731228909,110.28891327538058,33.885087268311665,2.25479206832439,0.04434998747991574,0.04434998747991574,0.04434998747991574,0.19618083474375927
4.089999999999957,0,0.0,0.001122768385034618,0.03780943146100601,0.11878183211430328,0.0008100066846969717,0.003915795160082924,92.70761454883345,3.56567748264744,25.0,0.0,0.0,0.044337173390272114,0.196624206477662
4.089999999999957,1,0.0665,0.0011570607811184769,0.03838249004666322,0.12058214875708052,0.00083739120580093,0.004202324452911504,91.60978112841234,5.108426291934361,16.93307290604428,0.0059056026366191864,0.0059056026366191864,0.044337173390272114,0.196624206477662
4.089999999999957,2,0.133,0.0012401931951475293,0.03973742592535766,0.1248388053596722,0.0009673306865357772,0.004879792392258775,91.02523286583127,10.314063184848822,7.825351487040116,0.012778978703463235,0.012778978703463235,0.044337173390272114,0.196624206477662
4.089999999999957,3,0.1995,0.0012568259951255363,0.040003006860046854,0.1256731524730253,0.0009938427888358165,0.0050125828596033345,95.93488160307732,16.290243988935227,4.889100351611607,0.02045366075724683,0.02045366075724683,0.044337173390272114,0.196624206477662
4.089999999999957,4,0.266,0.0012681294743209402,0.04018249114414928,0.12623701898139628,0.001006317529205634,0.005102325001654554,101.24260442864899,22.30724958712578,3.5385516503603065,0.028260149880762003,0.028260149880762003,0.044337173390272114,0.196624206477662
4.089999999999957,5,0.3325,0.001282379416324712,0.04040762532269151,0.12694429886277653,0.001019177215240835,0.0052148920909256555,106.26614619573252,28.207371460174098,2.7673182822358817,0.036136067412962714,0.036136067412962714,0.044337173390272114,0.196624206477662
4.089999999999957,6,0.399,0.001311499186663998,0.04086383030686924,0.12837750908960036,0.001037727072545966,0.00544299458301455,110.16697755971224,33.840848280574534,2.2554437361119803,0.044337173390272114,0.044337173390272114,0.044337173390272114,0.196624206477662
4.099999999999957,0,0.0,0.0011237301131217907,0.037825621179782117,0.11883269361587398,0.0008094859388053161,0.003923890019470977,92.62818706530769,3.562622579434911,25.0,0.0,0.0,0.04432438045224315,0.19706745028218442
4.099999999999957,1,0.0665,0.001158070017177193,0.038399225792223095,0.12063472565238378,0.0008367872779938558,0.004210692325691442,91.52851657923304,5.102633313762186,16.93750617595306,0.005904056887782837,0.005904056887782837,0.04432438045224315,0.19706745028218442
4.099999999999957,2,0.133,0.0012414001603206972,0.03975675760120388,0.12489953761049229,0.0009665837923110815,0.004889458230181886,90.93378115062637,10.301182623826428,7.8275088862417,0.012775456592041507,0.012775456592041507,0.04432438045224315,0.19706745028218442
4.099999999999957,3,0.1995,0.0012580743352984312,0.04002286838694057,0.1257355493000037,0.0009930763446859097,0.005022513623050193,95.8350531475786,16.26954416873891,4.8904571728395885,0.020447986040114146,0.020447986040114146,0.04432438045224315,0.19706745028218442
4.099999999999957,4,0.266,0.0012693991409333872,0.04020260171045193,0.12630019818875224,0.001005528315132701,0.005112380284805881,101.13501643694312,22.27871506949154,3.539535431979978,0.028252295229620313,0.028252295229620313,0.04432438045224315,0.19706745028218442
4.099999999999957,5,0.3325,0.0012836724884370788,0.04042799246520509,0.12700828412807183,0.0010183571256793334,0.005225075662182449,106.1510496246496,28.171008205551416,2.7680955133061707,0.0361259210599137,0.0361259210599137,0.04432438045224315,0.19706745028218442
4.099999999999957,6,0.399,0.001312830589485994,0.0408845670402848,0.1284426554589581,0.001036836670778056,0.005453362949722331,110.04534499129552,33.79672736586981,2.2560947040815154,0.04432438045224315,0.04432438045224315,0.04432438045224315,0.19706745028218442
4.109999999999957,0,0.0,0.001124691634909926,0.037841800501563876,0.11888352245432363,0.0008089660890878592,0.003931979680361856,92.54891257748864,3.5595735606726397,25.0,0.0,0.0,0.04431160797631183,0.19751056636194753
4.109999999999957,1,0.0665,0.001159078965739222,0.03841594948260306,0.12068726467522238,0.000836184518998323,0.004219054170881425,91.44741860069078,5.096853853534136,16.941934618604286,0.00590251362971192,0.00590251362971192,0.04431160797631183,0.19751056636194753
4.109999999999957,2,0.133,0.0012426067810928526,0.039776074369443366,0.12496022302768454,0.000965838411974209,0.004899116614301628,90.84253699130844,10.2883344091479,7.829664100977856,0.01277193998494915,0.01277193998494915,0.04431160797631183,0.19751056636194753
4.109999999999957,3,0.1995,0.0012593223329140078,0.04004271461619772,0.12579789806803937,0.0009923114628571377,0.005032436737678765,95.73545584194495,16.248896745833406,4.891812677466472,0.020442319972847203,0.020442319972847203,0.04431160797631183,0.19751056636194753
4.109999999999957,4,0.266,0.0012706684475494263,0.0402226965240667,0.12636332790757965,0.0010047406807386962,0.005122427691613268,101.02768187013672,22.250253419641496,3.540518256792264,0.028244452576443077,0.028244452576443077,0.04431160797631183,0.19751056636194753
4.109999999999957,5,0.3325,0.0012849651723405144,0.04044834324210791,0.12707221797928456,0.0010175388451405993,0.0052352510506338545,106.0362293083106,28.13473893536203,2.768871982495477,0.03611579034068375,0.03611579034068375,0.04431160797631183,0.19751056636194753
4.109999999999957,6,0.399,0.0013141615262944515,0.040905286008627466,0.1285077460176934,0.0010359484171333316,0.005463722433893664,109.92401390709021,33.7527235663064,2.256745005811077,0.04431160797631183,0.04431160797631183,0.04431160797631183,0.19751056636194753
4.119999999999957,0,0.0,0.001125652950669204,0.03785796944422468,0.11893431868580313,0.0008084471330405124,0.003940064151692261,92.46979062694739,3.5565304087287455,25.0,0.0,0.0,0.04429885645225443,0.19795355492647007
4.119999999999957,1,0.0665,0.0011600876272764233,0.038432661141356426,0.12073976589959126,0.0008355829376682101,0.004227410000258107,91.36648642039222,5.091087628884232,16.94635902592315,0.005900972583374883,0.005900972583374883,0.04429885645225443,0.19795355492647007
4.119999999999957,2,0.133,0.0012438130579716083,0.03979537625990513,0.12502086170495963,0.0009650945230883681,0.004908767559532512,90.75149957829532,10.275518341454152,7.83181719526302,0.01276842877033491,0.01276842877033491,0.04429885645225443,0.19795355492647007
4.119999999999957,3,0.1995,0.0012605699885212612,0.04006254557927666,0.1258601988759618,0.000991548153947046,0.0050423522192182355,95.63608891683225,16.228301580443883,4.89316685068755,0.02043666260551667,0.02043666260551667,0.04429885645225443,0.19795355492647007
4.119999999999957,4,0.266,0.0012719373948342385,0.040242775619114234,0.1264264082450717,0.0010039547523766166,0.005132467239137034,100.92059968645621,22.221864235161224,3.541500146813583,0.028236621729346434,0.028236621729346434,0.04429885645225443,0.19795355492647007
4.119999999999957,5,0.3325,0.0012862574686842857,0.04046867768830337,0.12713610052606703,0.0010167223097728082,0.0052454182737315825,105.92168415985111,28.09856322821225,2.76964769691501,0.03610567514106059,0.03610567514106059,0.04429885645225443,0.19795355492647007
4.119999999999957,6,0.399,0.001315491997932813,0.040925987251998266,0.12857278089178728,0.001035062168540083,0.005474073055579065,109.80298354886003,33.70883682553404,2.257394614865072,0.04429885645225443,0.04429885645225443,0.04429885645225443,0.19795355492647007
4.129999999999956,0,0.0,0.0011266140606691604,0.03787412802558806,0.11898508236630674,0.0008079290681688643,0.00394814344237395,92.39082075711853,3.5534931060430206,25.0,0.0,0.0,0.044286126026252905,0.1983964161867326
4.129999999999956,1,0.0665,0.001161096002259321,0.03844936079196214,0.12079222939925167,0.0008349825302854883,0.004235759825560962,91.28571982233495,5.085334912814486,16.950778343488246,0.005899434112912914,0.005899434112912914,0.044286126026252905,0.1983964161867326
4.129999999999956,2,0.133,0.0012450189914632033,0.039814663302321675,0.1250814537357249,0.0009643521208270821,0.004918411080740783,90.6606683384377,10.262734453518926,7.8339680568614565,0.012764923123781956,0.012764923123781956,0.044286126026252905,0.1983964161867326
4.129999999999956,3,0.1995,0.0012618173026478195,0.04008236130721668,0.1259224518212837,0.0009907863970009287,0.005052260083188245,95.53695166672655,16.20775859486295,4.8945196590605065,0.02043101406588176,0.02043101406588176,0.044286126026252905,0.1983964161867326
4.129999999999956,4,0.266,0.001273205983313969,0.04026283902743028,0.12648943930124337,0.0010031704158022492,0.005142498943295056,100.81376964340318,22.193547920122374,3.5424809952084173,0.028228803523649287,0.028228803523649287,0.044286126026252905,0.1983964161867326
4.129999999999956,5,0.3325,0.0012875493781377056,0.04048899583892016,0.1271999318787793,0.001015907530839598,0.005255577349039978,105.80741411253702,28.062481675106635,2.7704225641025726,0.03609557664442181,0.03609557664442181,0.044286126026252905,0.1983964161867326
4.129999999999956,6,0.399,0.0013168220054174298,0.04094667081308238,0.1286377602153392,0.0010341780542055578,0.005484414836121121,109.68225291600909,33.66506683115131,2.2580435222697015,0.044286126026252905,0.044286126026252905,0.044286126026252905,0.1983964161867326
4.139999999999956,0,0.0,0.0011275749651786897,0.03789027626342782,0.11903581355167256,0.0008074118919881339,0.0039562175612938314,92.31200251329054,3.550461635126559,25.0,0.0,0.0,0.04427341621163569,0.19883915034884894
4.139999999999956,1,0.0665,0.0011621040911424605,0.03846604845758265,0.12084465524697063,0.0008343832810254647,0.004244103658371217,91.20511811648356,5.079595502147781,16.955193101088412,0.005897898030638216,0.005897898030638216,0.04427341621163569,0.19883915034884894
4.139999999999956,2,0.133,0.0012462245820726086,0.03983393552633102,0.125141999213091,0.0009636112004674884,0.004928047192745458,90.5700424911967,10.249982567873413,7.836116734000208,0.012761422959169173,0.012761422959169173,0.04427341621163569,0.19883915034884894
4.139999999999956,3,0.1995,0.00126306427583971,0.0401021618312704,0.12598465700218808,0.0009900262026857122,0.005062160345215102,95.43804317536805,16.187267496386426,4.895871134314251,0.020425374209529043,0.020425374209529043,0.04427341621163569,0.19883915034884894
4.139999999999956,4,0.266,0.0012744742136437633,0.04028288678280753,0.1265524211822575,0.0010023877688625337,0.005152522820983682,100.70719027893708,22.165303647431752,3.543460891888382,0.028220997225881048,0.028220997225881048,0.04427341621163569,0.19883915034884894
4.139999999999956,5,0.3325,0.001288840901356682,0.04050929772878615,0.12726371214683627,0.0010150944932993987,0.005265728293972973,105.6934172855519,28.026493051050956,2.7711966707011366,0.03608549369926139,0.03608549369926139,0.04427341621163569,0.19883915034884894
4.139999999999956,6,0.399,0.0013181515497522223,0.040967336734262685,0.1287026841214989,0.0010332960590154888,0.005494747796711276,109.56182051795324,33.62141278737297,2.258691751320481,0.04427341621163569,0.04427341621163569,0.04427341621163569,0.19883915034884894
4.149999999999956,0,0.0,0.0011285356644660462,0.037906414175468285,0.11908651229758316,0.0008068956020231226,0.003964286517314062,92.23333544259637,3.547435978561399,25.0,0.0,0.0,0.04426072766209605,0.1992817576254699
4.149999999999956,1,0.0665,0.001163111894394042,0.03848272416155492,0.12089704351606337,0.000833785198613575,0.004252441510357353,91.12468086780204,5.073869445487578,16.95960299073981,0.005896364440523842,0.005896364440523842,0.04426072766209605,0.1992817576254699
4.149999999999956,2,0.133,0.0012474298303255874,0.039853192961829445,0.12520249823097984,0.0009628717749211656,0.00493767591049467,90.47962127698247,10.237262525168255,7.838263261740022,0.012757928211995386,0.012757928211995386,0.04426072766209605,0.1992817576254699
4.149999999999956,3,0.1995,0.0012643109086216753,0.040121947182273715,0.1260468145155488,0.000989267550165899,0.005072053020716761,95.33936263385336,16.166828097938282,4.8972212765725995,0.02041974302414749,0.02041974302414749,0.04426072766209605,0.1992817576254699
4.149999999999956,4,0.266,0.0012757420863944403,0.04030291891762114,0.12661535398982365,0.0010016067406804171,0.005162538888390486,100.60086112580395,22.13713158976512,3.5444397670886927,0.028213203375194413,0.028213203375194413,0.04426072766209605,0.1992817576254699
4.149999999999956,5,0.3325,0.0012901320390268064,0.040529583393106056,0.12732744144083685,0.0010142832159952945,0.005275871126132926,105.57969340553453,27.990597734582227,2.771969945289572,0.03607542721375126,0.03607542721375126,0.04426072766209605,0.1992817576254699
4.149999999999956,6,0.399,0.0013194806319413157,0.04098798505781695,0.12876755274308593,0.00103241617771312,0.005505071958488408,109.44168573728359,33.57787476744681,2.259339267158906,0.04426072766209605,0.04426072766209605,0.04426072766209605,0.1992817576254699
4.159999999999956,0,0.0,0.0011294961587988471,0.03792254177938445,0.11913717865956619,0.0008063801958081667,0.003972350319272144,92.15481909400393,3.544416119000151,25.0,0.0,0.0,0.04424806018964657,0.19972423822736637
4.159999999999956,1,0.0665,0.0011641194124811086,0.038499387927145176,0.12094939427962285,0.0008331882795127259,0.00426077339315248,91.04440747895556,5.068156628130927,16.964008249786787,0.005894833256831083,0.005894833256831083,0.04424806018964657,0.19972423822736637
4.159999999999956,2,0.133,0.0012486347367024447,0.0398724356379132,0.12526295088079997,0.000962133804187614,0.004947297248536546,90.3894040721737,10.224574300627065,7.840407572433621,0.01275443898498258,0.01275443898498258,0.04424806018964657,0.19972423822736637
4.159999999999956,3,0.1995,0.0012655572015169705,0.04014171739096092,0.12610892445792046,0.0009885104343600347,0.005081938125060361,95.24090933745043,16.14644031240827,4.898570055980659,0.02041412062238655,0.02041412062238655,0.04424806018964657,0.19972423822736637
4.159999999999956,4,0.266,0.0012770096021226195,0.04032293546393957,0.1266782378246879,0.0010008273159215861,0.005172547161549701,100.4947810768873,22.109031271748798,3.545417654969842,0.028205421682780736,0.028205421682780736,0.04424806018964657,0.19972423822736637
4.159999999999956,5,0.3325,0.0012914227918238716,0.040549852866840826,0.12739111987061416,0.0010134736867385959,0.005286005863000312,105.46624112045137,27.95479502425671,2.772742423220669,0.03606537670522073,0.03606537670522073,0.04424806018964657,0.19972423822736637
4.159999999999956,6,0.399,0.0013208092528123765,0.041008615823175755,0.1288323662039751,0.0010315382679400846,0.0055153873411678085,109.32184732216822,33.534452206809284,2.2599860778393763,0.04424806018964657,0.04424806018964657,0.04424806018964657,0.19972423822736637
4.1699999999999555,0,0.0,0.0011304564484440744,0.03793865909280219,0.11918781269299496,0.0008058656708870919,0.003980408975981015,92.07645301830676,3.5414020391656447,25.0,0.0,0.0,0.04423541294608016,0.20016659235682718
4.1699999999999555,1,0.0665,0.0011651266458547133,0.03851603977730398,0.12100170760975043,0.0008325925079401028,0.004269099318231881,90.96429743431005,5.062457014976957,16.96840885072169,0.005893304485985842,0.005893304485985842,0.04423541294608016,0.20016659235682718
4.1699999999999555,2,0.133,0.001249839301726376,0.03989166358429045,0.12532335725588234,0.0009613973188625269,0.004956911221725172,90.29939008273209,10.211917693414394,7.842549733921732,0.01275095516034352,0.01275095516034352,0.04423541294608016,0.20016659235682718
4.1699999999999555,3,0.1995,0.0012668031550475136,0.04016147248796742,0.12617098692554704,0.0009877548503251811,0.005091815673563612,95.1426822617825,16.126103730101608,4.8999175407873325,0.02040850670803977,0.02040850670803977,0.04423541294608016,0.20016659235682718
4.1699999999999555,4,0.266,0.001278276761346479,0.040342936453142936,0.1267410727854337,0.0010000494601682605,0.005182547656151384,100.38894897632896,22.081002165449835,3.5463945985842815,0.028197651789769795,0.028197651789769795,0.04423541294608016,0.20016659235682718
4.1699999999999555,5,0.3325,0.0012927131603390051,0.040570106183533565,0.1274547475415469,0.0010126658346368343,0.00529613252134668,105.35305918032334,27.919084317009688,2.7735141304808852,0.03605534181383872,0.03605534181383872,0.04423541294608016,0.20016659235682718
4.1699999999999555,6,0.399,0.001322137413367922,0.04102922907238081,0.1288971246362443,0.0010306624602526274,0.005525693965770335,109.2023035415312,33.491144048158695,2.2606322251787936,0.04423541294608016,0.04423541294608016,0.04423541294608016,0.20016659235682718
4.179999999999955,0,0.0,0.0011314165336680775,0.03795476613329845,0.11923841445308908,0.0008053520248131657,0.003988462496229147,91.99823676811471,3.5383937218505657,25.0,0.0,0.0,0.04422278557292791,0.20060882021255647
4.179999999999955,1,0.0665,0.0011661335949796024,0.03853267973515737,0.1210539835790987,0.0008319978926697854,0.004277419297158579,90.88435013125057,5.056770480763704,16.972805069358156,0.00589177802910934,0.00589177802910934,0.04422278557292791,0.20060882021255647
4.179999999999955,2,0.133,0.001251043525897244,0.03991087683022361,0.12538371744815757,0.0009606622966578334,0.00496651784469175,90.20957858219522,10.199292570327794,7.844689762566148,0.012747476704201505,0.012747476704201505,0.04422278557292791,0.20060882021255647
4.179999999999955,3,0.1995,0.001268048769753498,0.040181212504140876,0.1262330020153393,0.000987000808672747,0.00510168568165034,95.04468073689623,16.105818292833764,4.9012636929590885,0.02040290142798377,0.02040290142798377,0.04422278557292791,0.20060882021255647
4.179999999999955,4,0.266,0.0012795435647320699,0.040362921918863454,0.12680385897771987,0.0009992732860259897,0.005192540389011644,100.28336399933471,22.05304406872396,3.5473705891495695,0.028189893749999643,0.028189893749999643,0.04422278557292791,0.20060882021255647
4.179999999999955,5,0.3325,0.001294003145250574,0.040590343378009375,0.12751832456304135,0.0010118597237904977,0.0053062511185845845,105.24014629890564,27.883464965379414,2.7742850979809575,0.03604532211659755,0.03604532211659755,0.04422278557292791,0.20060882021255647
4.179999999999955,6,0.399,0.0013234651144278502,0.041049824844534795,0.1289618281627383,0.0010297886076993015,0.0055359918518473284,109.08305302816044,33.44794960478262,2.261277726051195,0.04422278557292791,0.04422278557292791,0.04422278557292791,0.20060882021255647
4.189999999999955,0,0.0,0.0011323764147365754,0.03797086291840143,0.11928898399491503,0.0008048392551490507,0.003996510888780638,91.92016989784453,3.535391149917097,25.0,0.0,0.0,0.04421017931359836,0.20105092200569244
4.189999999999955,1,0.0665,0.0011671402603192695,0.03854930782375977,0.12110622226009522,0.0008314044301196329,0.004285733341459775,90.8045652320641,5.051097164154467,16.977196296374238,0.005890254094626724,0.005890254094626724,0.04421017931359836,0.20105092200569244
4.189999999999955,2,0.133,0.0012522474097135933,0.0399300754048815,0.1254440315492622,0.0009599287328944711,0.004976117132020694,90.11996896306259,10.186698912941551,7.8468275869595905,0.012744003725300022,0.012744003725300022,0.04421017931359836,0.20105092200569244
4.189999999999955,3,0.1995,0.0012692940461736324,0.040200937470227835,0.1262949698238904,0.0009862483043480768,0.005111548164693821,94.94690401593314,16.085583863838778,4.902608498369691,0.020397304829307482,0.020397304829307482,0.04421017931359836,0.20105092200569244
4.189999999999955,4,0.266,0.0012808100127662543,0.04038289189182399,0.12686659649806506,0.0009984986480265062,0.005202525375491909,100.17802574208534,22.02515720654663,3.5483455488031197,0.028182148165848915,0.028182148165848915,0.04421017931359836,0.20105092200569244
4.189999999999955,5,0.3325,0.0012952927472266085,0.040610564484842675,0.1275818510437163,0.001011055341665029,0.0053163616720012345,105.12750261587942,27.8479377500338,2.775055214483587,0.036035319037285934,0.036035319037285934,0.04421017931359836,0.20105092200569244
4.189999999999955,6,0.399,0.0013247923569858272,0.04107040318133312,0.129026476914447,0.00102891683991622,0.00554628102024649,108.96409564670856,33.4048694080697,2.261922515415846,0.04421017931359836,0.04421017931359836,0.04421017931359836,0.20105092200569244
4.199999999999955,0,0.0,0.0011333360919146573,0.037986949465590766,0.11933952137338667,0.0008043273594667587,0.0040045541623753055,91.84225196371077,3.532394306296568,25.0,0.0,0.0,0.04419759330608739,0.2014928979387533
4.199999999999955,1,0.0665,0.0011681466423213703,0.0385659240658534,0.12115842372418685,0.0008308121046818356,0.004294041462506594,90.7249420138281,5.045436816530595,16.981583223197212,0.005888732439469945,0.005888732439469945,0.04419759330608739,0.2014928979387533
4.199999999999955,2,0.133,0.001253450953694808,0.03994925933769277,0.12550429965164905,0.0009591966405636464,0.004985709098426331,90.03056044837277,10.174136530617234,7.848963268523278,0.012740536116537877,0.012740536116537877,0.04419759330608739,0.2014928979387533
4.199999999999955,3,0.1995,0.0012705389848057136,0.04022064741625006,0.12635689044551648,0.000985497301111404,0.005121403137704934,94.8493512391634,16.06540019058143,4.903951978411978,0.02039171681130175,0.02039171681130175,0.04419759330608739,0.2014928979387533
4.199999999999955,4,0.266,0.0012820761061022859,0.04040284640529061,0.12692928545097776,0.0009977256733314124,0.005212502632225223,100.07293274856664,21.997340737833486,3.5493195719085273,0.028174414271248154,0.028174414271248154,0.04419759330608739,0.2014928979387533
4.199999999999955,5,0.3325,0.0012965819668447095,0.04063076953710303,0.12764532708746285,0.0010102526130177638,0.005326464198131412,105.01512609349788,27.81250127056646,2.7758245859258177,0.03602533117799557,0.03602533117799557,0.04419759330608739,0.2014928979387533
4.199999999999955,6,0.399,0.0013261191420303842,0.0410909641242859,0.12909107102177833,0.001028047147638968,0.00555656149172288,108.84542965975916,33.36190239400681,2.2625666358676337,0.04419759330608739,0.04419759330608739,0.04419759330608739,0.2014928979387533
4.209999999999955,0,0.0,0.0011342955654667867,0.038003025792297716,0.11939002664326594,0.0008038163353476064,0.004012592325728781,91.76448252371675,3.5294031739891056,25.0,0.0,0.0,0.04418502771131052,0.2019347482158664
4.209999999999955,1,0.0665,0.0011691527414470887,0.038582528484353625,0.12121058804336428,0.0008302209250110752,0.004302343671756705,90.64548018317335,5.039789615696729,16.985965108712577,0.005887213317582243,0.005887213317582243,0.04418502771131052,0.2019347482158664
4.209999999999955,2,0.133,0.0012546541583148504,0.03996842865728998,0.12556452184526995,0.000958465979860489,0.004995293758224936,89.94135239094113,10.16160536116772,7.85109677006838,0.01273707393102595,0.01273707393102595,0.04418502771131052,0.2019347482158664
4.209999999999955,3,0.1995,0.0012717835861856155,0.04024034237275605,0.12641876397618845,0.0009847478252991365,0.005131250615957926,94.75202164606738,16.045267114413505,4.905294126325351,0.020386137390483436,0.020386137390483436,0.04418502771131052,0.2019347482158664
4.209999999999955,4,0.266,0.0012833418452751297,0.04042278549058303,0.12699192593485173,0.0009969542646207723,0.00522247217487143,99.96808460041554,21.96959486643569,3.550292584281696,0.028166692639004638,0.028166692639004638,0.04418502771131052,0.2019347482158664
4.209999999999955,5,0.3325,0.0012978708048497767,0.040650958570395225,0.12770875280613667,0.0010094516646095616,0.005336558714777507,104.90301637122863,27.777155795399008,2.776593152442364,0.03601535929455037,0.03601535929455037,0.04418502771131052,0.2019347482158664
4.209999999999955,6,0.399,0.0013274454705446792,0.04111150771471488,0.1291556106145484,0.0010271795214490198,0.00556683328693737,108.72705410959745,33.31904827469729,2.263210077706977,0.04418502771131052,0.04418502771131052,0.04418502771131052,0.2019347482158664
4.2199999999999545,0,0.0,0.0011352548356568031,0.038019091915905356,0.11944049985916336,0.0008033061803821681,0.004020625387532603,91.6868611376452,3.5264177360632765,25.0,0.0,0.0,0.044172483035548146,0.2023764730462219
4.2199999999999545,1,0.0665,0.0011701585581418055,0.03859912110186483,0.12126271528864131,0.0008296308755602875,0.004310639980512308,90.56617903603198,5.034155327797262,16.99034259748596,0.005885696502364637,0.005885696502364637,0.044172483035548146,0.2023764730462219
4.2199999999999545,2,0.133,0.001255857024090609,0.03998758339291815,0.12562469822200087,0.0009577367814084348,0.00500487112603902,89.85234401150505,10.14910520479525,7.853228161340924,0.01273361704837125,0.01273361704837125,0.044172483035548146,0.2023764730462219
4.2199999999999545,3,0.1995,0.0012730278508281084,0.04026002236988404,0.12648059051058844,0.0009839998563994888,0.00514109061452192,94.65491431109405,16.025184311256545,4.906634986070378,0.020380566372655312,0.020380566372655312,0.044172483035548146,0.2023764730462219
4.2199999999999545,4,0.266,0.0012846072308777968,0.0404427091798552,0.1270545180507016,0.0009961844636084472,0.005232434019507515,99.86347996348869,21.941918870340142,3.551264661655392,0.02815898265193951,0.02815898265193951,0.044172483035548146,0.2023764730462219
4.2199999999999545,5,0.3325,0.0012991592618327396,0.0406711316178243,0.12777212830374038,0.0010086523714537012,0.005346645238492044,104.7911722034147,27.74190071481334,2.7773609415110974,0.036005403008797385,0.036005403008797385,0.044172483035548146,0.2023764730462219
4.2199999999999545,6,0.399,0.0013287713433447897,0.04113203399125128,0.12922009581412067,0.0010263138268198262,0.005577096425205568,108.60896830390412,33.276307024064224,2.2638528135156957,0.044172483035548146,0.044172483035548146,0.044172483035548146,0.2023764730462219
4.229999999999954,0,0.0,0.001136213902747924,0.038035147853748764,0.1194909410755387,0.000802796892170231,0.004028653356454305,91.60938736704932,3.5234379756557432,25.0,0.0,0.0,0.04415995817283092,0.2028180726279502
4.229999999999954,1,0.0665,0.001171164092879175,0.03861570194140786,0.12131480553234003,0.0008290419771515415,0.004318930400283824,90.487038126337,5.028533973875356,16.994715477004338,0.00588418206443707,0.00588418206443707,0.04415995817283092,0.2028180726279502
4.229999999999954,2,0.133,0.0012570595515156336,0.04000672357337893,0.12568482887232485,0.0009570090230388064,0.0050144412162694075,89.76353465432305,10.136635985334841,7.8553574168183875,0.012730165502832392,0.012730165502832392,0.04415995817283092,0.2028180726279502
4.229999999999954,3,0.1995,0.0012742717792465013,0.04027968743767361,0.12654237014308847,0.000983253389478511,0.005150923148416705,94.55802858382671,16.005151728108505,4.907974519089524,0.020375003906611757,0.020375003906611757,0.04415995817283092,0.2028180726279502
4.229999999999954,4,0.266,0.0012858722633891338,0.04046261750338396,0.12711706189364483,0.000995416176437781,0.005242388181271892,99.75911827760622,21.91431280218624,3.5522357546915146,0.02815128468540632,0.02815128468540632,0.04415995817283092,0.2028180726279502
4.229999999999954,5,0.3325,0.0013004473384619151,0.04069128871362153,0.12783545368781465,0.0010078547898616254,0.005356723786390661,104.67959268046694,27.706735743028172,2.778127948789759,0.03599546235570726,0.03599546235570726,0.04415995817283092,0.2028180726279502
4.229999999999954,6,0.399,0.0013300967614082566,0.04115254299492515,0.12928452674939495,0.0010254501836934346,0.005587350927042502,108.49117035437473,33.23367740733425,2.2644948984920967,0.04415995817283092,0.04415995817283092,0.04415995817283092,0.2028180726279502
4.239999999999954,0,0.0,0.001137172767002746,0.03805119362311518,0.11954135034670144,0.0008022884683207502,0.004036676241137513,91.53206077524386,3.520463875970918,25.0,0.0,0.0,0.044147453385498525,0.2032595471618052
4.239999999999954,1,0.0665,0.0011721693460875922,0.0386322710252074,0.1213668588442814,0.0008284541899771978,0.004327214942183596,90.40805691723449,5.022925484318642,16.99908384057947,0.005882669968441733,0.005882669968441733,0.044147453385498525,0.2032595471618052
4.239999999999954,2,0.133,0.0012582617410821818,0.04002584922738243,0.12574491388643733,0.0009562827001749164,0.005024004043271157,89.67492372693624,10.124197685810945,7.85748446542244,0.01272671940238112,0.01272671940238112,0.044147453385498525,0.2032595471618052
4.239999999999954,3,0.1995,0.001275515371972402,0.04029933760637813,0.12660410296873242,0.0009825084352263055,0.005160748232768968,94.46136370282446,15.985169198123334,4.9093127218143096,0.020369449995648988,0.020369449995648988,0.044147453385498525,0.2032595471618052
4.239999999999954,4,0.266,0.0012871369433613256,0.04048251049252236,0.12717955756217997,0.0009946494569202568,0.005252334675841095,99.65499834073995,21.886776063020783,3.553205920040181,0.028143598274447647,0.028143598274447647,0.044147453385498525,0.2032595471618052
4.239999999999954,5,0.3325,0.0013017350353987031,0.04071142989182345,0.12789872906528846,0.0010070589100961288,0.005366794375491622,104.56827642373364,27.671660126857255,2.778894216839665,0.035985536762794215,0.035985536762794215,0.044147453385498525,0.2032595471618052
4.239999999999954,6,0.399,0.0013314217257114082,0.04117303476664427,0.12934890354888678,0.001024588585956315,0.005597596812902066,108.37365939668976,33.1911592196923,2.2651363177575226,0.044147453385498525,0.044147453385498525,0.044147453385498525,0.2032595471618052
4.249999999999954,0,0.0,0.0011381314286832479,0.03806722924124422,0.1195917277268114,0.0008017809064518049,0.0040446940502020315,91.45488092729614,3.517495420280621,25.0,0.0,0.0,0.04413496882831384,0.20370089685008833
4.249999999999954,1,0.0665,0.0011731743182237962,0.038648828375906184,0.12141887529559961,0.0008278675349392236,0.0043354936175329884,90.32923479090078,5.017329703316839,17.00344807541475,0.005881160077442752,0.005881160077442752,0.04413496882831384,0.20370089685008833
4.249999999999954,2,0.133,0.0012594635932593322,0.04004496038319959,0.12580495335315414,0.0009555577908578935,0.005033559621179736,89.58651027783911,10.111789927529552,7.859609517197151,0.012723278399670603,0.012723278399670603,0.04413496882831384,0.20370089685008833
4.249999999999954,3,0.1995,0.0012767586295163932,0.040318972905843506,0.12666578908128387,0.0009817649732685077,0.005170565882501653,94.36491868904895,15.96523633526882,4.910649658257003,0.020363904362807717,0.020363904362807717,0.04413496882831384,0.20370089685008833
4.249999999999954,4,0.266,0.0012884012714369315,0.04050238817996494,0.12724200515901993,0.000993884372128977,0.005262273519562385,99.55111936086061,21.859308465547066,3.5541751477529724,0.028135923482336598,0.028135923482336598,0.04413496882831384,0.20370089685008833
4.249999999999954,5,0.3325,0.0013030223532158912,0.0407315551849956,0.12796195453846942,0.0010062646586074058,0.005376857022077696,104.45722270287311,27.636673758078512,2.7796597237878196,0.03597562649277474,0.03597562649277474,0.04413496882831384,0.20370089685008833
4.249999999999954,6,0.399,0.0013327462370554906,0.04119350934450759,0.12941322633228755,0.0010237288931659405,0.005607834101833725,108.25643449020582,33.14875217672413,2.2657770619257165,0.04413496882831384,0.04413496882831384,0.04413496882831384,0.20370089685008833
4.259999999999954,0,0.0,0.0011390898880507935,0.03808325472532803,0.11964207326987931,0.0008012742041905522,0.004052706792243937,91.37784739001715,3.5145325919237367,25.0,0.0,0.0,0.04412250398613336,0.20414212188994965
4.259999999999954,1,0.0665,0.0011741790097432403,0.03866537401607629,0.12147085495720694,0.0008272820085053508,0.004343766437618042,90.25057156584515,5.011746911550363,17.007807089749175,0.005879652766068313,0.005879652766068313,0.04412250398613336,0.20414212188994965
4.259999999999954,2,0.133,0.0012606651085810367,0.040064057070062484,0.1258649473643105,0.000954834343144785,0.005043107964611184,89.49829385442462,10.099412826658925,7.8617323987569225,0.012719842768473238,0.012719842768473238,0.04412250398613336,0.20414212188994965
4.259999999999954,3,0.1995,0.0012780015524073082,0.04033859336612907,0.12672742857517705,0.000981023014278099,0.005180376112644434,94.26869286971888,15.945353055773229,4.911985300042487,0.02035836711464406,0.02035836711464406,0.04412250398613336,0.20414212188994965
4.259999999999954,4,0.266,0.001289665248174948,0.0405222505970119,0.1273044047824972,0.0009931208523480083,0.005272204728085865,99.44748081956179,21.831910098747652,3.555143382771002,0.02812826072912326,0.02812826072912326,0.04412250398613336,0.20414212188994965
4.259999999999954,5,0.3325,0.0013043092926355033,0.040751664627951954,0.1280251302167289,0.0010054721478179385,0.005386911743555875,104.34643096102346,27.601776693813417,2.7804244313160957,0.0359657320205123,0.0359657320205123,0.04412250398613336,0.20414212188994965
4.259999999999954,6,0.399,0.0013340702964117629,0.041213966769142914,0.12947749522723323,0.001022871231766004,0.005618062814151385,108.13949421050411,33.10645549719625,2.266417156003376,0.04412250398613336,0.04412250398613336,0.04412250398613336,0.20414212188994965
4.269999999999953,0,0.0,0.0011400481453661324,0.038099270092511496,0.11969238702976744,0.000800768359173185,0.004060714475835669,91.3009597319527,3.511575374305873,25.0,0.0,0.0,0.04411006030956303,0.20458322249304528
4.269999999999953,1,0.0665,0.0011751834210857101,0.03868190796798266,0.12152279789905081,0.000826697595318757,0.00435203341357123,90.17206646991313,5.006176797036783,17.012161800455605,0.005878147714144236,0.005878147714144236,0.04411006030956303,0.20458322249304528
4.269999999999953,2,0.133,0.0012618662875137794,0.040083139316060244,0.12592489600815107,0.0009541122998880703,0.005052649087610065,89.41027380002654,10.08706629684061,7.863853093543255,0.012716412528370684,0.012716412528370684,0.04411006030956303,0.20458322249304528
4.269999999999953,3,0.1995,0.001279244141133107,0.04035819901657458,0.1267890215425855,0.0009802825222756158,0.00519017893786719,94.17268573759426,15.925519439842143,4.913319568214204,0.020352838567011023,0.020352838567011023,0.04411006030956303,0.20458322249304528
4.269999999999953,4,0.266,0.0012909288741308424,0.040542097774829436,0.12736675653052326,0.0009923588908767643,0.0052821283169946324,99.34408186790655,21.80458071323589,3.556110625305552,0.028120609996886047,0.028120609996886047,0.04411006030956303,0.20458322249304528
4.269999999999953,5,0.3325,0.0013055958542518196,0.04077175825342467,0.12808825620289796,0.001004681273635824,0.005396958556292233,104.23590035895867,27.566968714732788,2.78118832859745,0.035955853464418173,0.035955853464418173,0.04411006030956303,0.20458322249304528
4.269999999999953,6,0.399,0.0013353939045694409,0.04123440707826543,0.12954171035220963,0.0010220154561257709,0.005628282968712643,108.02283859941608,33.064269872588774,2.2670565240265628,0.04411006030956303,0.04411006030956303,0.04411006030956303,0.20458322249304528
4.279999999999953,0,0.0,0.001141006200889402,0.03811527535989239,0.11974266906018999,0.0008002633690448864,0.004068717109526118,91.22421752337475,3.5086237508990283,25.0,0.0,0.0,0.04409763566928048,0.20502419884973808
4.279999999999953,1,0.0665,0.0011761875527044883,0.03869843025406364,0.12157470419162332,0.0008261143040488398,0.004360294556611718,90.09371909447297,5.000619408286483,17.01651190354128,0.005876645023777709,0.005876645023777709,0.04409763566928048,0.20502419884973808
4.279999999999953,2,0.133,0.0012630671305449799,0.04010220714954525,0.12598479937374743,0.0009533916742505623,0.005062183004352571,89.32244927382278,10.074750060756985,7.865971734797695,0.01271298745679664,0.01271298745679664,0.04409763566928048,0.20502419884973808
4.279999999999953,3,0.1995,0.0012804863962199335,0.040377789887048515,0.12685056807734385,0.0009795435236967353,0.005199974373104157,94.076896087075,15.905734864148702,4.914652601127093,0.020347318135378822,0.020347318135378822,0.04409763566928048,0.20502419884973808
4.279999999999953,4,0.266,0.001292192149802798,0.04056192974360645,0.12742906049793934,0.0009915984388505778,0.005292044301383138,99.24092116445036,21.777319564146776,3.557076956699311,0.028112970626531564,0.028112970626531564,0.04409763566928048,0.20502419884973808
4.279999999999953,5,0.3325,0.0013068820387019953,0.040791836094732116,0.12815133260164938,0.0010038920653722616,0.005406997476945956,104.12562920340214,27.532248737051265,2.781951492515613,0.03594598980932403,0.03594598980932403,0.04409763566928048,0.20502419884973808
4.279999999999953,6,0.399,0.0013367170626674917,0.04125483031489138,0.12960587184235625,0.0010211618312975755,0.005638494587025619,107.90646503343191,33.02219331568575,2.267695273959155,0.04409763566928048,0.04409763566928048,0.04409763566928048,0.20502419884973808
4.289999999999953,0,0.0,0.001141964054880132,0.03813127054452159,0.1197929194147139,0.000799759231459787,0.004076714701840715,91.1476203362726,3.5056777052412538,25.0,0.0,0.0,0.04408523120829724,0.20546505116182104
4.289999999999953,1,0.0665,0.0011771914050371336,0.038714940896450126,0.12162657390445075,0.0008255321193244361,0.004368549877804963,90.01552889416014,4.995074656174726,17.02085756273658,0.005875144635422365,0.005875144635422365,0.04408523120829724,0.20546505116182104
4.289999999999953,2,0.133,0.001264267638182864,0.0401212605991306,0.1260446575509903,0.000952672479267197,0.005071709729145243,89.23481970353207,10.062464108423944,7.86808824777102,0.01270956766763888,0.01270956766763888,0.04408523120829724,0.20546505116182104
4.289999999999953,3,0.1995,0.0012817283181924106,0.0403973660073212,0.12691206827297832,0.0009788060136345646,0.005209762433240503,93.98132341155429,15.885999404047817,4.915984321868189,0.0203418061272412,0.0203418061272412,0.04408523120829724,0.20546505116182104
4.289999999999953,4,0.266,0.0012934550757768377,0.04058174653483369,0.12749131678367656,0.000990839561362068,0.0053019526969967585,99.13799804566767,21.750126578362234,3.558042349247453,0.028105342821776867,0.028105342821776867,0.04408523120829724,0.20546505116182104
4.289999999999953,5,0.3325,0.0013081678465754027,0.04081189818436339,0.12821435951505064,0.0010031044815637026,0.005417028521761593,104.01561665880936,27.497616534390527,2.782713913721207,0.035936141155909984,0.035936141155909984,0.04408523120829724,0.20546505116182104
4.289999999999953,6,0.399,0.0013380397714956975,0.04127523651654492,0.12966997981555867,0.0010203100826768408,0.005648697687852387,107.79037332011556,32.98022628687238,2.2683333456393235,0.04408523120829724,0.04408523120829724,0.04408523120829724,0.20546505116182104
4.299999999999953,0,0.0,0.0011429217075972426,0.038147255663403205,0.11984313814675913,0.0007992559440809204,0.004084707261281524,91.07116774434421,3.502737220936316,25.0,0.0,0.0,0.04407284637535485,0.20590577962557458
4.299999999999953,1,0.0665,0.001178194978534711,0.038731439917446785,0.12167840710760529,0.000824951049832795,0.00437679938830329,89.93749538801877,4.989542512975829,17.02519873397749,0.005873646561342526,0.005873646561342526,0.04407284637535485,0.20590577962557458
4.299999999999953,2,0.133,0.0012654678108903008,0.040140299692640186,0.12610447062729105,0.000951954675479271,0.005081229275900036,89.14738439090006,10.050208302670573,7.870202657114234,0.012706153114063137,0.012706153114063137,0.04407284637535485,0.20590577962557458
4.299999999999953,3,0.1995,0.0012829699075344707,0.04041692740644819,0.1269735222207696,0.000978069956349645,0.005219543132804,93.88596698819717,15.866312915930514,4.917314721174527,0.02033630256965014,0.02033630256965014,0.04407284637535485,0.20590577962557458
4.299999999999953,4,0.266,0.0012947176526803457,0.040601548180571906,0.12755352548845672,0.000990082286910621,0.005311853519865865,99.03531196262884,21.72300179991144,3.5590067558265623,0.028097726939204835,0.028097726939204835,0.04407284637535485,0.20590577962557458
4.299999999999953,5,0.3325,0.0013094532785186419,0.04083194455561775,0.12827733704771446,0.001002318562717892,0.005427051707388772,103.90586221856402,27.463072203669697,2.7834755502947632,0.035926308025019386,0.035926308025019386,0.04407284637535485,0.20590577962557458
4.299999999999953,6,0.399,0.0013393620318434322,0.0412956257206486,0.12973403438938336,0.0010194602051839625,0.005658892289904227,107.67456203062356,32.93836798743958,2.2689707659979756,0.04407284637535485,0.04407284637535485,0.04407284637535485,0.20590577962557458
4.3099999999999525,0,0.0,0.0011438791592990494,0.038163230733494806,0.1198933253095995,0.0007987535045801821,0.004092694796327326,90.99485932298772,3.499802281653374,25.0,0.0,0.0,0.04406048146195408,0.20634638444019412
4.3099999999999525,1,0.0665,0.0011791982736470907,0.03874792733929018,0.12173020387094513,0.000824371092169862,0.004385043099224989,89.85961823694038,4.984023091926878,17.029534891701246,0.005872150979809292,0.005872150979809292,0.04406048146195408,0.20634638444019412
4.3099999999999525,2,0.133,0.0012666676491730846,0.04015932445851022,0.1261642386919846,0.0009512382935017061,0.005090741658835053,89.0601427164648,10.037982579774704,7.872314930682385,0.01270274384098247,0.01270274384098247,0.04406048146195408,0.20634638444019412
4.3099999999999525,3,0.1995,0.0012842111647680683,0.04043647411401133,0.12703493001365182,0.0009773353781566954,0.0052293164865855665,93.79082587404177,15.84667503096112,4.918643860039657,0.020330807199200992,0.020330807199200992,0.04406048146195408,0.20634638444019412
4.3099999999999525,4,0.266,0.0012959798809680147,0.04062133471009594,0.12761568670424947,0.0009893264762016948,0.005321746784627881,98.93286189145239,21.695944797614697,3.559970207074333,0.02809012272105006,0.02809012272105006,0.04406048146195408,0.20634638444019412
4.3099999999999525,5,0.3325,0.001310738335227337,0.04085197524247487,0.12834026530639117,0.0010015343428563506,0.005437067050817336,103.79636503955128,27.42861550584665,2.7842363941929977,0.035916490499358154,0.035916490499358154,0.04406048146195408,0.20634638444019412
4.3099999999999525,6,0.399,0.001340683844659393,0.041315997966985055,0.12979803568881107,0.00101861231682274,0.005669078413072454,107.55903037185271,32.896618251385995,2.2696075186184546,0.04406048146195408,0.04406048146195408,0.04406048146195408,0.20634638444019412
4.319999999999952,0,0.0,0.0011448364102432656,0.03817919577170757,0.119943480956363,0.0007982519106382847,0.004100677315433709,90.91869464929277,3.4968728711266452,25.0,0.0,0.0,0.04404813654612529,0.2067868658056554
4.319999999999952,1,0.0665,0.0011802012908085921,0.03876440318391324,0.12178196426337462,0.000823792231153076,0.00439328102153652,89.78189663773928,4.978516040247054,17.033867102552097,0.0058706575199836755,0.0058706575199836755,0.04404813654612529,0.2067868658056554
4.319999999999952,2,0.133,0.001267867153513739,0.040178334924738976,0.12622396183303017,0.0009505233114378714,0.005100246891949431,88.9730939842918,10.025786799741258,7.874425096151853,0.012699339796738804,0.012699339796738804,0.04404813654612529,0.2067868658056554
4.319999999999952,3,0.1995,0.001285452090394063,0.04045600615918729,0.1270962917432862,0.0009766022587980394,0.005239082509173547,93.6958995151238,15.827085769013546,4.919971679092225,0.020325320250309004,0.020325320250309004,0.04404813654612529,0.2067868658056554
4.319999999999952,4,0.266,0.0012972417612190687,0.04064110615455745,0.1276778005289206,0.0009885722230755368,0.005331632506858637,98.83064677520434,21.66895509422983,3.5609327420463255,0.02808252984372123,0.02808252984372123,0.04404813654612529,0.2067868658056554
4.319999999999952,5,0.3325,0.0013120230172433364,0.040871990276434546,0.12840314439004022,0.0010007516979838227,0.005447074567797174,103.68712363683574,27.394245560102128,2.7849965026176533,0.03590668782025713,0.03590668782025713,0.04404813654612529,0.2067868658056554
4.319999999999952,6,0.399,0.001342005210897435,0.04133635329531702,0.1298619838387602,0.001017766416598268,0.005679256077238437,107.44377738266951,32.8549767505522,2.270243598052879,0.04404813654612529,0.04404813654612529,0.04404813654612529,0.2067868658056554
4.329999999999952,0,0.0,0.0011457934606870011,0.038195150794906464,0.11999360514003249,0.0007977511599447151,0.004108654827033156,90.84267330203195,3.4939489731550752,25.0,0.0,0.0,0.04403581089808643,0.20722722391463624
4.329999999999952,1,0.0665,0.001181204030452363,0.038780867473182004,0.12183368835358795,0.0008232144634380161,0.0044015131661709,89.70433033957836,4.973021554543111,17.03819455751782,0.005869166457890732,0.005869166457890732,0.04403581089808643,0.20722722391463624
4.329999999999952,2,0.133,0.0012690663243935993,0.040197331119237664,0.1262836401381134,0.0009498097249344764,0.005109744989198776,88.88623751014285,10.0136208303415,7.876533175773495,0.012695940938530962,0.012695940938530962,0.04403581089808643,0.20722722391463624
4.329999999999952,3,0.1995,0.001286692684931633,0.04047552357136862,0.12715760750201216,0.0009758706090663693,0.005248841215264211,93.60118703998712,15.807544828596424,4.921298218978269,0.020319841543917132,0.020319841543917132,0.04403581089808643,0.20722722391463624
4.329999999999952,4,0.266,0.0012985032940666522,0.040660862545874914,0.127739867062745,0.0009878195658731843,0.005341510702517369,98.72866604447879,21.642032704810383,3.5618943188517735,0.028074948622348907,0.028074948622348907,0.04403581089808643,0.20722722391463624
4.329999999999952,5,0.3325,0.0013133073252414693,0.04089198969098719,0.12846597440387492,0.0009999707276321026,0.005457074275073495,103.57813728310543,27.359962231490975,2.785755857655692,0.035896900198624515,0.035896900198624515,0.04403581089808643,0.20722722391463624
4.329999999999952,6,0.399,0.0013433261315066866,0.04135669174523539,0.12992587896360913,0.001016922495918448,0.005689425302197621,107.32880150425484,32.81344255633591,2.2708790405025896,0.04403581089808643,0.04403581089808643,0.04403581089808643,0.20722722391463624
4.339999999999952,0,0.0,0.0011467503108867684,0.03821109581991042,0.12004369791344623,0.000797251250197695,0.004116627339535133,90.76679486165257,3.491030571602022,25.0,0.0,0.0,0.04402350592259828,0.20766745897386224
4.339999999999952,1,0.0665,0.0011822064930395604,0.03879732022937465,0.12188537621157405,0.0008226378096320397,0.004409739544267221,89.62691881930303,4.967539557192623,17.042517384593342,0.0058676777463874735,0.0058676777463874735,0.04402350592259828,0.20766745897386224
4.339999999999952,2,0.133,0.0012702651622928135,0.04021631306983075,0.12634327369464746,0.0009490975296543235,0.005119235964495319,88.79957262028888,10.001484547324527,7.878639186023984,0.012692547232952519,0.012692547232952519,0.04402350592259828,0.20766745897386224
4.339999999999952,3,0.1995,0.001287932948878976,0.04049502637954546,0.1272188773809049,0.0009751404088422195,0.005258592619352633,93.50668772063983,15.788052050216796,4.9226234764887185,0.02031437108233382,0.02031437108233382,0.04402350592259828,0.20766745897386224
4.339999999999952,4,0.266,0.0012997644799654729,0.040680603913095664,0.12780188639697754,0.0009870683610374484,0.005351381386127743,98.6269190320346,21.615177547097716,3.562854911422058,0.028067379246741922,0.028067379246741922,0.04402350592259828,0.20766745897386224
4.339999999999952,5,0.3325,0.0013145912598713826,0.04091197351914795,0.12852875545161535,0.0009991914080380506,0.005467066189153876,103.46940569359764,27.325765832597355,2.786514395514847,0.035887128435783164,0.035887128435783164,0.04402350592259828,0.20766745897386224
4.339999999999952,6,0.399,0.0013446466072641451,0.04137701335358415,0.12998972117910673,0.0010160804174381421,0.005699586106372002,107.21410277417908,32.77201633323482,2.2715137721157213,0.04402350592259828,0.04402350592259828,0.04402350592259828,0.20766745897386224
4.349999999999952,0,0.0,0.001147706961098482,0.0382270308634925,0.12009375932929833,0.0007967521791041352,0.004124594861326174,90.69105891026797,3.488117650394922,25.0,0.0,0.0,0.04401122002526615,0.2081075711741149
4.349999999999952,1,0.0665,0.0011832086789866753,0.03881376147398868,0.12193702790486936,0.0008220622307014776,0.004417960166574236,89.54966149964679,4.9620699166476925,17.04683589789991,0.005866191274377173,0.005866191274377173,0.04401122002526615,0.2081075711741149
4.349999999999952,2,0.133,0.0012714636676902829,0.04023528080425531,0.1264028625897709,0.000948386721228296,0.005128719831707602,88.71309877310726,9.989377956029047,7.880743041619007,0.012689158810519493,0.012689158810519493,0.04401122002526615,0.2081075711741149
4.349999999999952,3,0.1995,0.0012891728827329266,0.04051451461261493,0.1272801014707474,0.0009744116534737447,0.00526833673588737,93.41240087621753,15.768607317678192,4.923947435198849,0.020308908922371874,0.020308908922371874,0.04401122002526615,0.2081075711741149
4.349999999999952,4,0.266,0.0013010253194475658,0.040700330286403553,0.12786385862644356,0.0009863186653944367,0.005361244572781688,98.52540441589862,21.58838887085432,3.563814604475376,0.02805982103401837,0.02805982103401837,0.04401122002526615,0.2081075711741149
4.349999999999952,5,0.3325,0.0013158748217009491,0.040931941792577836,0.12859148763272757,0.0009984136714940926,0.005477050325868817,103.36092699704521,27.291655085269493,2.7872722146790445,0.03587737124251965,0.03587737124251965,0.04401122002526615,0.2081075711741149
4.349999999999952,6,0.399,0.001345966639112327,0.04139731815965977,0.13005351060870646,0.001015240303780653,0.005709738509409808,107.09967901400898,32.73069651721546,2.2721478737147387,0.04401122002526615,0.04401122002526615,0.04401122002526615,0.2081075711741149
4.3599999999999515,0,0.0,0.0011486634115774606,0.03824295594238009,0.12014378944013943,0.0007962539443795953,0.00413255740076997,90.61546503164934,3.485210193524974,25.0,0.0,0.0,0.043998953086637614,0.2085475607049813
4.3599999999999515,1,0.0665,0.0011842105887381951,0.03883019122893394,0.12198864350230569,0.0008214877472631407,0.004426175044046867,89.4725578818844,4.956612574889107,17.051150161536714,0.005864707016983283,0.005864707016983283,0.043998953086637614,0.2085475607049813
4.3599999999999515,2,0.133,0.0012726618410638336,0.04025423435016408,0.12646240691035737,0.0009476772954382572,0.005138196604661985,88.62681509458666,9.977300726898802,7.882844921738079,0.012685775375871676,0.012685775375871676,0.043998953086637614,0.2085475607049813
4.3599999999999515,3,0.1995,0.0012904124869890822,0.04053398829938337,0.12734127986203744,0.0009736843384221305,0.005278073579271592,93.31832557272345,15.74921025902766,4.925270158815241,0.02030345479039767,0.02030345479039767,0.043998953086637614,0.2085475607049813
4.3599999999999515,4,0.266,0.0013022858130419205,0.04072004169585974,0.12792578384558304,0.0009855704728093959,0.005371100277509782,98.42412145618718,21.561666509913387,3.5647733866459173,0.028052274058881947,0.028052274058881947,0.043998953086637614,0.2085475607049813
4.3599999999999515,5,0.3325,0.0013171580113749792,0.04095189454405438,0.12865417105018517,0.0009976375738271622,0.005487026701607088,103.25270031679051,27.25762969849547,2.788029313586636,0.03586762861949822,0.03586762861949822,0.043998953086637614,0.2085475607049813
4.3599999999999515,6,0.399,0.0013472862279876945,0.04141760620256809,0.13011724737526295,0.0010144021454161713,0.00571988253086397,106.98552913733865,32.68948264249342,2.2727813501173917,0.043998953086637614,0.043998953086637614,0.043998953086637614,0.2085475607049813
4.369999999999951,0,0.0,0.0011496196625784304,0.038258871073255055,0.12019378829837712,0.0007957565437482427,0.004140514966207453,90.54001281121744,3.4823081850468247,25.0,0.0,0.0,0.04398670584649914,0.20898742776344628
4.369999999999951,1,0.0665,0.001185212222722988,0.038846609515817046,0.12204022307176218,0.0008209143441552382,0.004434384187488419,89.39560755670149,4.95116756351378,17.055459931406272,0.005863225055330109,0.005863225055330109,0.04398670584649914,0.20898742776344628
4.369999999999951,2,0.133,0.001273859682890025,0.040273173735122667,0.12652190674300678,0.000946969247929291,0.005147666297141278,88.54072110824619,9.965252925426489,7.884944694412446,0.01268239713474003,0.01268239713474003,0.04398670584649914,0.20898742776344628
4.369999999999951,3,0.1995,0.0012916517621416447,0.04055344746856423,0.12740241264498098,0.0009729584590429621,0.005287803163862022,93.22446122876903,15.72986085231895,4.92659160205003,0.0202980088624331,0.0202980088624331,0.04398670584649914,0.20898742776344628
4.369999999999951,4,0.266,0.0013035459612985012,0.04073973817177847,0.12798766214963092,0.0009848237959362845,0.005380948515469145,98.32306944882103,21.535010331124866,3.565731241220407,0.028044738437935104,0.028044738437935104,0.04398670584649914,0.20898742776344628
4.369999999999951,5,0.3325,0.0013184408294534171,0.040971831804954964,0.12871680580256314,0.0009968630450292403,0.005496995332057381,103.14472505466901,27.223689661496884,2.788785661943137,0.035857900936826816,0.035857900936826816,0.04398670584649914,0.20898742776344628
4.369999999999951,6,0.399,0.0013486053746617965,0.04143787751878442,0.1301809315933668,0.0010135658108165958,0.005730018188972136,106.87165270111723,32.648374883336885,2.273414161746302,0.04398670584649914,0.04398670584649914,0.04398670584649914,0.20898742776344628
4.379999999999951,0,0.0,0.001150575714355527,0.03827477627275391,0.12024375595627662,0.0007952599749428104,0.0041484675659568815,90.46470183603425,3.4794116090782405,25.0,0.0,0.0,0.04397447731215575,0.20942717253656784
4.379999999999951,1,0.0665,0.0011862135813833397,0.03886301635641771,0.12209176668166184,0.0008203420300330383,0.0044425876077887495,89.31881004405523,4.94573484048272,17.05976521687876,0.005861745383287047,0.005861745383287047,0.04397447731215575,0.20942717253656784
4.379999999999951,2,0.133,0.001275057193666361,0.04029209898696085,0.12658136217514895,0.0009462625919094296,0.0051571289230603725,88.45481609590537,9.9532343729259,7.887042420754609,0.012679023982025483,0.012679023982025483,0.04397447731215575,0.20942717253656784
4.379999999999951,3,0.1995,0.0012928907087030844,0.040572892149086895,0.12746349991046238,0.0009722340261331967,0.005297525504123354,93.13080704964652,15.710558859690636,4.927911787313747,0.020292571035349437,0.020292571035349437,0.04397447731215575,0.20942717253656784
4.379999999999951,4,0.266,0.0013048057649037619,0.04075941974653076,0.12804949364028378,0.00098407873761456,0.0053907893028452905,98.22224760774156,21.50842011800195,3.566688165326112,0.028037214178732874,0.028037214178732874,0.04397447731215575,0.20942717253656784
4.379999999999951,5,0.3325,0.001319723276624455,0.04099175360857008,0.12877939199444666,0.0009960901807557865,0.005506956233864939,103.03700020877453,27.18983455215817,2.789541271798436,0.0358481880196486,0.0358481880196486,0.04397447731215575,0.20942717253656784
4.379999999999951,6,0.399,0.0013499240800649082,0.041458132147129796,0.1302445633849778,0.0010127314172687493,0.005740145503144823,106.75804799329211,32.60737213299604,2.2740463585307302,0.04397447731215575,0.04397447731215575,0.04397447731215575,0.20942717253656784
4.389999999999951,0,0.0,0.0011515315671622953,0.03829067155746801,0.12029369246596114,0.0007947642357045549,0.004156415208313927,90.38953169479473,3.4765204497997972,25.0,0.0,0.0,0.04396226997530889,0.20986679523632093
4.389999999999951,1,0.0665,0.0011872146651459275,0.038879411772213185,0.12214327439947746,0.000819770789773864,0.004450785315686488,89.24216500263594,4.94031450166468,17.064065551406706,0.005860268158179709,0.005860268158179709,0.04396226997530889,0.20986679523632093
4.389999999999951,2,0.133,0.0012762543738449171,0.04031101013272382,0.12664077329174886,0.0009455572881484635,0.005166584495941857,88.36909957765413,9.941245127882192,7.889137974256913,0.01267565611430685,0.01267565611430685,0.04396226997530889,0.20986679523632093
4.389999999999951,3,0.1995,0.0012941293271648581,0.040592322369480245,0.12752454174810776,0.0009715110196676273,0.00530724061432003,93.03736256048641,15.691304361714666,4.929230637287808,0.020287141616693073,0.020287141616693073,0.04396226997530889,0.20986679523632093
4.389999999999951,4,0.266,0.0013060652241536296,0.040779086446312104,0.12811127839983721,0.0009833349890673874,0.005400622652735964,98.12165576214579,21.48189627474372,3.5676440527974944,0.02802970210035025,0.02802970210035025,0.04396226997530889,0.20986679523632093
4.389999999999951,5,0.3325,0.001321005353476195,0.04101165998655435,0.12884192972528163,0.000995318899213276,0.005516909422857072,102.92952613834984,27.156065314216526,2.790296014808338,0.035838491496705545,0.035838491496705545,0.04396226997530889,0.20986679523632093
4.389999999999951,6,0.399,0.0013512423449574481,0.041478370123722255,0.1303081428635642,0.0010118988296229981,0.005750264491441053,106.64471587793794,32.56647586669841,2.2746778102260037,0.04396226997530889,0.04396226997530889,0.04396226997530889,0.20986679523632093
4.399999999999951,0,0.0,0.0011524872212516936,0.03830655694394367,0.12034359787941251,0.0007942693237832183,0.004164357901551759,90.31450197781889,3.4736346914545724,25.0,0.0,0.0,0.04395007973873224,0.21030629603370826
4.399999999999951,1,0.0665,0.0011882154744365838,0.03889579578462062,0.122194746292493,0.0008192006203717414,0.004458977321890206,89.16567149764319,4.934906046554011,17.06836252939538,0.005858792829586234,0.005858792829586234,0.04395007973873224,0.21030629603370826
4.399999999999951,2,0.133,0.001277451223898854,0.04032990719972405,0.12670014017861117,0.0009448533500113358,0.005176033029441971,88.28357058878385,9.929284758809162,7.891231617711392,0.012672293102581866,0.012672293102581866,0.04395007973873224,0.21030629603370826
4.399999999999951,3,0.1995,0.0012953676180368686,0.04061173815849224,0.1275855382482315,0.0009707894505998084,0.005316948508826028,92.94412656729637,15.672096716093499,4.930548301929065,0.020281719978460663,0.020281719978460663,0.04395007973873224,0.21030629603370826
4.399999999999951,4,0.266,0.0013073243396598514,0.04079873830217923,0.12817301652585877,0.0009825927933560716,0.005410448580669525,98.0212915180826,21.455436956873328,3.568599172093819,0.02802220007839283,0.02802220007839283,0.04395007973873224,0.21030629603370826
4.399999999999951,5,0.3325,0.0013222870606167212,0.04103155097079357,0.12890441909524022,0.000994549211960801,0.00552685491497668,102.82229923649112,27.122378916825255,2.7910501712187843,0.03582880774813604,0.03582880774813604,0.04395007973873224,0.21030629603370826
4.399999999999951,6,0.399,0.001352560170270845,0.04149859148721273,0.13037167015055143,0.0010110681745238497,0.005760375173186292,106.53165235379399,32.52568268212188,2.27530872741221,0.04395007973873224,0.04395007973873224,0.04395007973873224,0.21030629603370826
4.40999999999995,0,0.0,0.0011534426768760953,0.038322432448682414,0.12039347224847177,0.000793775236936984,0.0041722956539211285,90.23961227704343,3.470754318347824,25.0,0.0,0.0,0.04393790933644368,0.2107456751270727
4.40999999999995,1,0.0665,0.001189216009694359,0.038912168415227294,0.12224618242852685,0.0008186315303334097,0.00446716363719354,89.08932943342546,4.929509811974208,17.072654854448146,0.005857319839974729,0.005857319839974729,0.04393790933644368,0.2107456751270727
4.40999999999995,2,0.133,0.001278647744322167,0.040348790215536806,0.12675946292236615,0.0009441507906379541,0.0051854745373483505,88.19822867689128,9.91735334546821,7.893323208776658,0.012668935169005762,0.012668935169005762,0.04393790933644368,0.2107456751270727
4.40999999999995,3,0.1995,0.0012966055817884984,0.04063113954416561,0.12764648949893243,0.0009700692836686058,0.0053266492016627144,92.85109862819803,15.65293603127428,4.9318646957148,0.02027630646211524,0.02027630646211524,0.04393790933644368,0.2107456751270727
4.40999999999995,4,0.266,0.0013085831120415615,0.04081837534522804,0.12823470811603913,0.0009818521524404516,0.005420267102193929,97.92115531116012,21.429043165509494,3.5695533185899,0.02801470970589215,0.02801470970589215,0.04393790933644368,0.2107456751270727
4.40999999999995,5,0.3325,0.0013235683986237926,0.04105142659262411,0.12896686020276857,0.0009937810915271533,0.005536792725891951,102.71532061893245,27.088777050276857,2.7918035365085876,0.03581913938151228,0.03581913938151228,0.04393790933644368,0.2107456751270727
4.40999999999995,6,0.399,0.0013538775569263686,0.041518796276001114,0.13043514536657635,0.0010102394394193167,0.005770477567580485,106.41885847312852,32.48499423699966,2.275938967288469,0.04393790933644368,0.04393790933644368,0.04393790933644368,0.2107456751270727
4.41999999999995,0,0.0,0.0011543979342872894,0.038338298088141064,0.12044331562483958,0.0007932819729324387,0.004180228473650453,90.16486218601382,3.4678793148466855,25.0,0.0,0.0,0.04392575858480156,0.21118493271292071
4.41999999999995,1,0.0665,0.0011902162713571733,0.038928529685555685,0.12229758287519392,0.0008180635164193869,0.004475344272357734,89.01313843906439,4.924125858666097,17.076942180998046,0.005855849304875705,0.005855849304875705,0.04392575858480156,0.21118493271292071
4.41999999999995,2,0.133,0.0012798439355634344,0.04036765920695484,0.1268187416071857,0.0009434495709016766,0.005194909033057367,88.11307335878948,9.905450935764973,7.8954126298930305,0.01266558249550978,0.01266558249550978,0.04392575858480156,0.21118493271292071
4.41999999999995,3,0.1995,0.0012978432189268444,0.04065052655506486,0.12770739558994856,0.0009693505449626143,0.005336342707112341,92.75827814681362,15.633822256331456,4.9331797832899085,0.02027090120224862,0.02027090120224862,0.04392575858480156,0.21118493271292071
4.41999999999995,4,0.266,0.0013098415418162797,0.040837997604894434,0.1282963532628539,0.0009811129833198038,0.005430078232027127,97.82124639961604,21.40271472226092,3.57050648336084,0.02800723103739394,0.02800723103739394,0.04392575858480156,0.21118493271292071
4.41999999999995,5,0.3325,0.0013248493681576293,0.041071286884582614,0.12902925315008357,0.0009930145979250961,0.005546722871871202,102.60858938930289,27.05525938839243,2.7925561132607455,0.0358094863430459,0.0358094863430459,0.04392575858480156,0.21118493271292071
4.41999999999995,6,0.399,0.0013551945056814619,0.04153898452588193,0.13049856862409076,0.001009412494040879,0.005780571692520894,106.30633313070649,32.44441002812966,2.2765685379557747,0.04392575858480156,0.04392575858480156,0.04392575858480156,0.21118493271292071
4.42999999999995,0,0.0,0.0011553529937364851,0.03835415387873196,0.12049312806007678,0.0007927895295445316,0.004188156368945898,90.09025129987631,3.4650096653798585,25.0,0.0,0.0,0.04391362700648327,0.21162406898298555
4.42999999999995,1,0.0665,0.0011912162598475577,0.0389448796168306,0.1223489476991739,0.0008174965637459973,0.004483519237995194,88.93709785134243,4.918753953243509,17.081225183604847,0.005854380989952845,0.005854380989952845,0.04391362700648327,0.21162406898298555
4.42999999999995,2,0.133,0.0012810397981143447,0.040386514201385754,0.12687797631917333,0.0009427497215454908,0.005204336530272822,88.02810384563506,9.893577266832837,7.897500011521606,0.012662234865984265,0.012662234865984265,0.04391362700648327,0.21162406898298555
4.42999999999995,3,0.1995,0.001299080529938262,0.040669899219360095,0.12776825660977895,0.0009686332147617349,0.0053460290392599585,92.66566420728125,15.614755020663464,4.9344936302013105,0.020265503918771976,0.020265503918771976,0.04391362700648327,0.21162406898298555
4.42999999999995,4,0.266,0.0013110996295086577,0.040857605110652825,0.12835795205889972,0.000980375287919511,0.005439881984906322,97.7215635489355,21.37645094750136,3.5714587416279193,0.027999763467635257,0.027999763467635257,0.04391362700648327,0.21162406898298555
4.42999999999995,5,0.3325,0.0013261299698008944,0.04109113187792405,0.12909159803537557,0.0009922496670717279,0.00555664536854192,102.50210426414628,27.021825219999062,2.793307943842509,0.03579984806918165,0.03579984806918165,0.04391362700648327,0.21162406898298555
4.42999999999995,6,0.399,0.00135651101761402,0.04155915627746919,0.13056194005068736,0.0010085875793631363,0.005790657568314525,106.19407502254893,32.40392934178937,2.2771974627656313,0.04391362700648327,0.04391362700648327,0.04391362700648327,0.21162406898298555
4.43999999999995,0,0.0,0.0011563078554743106,0.038369999836823085,0.12054290960560496,0.0007922979045565335,0.004196079347991464,90.01577921536982,3.462145354437301,25.0,0.0,0.0,0.04390151480304275,0.212063084131016
4.43999999999995,1,0.0665,0.0011922159755870104,0.03896121823021443,0.12240027696695037,0.0008169306691913983,0.004491688544687108,88.86120721430493,4.9133940667600715,17.085503830328975,0.005852914903363113,0.005852914903363113,0.04390151480304275,0.212063084131016
4.43999999999995,2,0.133,0.0012822353324433333,0.04040535522580503,0.12693716714307504,0.0009420512209639336,0.005213757042482461,87.94331952897402,9.881732256512025,7.899585340517568,0.012658892294902174,0.012658892294902174,0.04390151480304275,0.212063084131016
4.43999999999995,3,0.1995,0.0013003175153272594,0.04068925756543658,0.12782907264759846,0.0009679173038241857,0.0053557082122982005,92.57325622082774,15.595734277093863,4.935806200339931,0.020260114749463414,0.020260114749463414,0.04390151480304275,0.212063084131016
4.43999999999995,4,0.266,0.0013123573756751723,0.04087719789240071,0.12841950459810225,0.0009796390873942284,0.005449678375780264,97.62210611733491,21.350251752250852,3.572410070389128,0.02799230716229266,0.02799230716229266,0.04390151480304275,0.212063084131016
4.43999999999995,5,0.3325,0.001327410204170082,0.041110961604349815,0.12915389495823743,0.0009914863212884518,0.0055665602317548045,102.39586425744832,26.988474124327333,2.794059041120409,0.035790224375466424,0.035790224375466424,0.04390151480304275,0.212063084131016
4.43999999999995,6,0.399,0.0013578270933178144,0.04157931156386603,0.13062525975036265,0.0010077643198419667,0.005800735211512945,106.08208332590803,32.363551960131915,2.2778257299009907,0.04390151480304275,0.04390151480304275,0.04390151480304275,0.212063084131016
4.4499999999999496,0,0.0,0.0011572625197508177,0.038385835978738285,0.12059266031270696,0.0007918070957599992,0.004203997418949064,89.94144553081827,3.4592863665699336,25.0,0.0,0.0,0.04388942132474948,0.2125019783442635
4.4499999999999496,1,0.0665,0.0011932154190103781,0.03897754554704221,0.12245157074554937,0.0008163658413893059,0.004499852203101001,88.7854660266691,4.908046123146096,17.089778253704946,0.005851450996932667,0.005851450996932667,0.04388942132474948,0.2125019783442635
4.4499999999999496,2,0.133,0.0012834305389956271,0.04042418230675788,0.12699631416228505,0.0009413540476425315,0.005223170582958887,87.85871972457169,9.869915743131433,7.901668667811414,0.012655554694081823,0.012655554694081823,0.04388942132474948,0.2125019783442635
4.4499999999999496,3,0.1995,0.0013015541755580955,0.040708601620981034,0.12788984379038756,0.0009672027772227619,0.005365380240070428,92.48105338845556,15.576759766883956,4.937117524600296,0.020254733556924167,0.020254733556924167,0.04388942132474948,0.2125019783442635
4.4499999999999496,4,0.266,0.0013136147807679935,0.04089677597833869,0.12848101096905637,0.0009789042968989168,0.005459467418749253,97.52287332730872,21.324116911166573,3.5733604694429317,0.027984862108129126,0.027984862108129126,0.04388942132474948,0.2125019783442635
4.4499999999999496,5,0.3325,0.0013286900718625582,0.041130776095187095,0.12921614401708645,0.0009907245418640344,0.005576467477173445,102.28986876770479,26.95520606445882,2.794809378310663,0.03578061558546992,0.03578061558546992,0.04388942132474948,0.2125019783442635
4.4499999999999496,6,0.399,0.0013591427338656883,0.04159945042542333,0.13068852784988275,0.0010069430778648792,0.005810804642291593,105.9703566329344,32.323277051061666,2.2784533717150985,0.04388942132474948,0.04388942132474948,0.04388942132474948,0.2125019783442635
4.459999999999949,0,0.0,0.0011582169868154827,0.03840166232075738,0.12064238023252735,0.0007913171009547252,0.004211910589958611,89.86724984612249,3.4564326863893267,25.0,0.0,0.0,0.04387734654428314,0.2129407518097063
4.459999999999949,1,0.0665,0.0011942145905370677,0.03899386158835137,0.12250282910106189,0.0008158020654579234,0.00450801022375558,88.70987388087212,4.902710139275987,17.0940482632678,0.005849989333122627,0.005849989333122627,0.04387734654428314,0.2129407518097063
4.459999999999949,2,0.133,0.0012846254182594758,0.04044299547140287,0.12705541746212454,0.0009406582322496883,0.005232577165281384,87.77430386626938,9.85812767939377,7.903749953425954,0.012652222121052055,0.012652222121052055,0.04387734654428314,0.2129407518097063
4.459999999999949,3,0.1995,0.0013027905111327818,0.040727931414202626,0.12795057012676792,0.0009664896610796814,0.005375045136681225,92.38905491604626,15.557831231391846,4.9384276344139835,0.020249360201846204,0.020249360201846204,0.04387734654428314,0.2129407518097063
4.459999999999949,4,0.266,0.0013148718453251669,0.04091633939793367,0.12854247126433502,0.000978170979748792,0.005469249128546741,97.42386395765386,21.298045746674337,3.574310014939586,0.027977427694304304,0.027977427694304304,0.04387734654428314,0.2129407518097063
4.459999999999949,5,0.3325,0.0013299695734650583,0.04115057538152133,0.1292783453095804,0.0009899643167119137,0.005586367120340564,102.18411613305202,26.922019939452873,2.795559039138304,0.035771020608036865,0.035771020608036865,0.04387734654428314,0.2129407518097063
4.459999999999949,6,0.399,0.0013604579399928496,0.041619572897229895,0.1307517444594823,0.001006123590328211,0.005820865878194875,105.85889396256835,32.28310423253834,2.2790803883064163,0.04387734654428314,0.04387734654428314,0.04387734654428314,0.2129407518097063
4.469999999999949,0,0.0,0.0011591712569172072,0.038417478879116354,0.12069206941607298,0.0007908279179487125,0.004219818869138098,89.79319176275249,3.453584298567403,25.0,0.0,0.0,0.043865290547800494,0.21337940471518432
4.469999999999949,1,0.0665,0.0011952134905854938,0.03901016637511815,0.12255405209938675,0.0008152393383389428,0.004516162617138969,88.63443025301581,4.897386012895147,17.098314084214593,0.0058485298320915405,0.0058485298320915405,0.043865290547800494,0.21337940471518432
4.469999999999949,2,0.133,0.0012858199706999034,0.040461794746468244,0.1271144771265627,0.0009399637532686507,0.00524197680281407,87.6900713202441,9.84636795067443,7.905829211291838,0.012648894546971838,0.012648894546971838,0.043865290547800494,0.21337940471518432
4.469999999999949,3,0.1995,0.0013040265225519288,0.04074724697322011,0.12801125174507724,0.0009657779508741863,0.005384702916189967,92.29726030412237,15.538948706466055,4.9397364678677205,0.02024399492776299,0.02024399492776299,0.043865290547800494,0.21337940471518432
4.469999999999949,4,0.266,0.0013161285698671916,0.04093588818030756,0.12860388557542746,0.0009774391186943316,0.0054790235197336844,97.32507775447404,21.272038551045004,3.575258620415244,0.027970004583440632,0.027970004583440632,0.043865290547800494,0.21337940471518432
4.469999999999949,5,0.3325,0.0013312487095742728,0.041170359494515224,0.12934049893361982,0.0009892056496945331,0.005596259176837509,102.07860622673505,26.888916180320418,2.7963079486797913,0.03576144038327845,0.03576144038327845,0.043865290547800494,0.21337940471518432
4.469999999999949,6,0.399,0.0013617727124544004,0.04163967901459146,0.1308149096900776,0.0010053058680781926,0.005830918936875657,105.74769444805963,32.243033215735466,2.2797067738791994,0.043865290547800494,0.043865290547800494,0.043865290547800494,0.21337940471518432
4.479999999999949,0,0.0,0.001160125330304322,0.03843328567000752,0.12074172791421349,0.0007903395445581275,0.0042277222645836785,89.71927088373975,3.4507411878361443,25.0,0.0,0.0,0.043853253179164324,0.21381793724697595
4.479999999999949,1,0.0665,0.0011962121195730584,0.039026459928257456,0.12260523980623007,0.000814677656965368,0.004524309393708623,88.55913468010841,4.892073700890829,17.102575736743727,0.005847072484243222,0.005847072484243222,0.043853253179164324,0.21381793724697595
4.479999999999949,2,0.133,0.0012870141967808227,0.040480580158600815,0.12717349323931307,0.0009392706066285874,0.005251369508880356,87.60602142684084,9.834636412834909,7.907906479644602,0.012645571904195586,0.012645571904195586,0.043853253179164324,0.21381793724697595
4.479999999999949,3,0.1995,0.001305262210275981,0.04076654832545677,0.12807188873146827,0.0009650676118330916,0.005394353592308297,92.20566874713315,15.52011191942084,4.941044061141922,0.0202386375758991,0.0202386375758991,0.043853253179164324,0.21381793724697595
4.479999999999949,4,0.266,0.001317384954996731,0.04095542235578813,0.12866525399761117,0.0009767087740287284,0.005488790607473972,97.22651378691961,21.246094936129946,3.5762063136403253,0.02796259254355129,0.02796259254355129,0.043853253179164324,0.21381793724697595
4.479999999999949,5,0.3325,0.0013325274808283453,0.04119012846589551,0.12940260498887715,0.0009884485690143773,0.005606143662527653,101.9733380366826,26.85589433078068,2.7970561240929013,0.035751874672314804,0.035751874672314804,0.043853253179164324,0.21381793724697595
4.479999999999949,6,0.399,0.0013630870521417658,0.04165976881480953,0.1308780236588548,0.0010044900109037569,0.0058409638369846945,105.63675704728246,32.20306353482815,2.2803325352271075,0.043853253179164324,0.043853253179164324,0.043853253179164324,0.21381793724697595
4.489999999999949,0,0.0,0.0011610792072245877,0.03844908270957966,0.1207913557776818,0.0007898519786072616,0.004235620784369751,89.64548681366945,3.4479033389872864,25.0,0.0,0.0,0.043841235337230465,0.21425634960034826
4.489999999999949,1,0.0665,0.0011972104779303947,0.039042742268855325,0.12265639228783558,0.0008141170298933796,0.004532450564007556,88.48398683078662,4.8867732900216865,17.106832787079007,0.00584561743512985,0.00584561743512985,0.043841235337230465,0.21425634960034826
4.489999999999949,2,0.133,0.0012882080969428996,0.04049935173401826,0.12723246588274081,0.0009385787708722819,0.005260755296589079,87.52215361986022,9.822933012871129,7.909981723908602,0.012642254241592163,0.012642254241592163,0.043841235337230465,0.21425634960034826
4.489999999999949,3,0.1995,0.0013064975748030693,0.04078583549885737,0.1281324811737321,0.0009643586700299002,0.005403997179008596,92.11427950598089,15.501320659301127,4.942350431329884,0.020233288065956118,0.020233288065956118,0.043841235337230465,0.21425634960034826
4.489999999999949,4,0.266,0.0013186410013142863,0.04097494195459612,0.12872657662582737,0.0009759799403993304,0.005498550406877965,97.12817137282666,21.220214764768883,3.577153080188655,0.02795519167290602,0.02795519167290602,0.043841235337230465,0.21425634960034826
4.489999999999949,5,0.3325,0.0013338058877384559,0.04120988232534996,0.1294646635686193,0.0009876929727223617,0.005616020592254876,101.8683110631555,26.82295444669268,2.797803529272148,0.03574232391722486,0.03574232391722486,0.043841235337230465,0.21425634960034826
4.489999999999949,6,0.399,0.001364400959964281,0.04167984233536807,0.13094108648357317,0.001003676027926794,0.0058510005972639625,105.52608148629855,32.1631954968279,2.2809576242729386,0.043841235337230465,0.043841235337230465,0.043841235337230465,0.21425634960034826
4.4999999999999485,0,0.0,0.001162032887925197,0.03846487001393823,0.12084095305707467,0.000789365217928494,0.004243514436549036,89.57183915867272,3.4450707368720277,25.0,0.0,0.0,0.04382923624164755,0.21469464196276472
4.4999999999999485,1,0.0665,0.001198208566087018,0.03905901341793475,0.12270750961024897,0.0008135574539714276,0.004540586138547271,88.40898638529171,4.881484877896807,17.11108476144308,0.0058441648436768304,0.0058441648436768304,0.04382923624164755,0.21469464196276472
4.4999999999999485,2,0.133,0.0012894016716698347,0.040518109499551654,0.1272913951411383,0.0009378882766697925,0.005270134179355777,87.43846737123776,9.81125773227169,7.912054881978148,0.012638941651906023,0.012638941651906023,0.04382923624164755,0.21469464196276472
4.4999999999999485,3,0.1995,0.0013077326165911076,0.04080510852067159,0.12819302915747613,0.0009636510907109089,0.0054136336899157055,92.02309199706103,15.482574870518954,4.943655546099519,0.02022794652003996,0.02022794652003996,0.04382923624164755,0.21469464196276472
4.4999999999999485,4,0.266,0.0013198967091770598,0.04099444700310079,0.12878785354291755,0.0009752524252335718,0.005508302931130301,97.03004998332551,21.19439805051722,3.578098880282077,0.02794780226758758,0.02794780226758758,0.04382923624164755,0.21469464196276472
4.4999999999999485,5,0.3325,0.0013350839309971187,0.04122962110529277,0.12952667477467844,0.0009869389971406037,0.005625889982226282,101.76352442945765,26.790096197291337,2.798550168690572,0.0357327880410268,0.0357327880410268,0.04382923624164755,0.21469464196276472
4.4999999999999485,6,0.399,0.001365714436826229,0.04169989961358261,0.13100409828146298,0.0010028639107269016,0.005861029236371232,105.41566626090096,32.12342817671058,2.2815820802502986,0.04382923624164755,0.04382923624164755,0.04382923624164755,0.21469464196276472
4.509999999999948,0,0.0,0.0011629863726527773,0.038480647599145476,0.12089051980285313,0.0007888792603622538,0.004251403229152659,89.49832752641915,3.442243366400737,25.0,0.0,0.0,0.04381725575768274,0.21513281452034155
4.509999999999948,1,0.0665,0.001199206384457316,0.039075273396227614,0.12275859183860136,0.000812998914643101,0.004548716127693702,88.33413244786566,4.876207984373168,17.115333211985817,0.005842714176897842,0.005842714176897842,0.04381725575768274,0.21513281452034155
4.509999999999948,2,0.133,0.001290594921422151,0.040536853481604275,0.1273502810974538,0.0009371991026309055,0.005279506170382086,87.35496198850626,9.799610388492132,7.914126023937527,0.012635634016634834,0.012635634016634834,0.04381725575768274,0.21513281452034155
4.509999999999948,3,0.1995,0.001308967336155094,0.04082436741897308,0.12825353277089632,0.0009629449150745825,0.005423263139066451,91.93210548959183,15.463874345619935,4.944959421869019,0.02022261286063366,0.02022261286063366,0.04381725575768274,0.21513281452034155
4.509999999999948,4,0.266,0.00132115207923244,0.04101393753211005,0.12884908484566762,0.0009745264504632404,0.005518048195634933,96.93214796173876,21.168643662717642,3.579043868193422,0.02794042310816284,0.02794042310816284,0.04381725575768274,0.21513281452034155
4.509999999999948,5,0.3325,0.0013363616111548879,0.04124934483586858,0.1295886387017568,0.0009861865287906098,0.005635751847514189,101.65897621377174,26.757318214402247,2.7992961551376006,0.03572326558462496,0.03572326558462496,0.04381725575768274,0.21513281452034155
4.509999999999948,6,0.399,0.0013670274834506457,0.041719940683912236,0.13106705916078062,0.001002053516481531,0.0058710497715360474,105.30551034658339,32.08376112616138,2.2822059088551296,0.04381725575768274,0.04381725575768274,0.04381725575768274,0.21513281452034155
4.519999999999948,0,0.0,0.0011639396616533906,0.03849641548122062,0.12094005606534307,0.0007883941037569793,0.004259287170190229,89.42495152610906,3.439421212542656,25.0,0.0,0.0,0.043805294298666045,0.2155708674633282
4.519999999999948,1,0.0665,0.0012002039334545198,0.03909152222440288,0.12280963903782623,0.0008124414087632289,0.004556840541781335,88.25942492062808,4.870942924467255,17.119576905180264,0.005841265853348322,0.005841265853348322,0.043805294298666045,0.2155708674633282
4.519999999999948,2,0.133,0.0012917878466592468,0.04055558370649886,0.12740912383438271,0.0009365112447292397,0.0052888712828293785,87.27163688625023,9.787990902422438,7.916195137109425,0.012632331349592615,0.012632331349592615,0.043805294298666045,0.2155708674633282
4.519999999999948,3,0.1995,0.001310201733950416,0.04084361222083875,0.1283139920990573,0.0009622400932835564,0.005432885539999287,91.84131938498298,15.445219010365676,4.9462620324998925,0.020217287184330378,0.020217287184330378,0.043805294298666045,0.2155708674633282
4.519999999999948,4,0.266,0.0013224071119632061,0.041033413569803986,0.12891027062260793,0.0009738018846967904,0.005527786214481901,96.83446564423421,21.142952477863698,3.579987858631296,0.027933055627242295,0.027933055627242295,0.043805294298666045,0.2155708674633282
4.519999999999948,5,0.3325,0.001337638928809751,0.04126905354787965,0.1296505554466225,0.0009854356005534028,0.005645606203519723,101.55466707759649,26.724621702692552,2.8000413329467144,0.0357137585161151,0.0357137585161151,0.043805294298666045,0.2155708674633282
4.519999999999948,6,0.399,0.0013683401007272954,0.041739965583273884,0.13112996923750403,0.001001244968082297,0.005881062221216871,105.19561313842298,32.04419430404785,2.28282908723764,0.043805294298666045,0.043805294298666045,0.043805294298666045,0.2155708674633282
4.529999999999948,0,0.0,0.0011648927551725374,0.03851217367614,0.12098956189473564,0.0007879097459690831,0.00426716626764992,89.35171076846606,3.4366042603256175,25.0,0.0,0.0,0.043793351213061785,0.21600880097545883
4.529999999999948,1,0.0665,0.0012012012135051754,0.039107759923302364,0.12286065127340004,0.0008118849449740408,0.004564959391231075,88.184863180974,4.86568948673999,17.12381645423449,0.0058398196609536395,0.0058398196609536395,0.043793351213061785,0.21600880097545883
4.529999999999948,2,0.133,0.0012929804478394441,0.040574300200478634,0.12746792343437055,0.0009358246989887111,0.0052982295298192655,87.18849139820962,9.776399111837133,7.918262276408393,0.012629033556761463,0.012629033556761463,0.043793351213061785,0.21600880097545883
4.529999999999948,3,0.1995,0.001311435810470155,0.04086284295386714,0.12837440722866245,0.0009615366514196655,0.0054425009065134835,91.7507328140714,15.426608514153136,4.947563440784456,0.02021196922421769,0.02021196922421769,0.043793351213061785,0.21600880097545883
4.529999999999948,4,0.266,0.001323661807799221,0.041052875143473236,0.12897141095947454,0.0009730786834625664,0.005537517001316526,96.73700147648559,21.117323470109028,3.5809309884093063,0.02792569874249971,0.02792569874249971,0.043793351213061785,0.21600880097545883
4.529999999999948,5,0.3325,0.0013389158844876003,0.04128874727094139,0.1297124251023151,0.0009846861530869125,0.005655453065050592,101.45059507502631,26.692005259625727,2.800785819133652,0.03570426532327,0.03570426532327,0.043793351213061785,0.21600880097545883
4.529999999999948,6,0.399,0.0013696522893819221,0.04175997434599442,0.1311928286194743,0.0010004381360266229,0.005891066602577137,105.08597324351837,32.00472688755149,2.2834516480249185,0.043793351213061785,0.043793351213061785,0.043793351213061785,0.21600880097545883
4.539999999999948,0,0.0,0.0011658456534551572,0.03852792219983726,0.12103903734108783,0.0007874261848629132,0.004275040529498549,89.27860486572956,3.4337924948357523,25.0,0.0,0.0,0.0437814255602464,0.2164466152310613
4.539999999999948,1,0.0665,0.0012021982250063439,0.039123986513243995,0.12291162860915349,0.0008113294970817132,0.004573072686201892,88.11044677224766,4.860447624982253,17.12805189369145,0.00583837558530703,0.00583837558530703,0.0437814255602464,0.2164466152310613
4.539999999999948,2,0.133,0.001294172725419924,0.0405930029897066,0.12752667997961076,0.000935139461398092,0.005307580924433246,87.10552499232979,9.764834986460883,7.920327390386334,0.012625740713872466,0.012625740713872466,0.0437814255602464,0.2164466152310613
4.539999999999948,3,0.1995,0.0013126695661672533,0.04088205964496526,0.1284347782442426,0.0009608345549057827,0.005452109252062541,91.66034525176156,15.408042850358008,4.948863599482514,0.020206659163218132,0.020206659163218132,0.0437814255602464,0.2164466152310613
4.539999999999948,4,0.266,0.0013249161672691434,0.04107232228187275,0.1290325059466038,0.0009723569199755244,0.005547240570516282,96.63975482364087,21.09175652771326,3.5818732402236018,0.02791835257513396,0.02791835257513396,0.0437814255602464,0.2164466152310613
4.539999999999948,5,0.3325,0.001340192478811073,0.04130842603608736,0.12977424776632937,0.0009839382572985386,0.005665292447623578,101.34675924022699,26.659468456258317,2.8015296293889835,0.035694785788080385,0.035694785788080385,0.0437814255602464,0.2164466152310613
4.539999999999948,6,0.399,0.001370964050304974,0.04177996700882589,0.13125563742215135,0.0009996331415736556,0.005901062933992874,104.97658907658243,31.965357850059505,2.284073639000009,0.0437814255602464,0.0437814255602464,0.0437814255602464,0.2164466152310613
4.549999999999947,0,0.0,0.0011667983567456317,0.03854366106820347,0.12108848245432294,0.0007869434183107139,0.004282909963681656,89.20563343164724,3.430985901217202,25.0,0.0,0.0,0.043769518606283836,0.21688431041712414
4.549999999999947,1,0.0665,0.0012031949683825635,0.03914020201494946,0.12296257111018563,0.0008107750852730386,0.004581180437054622,88.03617523938263,4.855217290894297,17.132283266598556,0.005836933609133233,0.005836933609133233,0.043769518606283836,0.21688431041712414
4.549999999999947,2,0.133,0.0012953646798347365,0.04061169209992105,0.1275853935509626,0.000934455510722376,0.00531692547954047,87.02273692686403,9.753298284079523,7.922390599794608,0.012622452622140665,0.012622452622140665,0.043769518606283836,0.21688431041712414
4.549999999999947,3,0.1995,0.0013139030015323339,0.04090126232156158,0.12849510523196686,0.0009601338298158037,0.005461710590360699,91.5701557965718,15.389521631356029,4.950162584001202,0.02020135668335368,0.02020135668335368,0.043769518606283836,0.21688431041712414
4.549999999999947,4,0.266,0.0013261701909220538,0.0410917550140042,0.12909355567510714,0.0009716366065726057,0.005556956936582008,96.54272487846325,21.06625136986727,3.582814625318482,0.027911017023692888,0.027911017023692888,0.043769518606283836,0.21688431041712414
4.549999999999947,5,0.3325,0.0013414687123842258,0.04132808987398954,0.12983602353502424,0.0009831918951089676,0.0056751243665746675,101.2431591065342,26.6270113657909,2.8022727265819447,0.03568532036564992,0.03568532036564992,0.043769518606283836,0.21688431041712414
4.549999999999947,6,0.399,0.001372275384382593,0.04179994360836583,0.13131839576050972,0.0009988299769968937,0.005911051233762843,104.86746065609961,31.926087774910805,2.2846949928675557,0.043769518606283836,0.043769518606283836,0.043769518606283836,0.21688431041712414
4.559999999999947,0,0.0,0.001167750865287785,0.03855939029708732,0.12113789728423108,0.0007864614441925916,0.004290774578123582,89.1327960814677,3.428184464671835,25.0,0.0,0.0,0.04375763058574652,0.2173218867229816
4.559999999999947,1,0.0665,0.0012041914440430756,0.039156406448847984,0.12301347884067683,0.000810221694926227,0.004589282654003885,87.96204828996032,4.849998599103928,17.136510040685774,0.005835493911104327,0.005835493911104327,0.04375763058574652,0.2173218867229816
4.559999999999947,2,0.133,0.0012965563115609681,0.04063036755747342,0.12764406423121158,0.0009337728776186079,0.005326263208316656,86.94012676410622,9.74178906297478,7.924451782120394,0.012619169470577863,0.012619169470577863,0.04375763058574652,0.2173218867229816
4.559999999999947,3,0.1995,0.001315136117054681,0.04092045101099781,0.12855538827773175,0.0009594344718116081,0.005471304935078815,91.48016394216339,15.371044864594174,4.951460343003731,0.02019606198427845,0.02019606198427845,0.04375763058574652,0.2173218867229816
4.559999999999947,4,0.266,0.0013274238792818098,0.04111117336840868,0.12915456023464905,0.0009709177202238395,0.005566666113784246,96.44591121252958,21.04080809339489,3.5837550907945306,0.027903692486371794,0.027903692486371794,0.04375763058574652,0.2173218867229816
4.559999999999947,5,0.3325,0.0013427445857793836,0.04134773881475681,0.12989775250298954,0.0009824470383635571,0.0056849488369583034,101.13979421288289,26.59463406355111,2.8030150733112955,0.035675869513561574,0.035675869513561574,0.04375763058574652,0.2173218867229816
4.559999999999947,6,0.399,0.001373586292332981,0.04181990417856675,0.1313811037412144,0.0009980285100461225,0.005921031518863304,104.75858724990918,31.886916491935562,2.2853156960599623,0.04375763058574652,0.04375763058574652,0.04375763058574652,0.2173218867229816
4.569999999999947,0,0.0,0.0011687031793248875,0.03857510990229525,0.12118728188046964,0.0007859802603964752,0.004298634380727547,89.06009243193313,3.4253881704589664,25.0,0.0,0.0,0.043745760888616085,0.21775934433186778
4.569999999999947,1,0.0665,0.0012051876523961978,0.03917259983531058,0.12306435186462446,0.000809669323129689,0.004597379347235182,87.88806534549474,4.844791375493941,17.1407327031774,0.0058340563225434865,0.0058340563225434865,0.043745760888616085,0.21775934433186778
4.569999999999947,2,0.133,0.0012977476210525236,0.040649029388289896,0.12770269210180715,0.000933091540823865,0.005335594123724895,86.857693872839,9.730307188332706,7.926510971512516,0.012615891198459827,0.012615891198459827,0.043745760888616085,0.21775934433186778
4.569999999999947,3,0.1995,0.0013163689131835369,0.04093962573992742,0.12861562746527158,0.0009587364464804803,0.00548089229954362,91.39036911408314,15.35261248706917,4.9527568478040624,0.020190775172889357,0.020190775172889357,0.043745760888616085,0.21775934433186778
4.569999999999947,4,0.266,0.001328677232819386,0.04113057737273975,0.12921551971210576,0.0009702002165536996,0.005576368115949784,96.34931311000054,21.01542650393461,3.584694633342871,0.027896378974614642,0.027896378974614642,0.043745760888616085,0.21775934433186778
4.569999999999947,5,0.3325,0.001344020099575181,0.04136737288852184,0.12995943476488978,0.0009817036882514302,0.0056947658738408175,101.03666362500316,26.562336147483716,2.803756682545202,0.03566643304768577,0.03566643304768577,0.043745760888616085,0.21775934433186778
4.569999999999947,6,0.399,0.0013748967750340099,0.04183984875572743,0.13144376147830134,0.0009972288580339071,0.005931003807443643,104.64996752731838,31.8478432209131,2.2859357791173522,0.043745760888616085,0.043745760888616085,0.043745760888616085,0.21775934433186778
4.579999999999947,0,0.0,0.0011696552990996551,0.03859081989959161,0.12123663629256379,0.0007854998648180804,0.004306489379375727,88.98752210127176,3.422597003895068,25.0,0.0,0.0,0.04373390920952891,0.21819668342396306
4.579999999999947,1,0.0665,0.0012061835938634263,0.03918878219487933,0.12311519024656341,0.0008091179784376365,0.004605470527019559,87.81422596773194,4.839595584507908,17.14495125353763,0.00583262084104009,0.00583262084104009,0.04373390920952891,0.21819668342396306
4.579999999999947,2,0.133,0.0012989386087622402,0.04066767761821863,0.1277612772439537,0.0009324114964366179,0.005344918238689261,86.77543762482384,9.718852524790181,7.928568203240353,0.01261261774340677,0.01261261774340677,0.04373390920952891,0.21819668342396306
4.579999999999947,3,0.1995,0.0013176013904057646,0.04095878653552438,0.1286758228799559,0.0009580397798481014,0.005490472697342101,91.30077046195913,15.33422415530282,4.954052160531766,0.02018549598582871,0.02018549598582871,0.04373390920952891,0.21819668342396306
4.579999999999947,4,0.266,0.0013299302521472796,0.041149967056773235,0.1292764342010208,0.0009694842016743297,0.0055860629579665266,96.25292942126441,20.99010596804315,3.5856333249487546,0.027889075914205252,0.027889075914205252,0.04373390920952891,0.21819668342396306
4.579999999999947,5,0.3325,0.0013452952543531547,0.04138699212538869,0.13002107041529973,0.0009809618433425646,0.005704575492274243,100.93376598881464,26.530116793681255,2.8044976120442215,0.035657010214784665,0.035657010214784665,0.04373390920952891,0.21819668342396306
4.579999999999947,6,0.399,0.001376206833359604,0.04185977737599905,0.13150636908534286,0.0009964310135809568,0.005940968117579453,104.54160037285233,31.80886740275254,2.286555256720834,0.04373390920952891,0.04373390920952891,0.04373390920952891,0.21819668342396306
4.589999999999947,0,0.0,0.001170607224854254,0.03860652030469883,0.12128596056990702,0.0007850202553608726,0.004314339581929336,88.91508470919104,3.4198109503535012,25.0,0.0,0.0,0.04372207674159718,0.21863390419137904
4.589999999999947,1,0.0665,0.0012071792688509938,0.03920495354780523,0.12316599405011401,0.0008085676462949435,0.004613556203482508,87.74052992477087,4.8344113962487585,17.149164962016428,0.005831187712141632,0.005831187712141632,0.04372207674159718,0.21863390419137904
4.589999999999947,2,0.133,0.0013001292751417958,0.040686312273028595,0.12781981973860687,0.0009317327404983031,0.005354235566094244,86.69335757951531,9.707425122484027,7.930623361566697,0.012609349283263021,0.012609349283263021,0.04372207674159718,0.21863390419137904
4.589999999999947,3,0.1995,0.0013188335491875253,0.04097793342457601,0.1287359746059396,0.0009573444525813496,0.005500046141867915,91.21136754168752,15.315879932036237,4.95534621232572,0.020180224693738695,0.020180224693738695,0.04372207674159718,0.21863390419137904
4.589999999999947,4,0.266,0.0013311829376801856,0.04116934244715521,0.12933730378510525,0.0009687695190990645,0.005595750653157517,96.15676011196044,20.96484697325115,3.5865710460298588,0.027881784221365034,0.027881784221365034,0.04372207674159718,0.21863390419137904
4.589999999999947,5,0.3325,0.0013465700507161353,0.04140659655571582,0.13008265954959325,0.000980221516356392,0.005714377707437807,100.83110155573283,26.497976781512136,2.805237750305659,0.03564760241412836,0.03564760241412836,0.04372207674159718,0.21863390419137904
4.589999999999947,6,0.399,0.0013775164680226832,0.04187969007299828,0.13156892666794878,0.000995634849961204,0.005950924466079065,104.4334857651753,31.76998956970922,2.287174065198509,0.04372207674159718,0.04372207674159718,0.04372207674159718,0.21863390419137904
4.599999999999946,0,0.0,0.0011715589568303,0.03862221113329755,0.1213352547617615,0.0007845414299360307,0.0043221849962286965,88.84277987686987,3.4170299952642256,25.0,0.0,0.0,0.04371026181791645,0.2190710068095582
4.599999999999946,1,0.0665,0.0012081746777643022,0.03922111391428311,0.12321676333872023,0.0008080183238938662,0.004621636386721447,87.66697645056236,4.829238444026613,17.153375002429108,0.005829756533967158,0.005829756533967158,0.04371026181791645,0.2190710068095582
4.599999999999946,2,0.133,0.0013013196206197774,0.04070493337806684,0.12787831966539676,0.000931055251912129,0.005363546118613365,86.61145295991676,9.696024692913301,7.93267660747811,0.012606085555754322,0.012606085555754322,0.04371026181791645,0.2190710068095582
4.599999999999946,3,0.1995,0.001320065389993875,0.04099706643378824,0.12879608272712184,0.0009566504606117964,0.005509612646474033,91.12215946891082,15.297579436346782,4.956639077971131,0.02017496098201533,0.02017496098201533,0.04371026181791645,0.2190710068095582
4.599999999999946,4,0.266,0.0013324352900299986,0.041188703573514666,0.12939812855744134,0.0009680563179728168,0.005605431216337245,96.06080361266098,20.939648458533828,3.58750794230798,0.02787450274902143,0.02787450274902143,0.04371026181791645,0.2190710068095582
4.599999999999946,5,0.3325,0.001347844489227611,0.041426186209183695,0.1301442022610143,0.0009794826733938958,0.0057241725341717455,100.72866828432183,26.46591459629957,2.80597722847657,0.03563820796018802,0.03563820796018802,0.04371026181791645,0.2190710068095582
4.599999999999946,6,0.399,0.001378825679897529,0.0418995868827114,0.1316314343391734,0.0009948404856558995,0.005960872870935624,104.32562161975548,31.73120817978975,2.287792290436725,0.04371026181791645,0.04371026181791645,0.04371026181791645,0.2190710068095582
4.609999999999946,0,0.0,0.0011725104952688605,0.038637892401026795,0.12138451891725867,0.0007840633864624114,0.004330025630093321,88.77060722695185,3.414254124113533,25.0,0.0,0.0,0.04369846557740455,0.21950799146533226
4.609999999999946,1,0.0665,0.0012091698210217607,0.03923726331467633,0.12326749817635545,0.0008074700196607894,0.004629711086918054,87.5935654271337,4.824077007588626,17.157580256149025,0.005828327684153567,0.005828327684153567,0.04369846557740455,0.21950799146533226
4.609999999999946,2,0.133,0.0013025096456678784,0.04072354095929439,0.12793677710588228,0.0009303790613774858,0.00537284990922714,86.52972326464098,9.684651219716946,7.934727880388242,0.012602826651076919,0.012602826651076919,0.04369846557740455,0.21950799146533226
4.609999999999946,3,0.1995,0.0013212969132886598,0.041016185589784294,0.12885614732714187,0.00095595779980289,0.005519172224472062,91.03314559807615,15.27932252385403,4.9579307561546315,0.020169704846293567,0.020169704846293567,0.04369846557740455,0.21950799146533226
4.609999999999946,4,0.266,0.0013336873094987555,0.0412080504606231,0.12945890859585102,0.0009673443554214323,0.005615104659891459,95.96505978717246,20.914510804978665,3.5884439125551117,0.027867232270267286,0.027867232270267286,0.04369846557740455,0.21950799146533226
4.609999999999946,5,0.3325,0.0013491185704374248,0.041445761115191264,0.13020569864192238,0.000978745300378401,0.005733959987175529,100.62646632535267,26.433930911044225,2.806715946409258,0.035628828107074365,0.035628828107074365,0.04369846557740455,0.21950799146533226
4.609999999999946,6,0.399,0.0013801344696857676,0.04191946783841622,0.131693892203562,0.000994047785241042,0.005970813348788034,104.21800788340688,31.692523728345492,2.288409871574705,0.04369846557740455,0.04369846557740455,0.04369846557740455,0.21950799146533226
4.619999999999946,0,0.0,0.001173461840410459,0.03865356412348413,0.12143375308539972,0.0007835861228665122,0.004337861491321986,88.69856638353797,3.4114833224437677,25.0,0.0,0.0,0.043686685951068116,0.21994485832484295
4.619999999999946,1,0.0665,0.0012101646990127246,0.03925340176883434,0.12331819862537854,0.0008069227079005671,0.00463778031399706,87.52029603629992,4.818926665785043,17.161782095109377,0.005826900693984291,0.005826900693984291,0.043686685951068116,0.21994485832484295
4.619999999999946,2,0.133,0.0013036993507346043,0.04074213504224901,0.12799519214029276,0.000929704147730896,0.005382146950704448,86.4481679224735,9.673304617162826,7.936777176342937,0.012599572569338205,0.012599572569338205,0.043686685951068116,0.21994485832484295
4.619999999999946,3,0.1995,0.0013225281195537789,0.041035290919403805,0.12891616849031895,0.0009552664809754229,0.005528724889281816,90.94432541689903,15.261109181190388,4.95922120319994,0.020164456454468085,0.020164456454468085,0.043686685951068116,0.21994485832484295
4.619999999999946,4,0.266,0.0013349389967733552,0.04122738313913365,0.12951964399663396,0.0009666339255273779,0.005624770999146733,95.86952717967637,20.889433054327473,3.5893790860837154,0.027859971767180376,0.027859971767180376,0.043686685951068116,0.21994485832484295
4.619999999999946,5,0.3325,0.0013503922949302367,0.04146532130360075,0.13026714878613246,0.0009780094204743619,0.005743740081380273,100.52449339146008,26.402023957526634,2.807454063111808,0.03561946081823297,0.03561946081823297,0.043686685951068116,0.21994485832484295
4.619999999999946,6,0.399,0.0013814428382541268,0.04193933297581562,0.1317563003732785,0.00099325686996983,0.0059807459174877325,104.1106421925561,31.65393438873736,2.289026915706227,0.043686685951068116,0.043686685951068116,0.043686685951068116,0.21994485832484295
4.629999999999946,0,0.0,0.0011744129924950739,0.038669226316225776,0.121482957315056,0.0007831096370824362,0.00434569258769281,88.62665697217933,3.4087175758530517,25.0,0.0,0.0,0.0436749257144222,0.22038160758198716
4.629999999999946,1,0.0665,0.0012111593121536472,0.03926952929700409,0.1233688647493972,0.0008063764084878341,0.004645844078081939,87.44716821541999,4.813787749453741,17.16597921778818,0.005825476002928828,0.005825476002928828,0.0436749257144222,0.22038160758198716
4.629999999999946,2,0.133,0.0013048887362452995,0.040760715652046725,0.1280535648475325,0.0009290304898859319,0.005391437255603307,86.36678631427449,9.661984748137067,7.9388245340510295,0.012596323242953945,0.012596323242953945,0.0436749257144222,0.22038160758198716
4.629999999999946,3,0.1995,0.0013237590092506223,0.041054382449104414,0.12897614629977217,0.0009545764850303483,0.00553827065413212,90.85569820595548,15.242939186706788,4.960510443103375,0.020159215699067937,0.020159215699067937,0.0436749257144222,0.22038160758198716
4.629999999999946,4,0.266,0.0013361903523536585,0.04124670163674047,0.12958033484679396,0.0009659248803409404,0.005634430247950142,95.77420612473149,20.864416058138715,3.590313280652407,0.02785272264091358,0.02785272264091358,0.0436749257144222,0.22038160758198716
4.629999999999946,5,0.3325,0.0013516656633040343,0.041484866804406884,0.13032855278787575,0.0009772750403068413,0.0057535128317833415,100.42275071649973,26.370195488342,2.808191363651271,0.035610108803261126,0.035610108803261126,0.0436749257144222,0.22038160758198716
4.629999999999946,6,0.399,0.0013827507864649113,0.041959182330459824,0.13181865896000725,0.000992467732210291,0.005990670594809835,104.00352568767823,31.61544184457082,2.289643276187149,0.0436749257144222,0.0436749257144222,0.0436749257144222,0.22038160758198716
4.6399999999999455,0,0.0,0.0011753639517621411,0.03868487899476681,0.12153213165496951,0.0007826339270518556,0.004353518926963329,88.55487861987037,3.4059568699950145,25.0,0.0,0.0,0.043663183725640466,0.22081823941924356
4.6399999999999455,1,0.0665,0.0012121536608459373,0.03928564591914637,0.12341949661112007,0.0008058311071138589,0.0046539023891530775,87.37418144773837,4.808660135613865,17.17017193638376,0.005824053502230752,0.005824053502230752,0.043663183725640466,0.22081823941924356
4.6399999999999455,2,0.133,0.001306077802668444,0.040779282814417804,0.12811189530843548,0.0009283581185539212,0.005400720836788847,86.28557793230576,9.650691583496403,7.940869904065972,0.01259307874428177,0.01259307874428177,0.043663183725640466,0.22081823941924356
4.6399999999999455,3,0.1995,0.0013249895828394108,0.04107346020526253,0.12903608083836549,0.0009538878079056068,0.005547809532211176,90.76726326971013,15.224812339302611,4.961798493594294,0.020153982498301873,0.020153982498301873,0.043663183725640466,0.22081823941924356
4.6399999999999455,4,0.266,0.0013374413766525084,0.04126600597972875,0.12964098122890833,0.0009652171494142184,0.005644082419444285,95.67909527716449,20.83945897545564,3.591246605291131,0.027845484031273682,0.027845484031273682,0.043663183725640466,0.22081823941924356
4.6399999999999455,5,0.3325,0.0013529386761064258,0.04150439764675955,0.1303899107387293,0.0009765421176332636,0.005763278252959674,100.3212365018507,26.338444222021437,2.808927955508193,0.035600770679754916,0.035600770679754916,0.043663183725640466,0.22081823941924356
4.6399999999999455,6,0.399,0.0013840583150139902,0.04197901593528997,0.13188096806723584,0.0009916802415075132,0.00600058739722491,103.8966566729818,31.577044940446658,2.2902590115359978,0.043663183725640466,0.043663183725640466,0.043663183725640466,0.22081823941924356
4.649999999999945,0,0.0,0.0011763147184505566,0.03870052217458129,0.12158127615375346,0.0007821589907239785,0.004361340516870569,88.48323095504169,3.4032011905785264,25.0,0.0,0.0,0.04365145885126407,0.2212547540077562
4.649999999999945,1,0.0665,0.0012131477454901314,0.03930175165516601,0.12347009427308002,0.0008052868009818052,0.004661955257162896,87.30133510583437,4.803543588039478,17.174360970348896,0.005822632945275082,0.005822632945275082,0.04365145885126407,0.2212547540077562
4.649999999999945,2,0.133,0.0013072665504493708,0.040797836554671174,0.1281701836025121,0.0009276870126683953,0.005409997706915531,86.20454214430693,9.639424970054145,7.942913338929459,0.01258983898387565,0.01258983898387565,0.04365145885126407,0.2212547540077562
4.649999999999945,3,0.1995,0.0013262198407791408,0.04109252421417274,0.12909597218870578,0.0009532004455107428,0.005557341536666284,90.67902004095927,15.206728563992971,4.96308533155989,0.0201487569363572,0.0201487569363572,0.04365145885126407,0.2212547540077562
4.649999999999945,4,0.266,0.0013386920702694101,0.0412852961971983,0.1297015832343968,0.0009645108734775333,0.00565372752817906,95.58419377115379,20.814561437592587,3.5921790885548948,0.027838255703512046,0.027838255703512046,0.04365145885126407,0.2212547540077562
4.649999999999945,5,0.3325,0.0013542113338795233,0.041523913859653955,0.13045122272978427,0.0009758106447202527,0.005773036359406877,100.21994947525977,26.306769398401848,2.8096638913536904,0.03559144576251083,0.03559144576251083,0.04365145885126407,0.2212547540077562
4.649999999999945,6,0.399,0.001385365424763878,0.04199883382569325,0.1319432278061364,0.0009908945201638538,0.006010496342426549,103.79003347833074,31.53874253544211,2.2908741799612082,0.04365145885126407,0.04365145885126407,0.04365145885126407,0.2212547540077562
4.659999999999945,0,0.0,0.001177265292798678,0.0387161558711024,0.12163039085989263,0.0007816848260555106,0.004369157365131124,88.41171360755305,3.400450523367425,25.0,0.0,0.0,0.04363975242755747,0.22169115153203178
4.659999999999945,1,0.0665,0.0012141415664997325,0.0393178465251361,0.12352065779833854,0.0008047434985044053,0.00467000269214794,87.22862904467272,4.798438351289053,17.178545322196253,0.005821214667739698,0.005821214667739698,0.04363975242755747,0.22169115153203178
4.659999999999945,2,0.133,0.0013084549800102083,0.04081637689769456,0.12822842980794938,0.0009270171511693962,0.005419267878427225,86.1236784459707,9.628184879165092,7.944954789177139,0.012586604034074942,0.012586604034074942,0.04363975242755747,0.22169115153203178
4.659999999999945,3,0.1995,0.001327449783527629,0.041111574502048796,0.12915582043314597,0.000952514393802837,0.005566866680604312,90.59096787270857,15.18868770379554,4.964370960769084,0.020143538988171814,0.020143538988171814,0.04363975242755747,0.22169115153203178
4.659999999999945,4,0.266,0.001339942433550437,0.04130457231427393,0.12976214094219135,0.000963805853781519,0.005663365586716876,95.48950142526485,20.789723768499368,3.5931106391105945,0.02783103835198158,0.02783103835198158,0.04363975242755747,0.22169115153203178
4.659999999999945,5,0.3325,0.0013554836372207683,0.04154341547286325,0.13051248885457573,0.000975080660464655,0.005782787166011523,100.11888979969483,26.27517168996555,2.8103990710717253,0.03558213530218174,0.03558213530218174,0.04363975242755747,0.22169115153203178
4.659999999999945,6,0.399,0.0013866721164084615,0.042018636034417564,0.13200543827958958,0.0009901104362158456,0.006020397446788707,103.68365621080767,31.500535272125358,2.2914887101158796,0.04363975242755747,0.04363975242755747,0.04363975242755747,0.22169115153203178
4.669999999999945,0,0.0,0.001178215675044325,0.03873178009972261,0.1216794758217439,0.0007812114310106228,0.00437696947944123,88.34032620868648,3.3977048541802493,25.0,0.0,0.0,0.043628062848754715,0.22212743216051933
4.669999999999945,1,0.0665,0.0012151351242593136,0.039333930548619646,0.12357118724835461,0.0008042011741772544,0.004678044703889712,87.15606254627181,4.793344096320747,17.182726045720493,0.0058197983098791164,0.0058197983098791164,0.043628062848754715,0.22212743216051933
4.669999999999945,2,0.133,0.0013096430918163135,0.04083490386899122,0.12828663400486823,0.0009263485648329573,0.005428531364075555,86.04298618935302,9.616971135155406,7.946994327020261,0.012583373774408517,0.012583373774408517,0.043628062848754715,0.22212743216051933
4.669999999999945,3,0.1995,0.0013286794115608574,0.041130611095323275,0.12921562565472644,0.0009518296637238189,0.00557638497724155,90.50310597919118,15.170689460763498,4.96565543136735,0.020138328440655388,0.020138328440655388,0.043628062848754715,0.22212743216051933
4.669999999999945,4,0.266,0.0013411924671051663,0.04132383436007859,0.12982265444378435,0.0009631022902328069,0.005672996609619204,95.39501665009948,20.764944867813558,3.5940414124559186,0.02782383075871876,0.02782383075871876,0.043628062848754715,0.22212743216051933
4.669999999999945,5,0.3325,0.0013567555866399756,0.041562902514747105,0.13057370920219824,0.0009743520941928492,0.005792530686953452,100.0180554010001,26.243649532821436,2.811133633525826,0.03557283752269592,0.03557283752269592,0.043628062848754715,0.22212743216051933
4.669999999999945,6,0.399,0.0013879783907960511,0.0420384225964701,0.13206759959757364,0.000989328102627034,0.006030290727814977,103.57752286874953,31.462421673086794,2.2921026850692345,0.043628062848754715,0.043628062848754715,0.043628062848754715,0.22212743216051933
4.679999999999945,0,0.0,0.0011791658654247824,0.03874739487579383,0.12172853108753669,0.0007807388035609148,0.0043847768674768394,88.2690683911394,3.394964168889977,25.0,0.0,0.0,0.04361639160389935,0.22256359607655832
4.679999999999945,1,0.0665,0.0012161284191804739,0.03935000374557593,0.12362168268583218,0.0008036598478142294,0.004686081302367855,87.0836354182331,4.788261016184552,17.186902327146797,0.0058183841448874426,0.0058183841448874426,0.04361639160389935,0.22256359607655832
4.679999999999945,2,0.133,0.0013108308862877394,0.04085341749329903,0.12834479627098497,0.0009256812153906646,0.005437788176229461,85.96246484296292,9.605783679309146,7.9490319283502116,0.012580148237089115,0.012580148237089115,0.04361639160389935,0.22256359607655832
4.679999999999945,3,0.1995,0.0013299087253149722,0.04114963401974987,0.12927538793435484,0.0009511462213298016,0.005585896439454848,90.41543393419133,15.152733895416986,4.966938676428409,0.0201331255557009,0.0201331255557009,0.04361639160389935,0.22256359607655832
4.679999999999945,4,0.266,0.001342442171448335,0.04134308236220615,0.1298831238258646,0.0009624001063780703,0.005682620610682984,95.30073977513428,20.740225566580538,3.5949712296618292,0.027816634295959798,0.027816634295959798,0.04361639160389935,0.22256359607655832
4.679999999999945,5,0.3325,0.0013580271828139482,0.041582375016153264,0.13063488386956285,0.0009736250703080232,0.005802266937656533,99.91744688816199,26.212204039189164,2.811867431627577,0.03556355426831683,0.03556355426831683,0.04361639160389935,0.22256359607655832
4.679999999999945,6,0.399,0.0013892842487803008,0.04205819354685556,0.13212971187005906,0.0009885475192730013,0.006040176203007707,103.47163367689798,31.42440249295518,2.2927160253912406,0.04361639160389935,0.04361639160389935,0.04361639160389935,0.22256359607655832
4.689999999999944,0,0.0,0.001180115864176802,0.03876300021462754,0.12177755670537345,0.0007802669416853822,0.004392579536893693,88.19793978901778,3.392228453423761,25.0,0.0,0.0,0.04360473906585569,0.22299964346721687
4.689999999999944,1,0.0665,0.0012171214516598346,0.039366066135680465,0.12367214417258368,0.0008031195052268873,0.004694112497420124,87.01134720575727,4.7831890418455005,17.191074290508418,0.0058169721281009345,0.0058169721281009345,0.04360473906585569,0.22299964346721687
4.689999999999944,2,0.133,0.0013120183638655972,0.04087191779562596,0.12840291668486445,0.0009250151163465706,0.005447038327392927,85.88211388652894,9.594622459469983,7.951067564077259,0.012576927462143287,0.012576927462143287,0.04360473906585569,0.22299964346721687
4.689999999999944,3,0.1995,0.001331137725263585,0.041168643301600395,0.12933510735456644,0.0009504640925260419,0.005595401080380109,90.327950912767,15.134820665188338,4.9682207613157034,0.020127930058711323,0.020127930058711323,0.04360473906585569,0.22299964346721687
4.689999999999944,4,0.266,0.0013436915470583226,0.04136231634762523,0.12994354917315643,0.000961699270953991,0.0056922376033925245,95.20666948641613,20.715565044939957,3.595900197743899,0.02780944812170842,0.02780944812170842,0.04360473906585569,0.22299964346721687
4.689999999999944,5,0.3325,0.0013592984261855746,0.04160183300427692,0.13069601294210575,0.0009728994061826752,0.005811995931718359,99.81706307875484,26.18083453670794,2.8126005089257995,0.035554284969603604,0.035554284969603604,0.04360473906585569,0.22299964346721687
4.689999999999944,6,0.399,0.001390589691050534,0.042077948918009214,0.13219177519894434,0.000987768557682755,0.006050053888584535,103.36598805603036,31.386477680242724,2.293328710188387,0.04360473906585569,0.04360473906585569,0.04360473906585569,0.22299964346721687
4.699999999999944,0,0.0,0.001181065671536604,0.038778596131494945,0.12182655272323009,0.0007797958433703798,0.004400377495327397,88.1269400378292,3.3894976937626615,25.0,0.0,0.0,0.043593103111311086,0.22343557449833
4.699999999999944,1,0.0665,0.0012181142220930856,0.0393821177385527,0.12372257177024544,0.0008025801436117107,0.004702138298856241,86.9391974649169,4.778128112613392,17.19524203116555,0.005815562224640677,0.005815562224640677,0.043593103111311086,0.22343557449833
4.699999999999944,2,0.133,0.0013132055250120963,0.040890404801250155,0.12846099532592029,0.000924350281209639,0.005456281830205024,85.80193272827708,9.583487351209179,7.9531012651100506,0.012573711394660113,0.012573711394660113,0.043593103111311086,0.22343557449833
4.699999999999944,3,0.1995,0.0013323664118597982,0.04118763896676759,0.12939478399670576,0.0009497832583597795,0.005604898912963707,90.2406564204615,15.11694975802841,4.969501643182739,0.020122742113825837,0.020122742113825837,0.043593103111311086,0.22343557449833
4.699999999999944,4,0.266,0.0013449405944192783,0.041381536343328786,0.13000393057046075,0.0009609997851775951,0.0057018476012443,95.1128052924377,20.690963301301384,3.5968282823475635,0.027802272488452635,0.027802272488452635,0.043593103111311086,0.22343557449833
4.699999999999944,5,0.3325,0.001360569317376941,0.041621276508988135,0.13075709651366654,0.0009721752355609235,0.005821717684073968,99.7169027964278,26.149540344153635,2.813332910791372,0.035545029035284226,0.035545029035284226,0.043593103111311086,0.22343557449833
4.699999999999944,6,0.399,0.001391894718449263,0.0420976887446047,0.13225378969315985,0.0009869913297743333,0.006059923801882278,103.26058364695076,31.34864539257318,2.2939408498784535,0.043593103111311086,0.043593103111311086,0.043593103111311086,0.22343557449833
4.709999999999944,0,0.0,0.0011820152877398777,0.03879418264162714,0.12187551918895649,0.0007793255066095887,0.0044081707503934925,88.05606877447612,3.386771875941389,25.0,0.0,0.0,0.04358148546862487,0.22387138935301623
4.709999999999944,1,0.0665,0.001219106730875018,0.039398158573756725,0.12377296554027985,0.0008020417602013506,0.004710158716458255,86.86718568304755,4.7730780974961675,17.19940589880895,0.005814154313721089,0.005814154313721089,0.04358148546862487,0.22387138935301623
4.709999999999944,2,0.133,0.0013143923701441624,0.04090887853468639,0.12851903227116793,0.0009236866718118408,0.005465518696923142,85.7219208149112,9.57237826780771,7.95513303138024,0.012570500028790807,0.012570500028790807,0.04358148546862487,0.22387138935301623
4.709999999999944,3,0.1995,0.0013335947855747851,0.04120662104136211,0.1294544179428018,0.0009491037297259444,0.005614389950260966,90.15354984345933,15.099121039288327,4.970781319579949,0.020117561721353375,0.020117561721353375,0.04358148546862487,0.22387138935301623
4.709999999999944,4,0.266,0.001346189314037459,0.04140074237658541,0.13006426810344437,0.0009603016628312169,0.005711450617872612,95.01914642234262,20.666420052908993,3.597755498004976,0.027795107270477914,0.027795107270477914,0.04358148546862487,0.22387138935301623
4.709999999999944,5,0.3325,0.0013618398569168926,0.04164070555866055,0.13081813467338363,0.0009714524836206648,0.005831432208910175,99.61696559300566,26.118321515987006,2.8140646033486565,0.03553578687603791,0.03553578687603791,0.04358148546862487,0.22387138935301623
4.709999999999944,6,0.399,0.001393199331813006,0.04211741306114283,0.13231575546109312,0.0009862158269067702,0.006069785960151345,103.15542085581862,31.310906558493052,2.294552352328419,0.04358148546862487,0.04358148546862487,0.04358148546862487,0.22387138935301623
4.719999999999944,0,0.0,0.0011829647130217854,0.038809759760215216,0.12192445615027689,0.0007788559294039821,0.004415959309687532,87.98532563724925,3.384050986048048,25.0,0.0,0.0,0.043569885365284666,0.2243070882066691
4.719999999999944,1,0.0665,0.001220098978413393,0.03941418866102543,0.12382332554467962,0.0008015043634352296,0.004718173760092607,86.79531156020937,4.768039076671635,17.203565483527345,0.0058127485314454965,0.0058127485314454965,0.043569885365284666,0.2243070882066691
4.719999999999944,2,0.133,0.0013155788996998348,0.04092733902072066,0.12857702759847492,0.0009230243017136764,0.005474748939940279,85.64207755652,9.561295081320436,7.95716289771622,0.01256729330358449,0.01256729330358449,0.043569885365284666,0.2243070882066691
4.719999999999944,3,0.1995,0.0013348228468401304,0.04122558955082173,0.12951400927276968,0.0009484254729809079,0.005623874204990775,90.06663044084515,15.081334246169662,4.972059830430465,0.020112388710202295,0.020112388710202295,0.043569885365284666,0.2243070882066691
4.719999999999944,4,0.266,0.0013474377062776613,0.041419934472424765,0.13012456185074026,0.0009596047919674083,0.005721046665792286,94.92569221446358,20.641935125289866,3.5986818405491223,0.027787952486719697,0.027787952486719697,0.043569885365284666,0.2243070882066691
4.719999999999944,5,0.3325,0.0013631100454000562,0.04166012018260502,0.1308791275133398,0.000970731197223688,0.005841139520882411,99.51725060956682,26.087177688663473,2.814795597946701,0.03552655833089502,0.03552655833089502,0.043569885365284666,0.2243070882066691
4.719999999999944,6,0.399,0.001394503531826493,0.0421371218997494,0.1323776726036703,0.0009854419303282067,0.006079640379454627,103.05049829334435,31.273260308405444,2.295163256951724,0.043569885365284666,0.043569885365284666,0.043569885365284666,0.2243070882066691
4.729999999999944,0,0.0,0.0011839139476169617,0.03882532750241045,0.12197336365479043,0.0007783871097617927,0.00442374318078515,87.91471026582072,3.3813350102238733,25.0,0.0,0.0,0.0435583020979405,0.2247426712276485
4.729999999999944,1,0.0665,0.0012210909650871816,0.039430208019585994,0.1238736518438487,0.0008009679280280668,0.004726183439372887,86.72357451277936,4.763010846019146,17.20772140068958,0.00581134466739987,0.00581134466739987,0.0435583020979405,0.2247426712276485
4.729999999999944,2,0.133,0.0013167651141161017,0.040945786284065054,0.1286349813854765,0.0009223631672195487,0.0054839725716124745,85.56240244702384,9.550237746893572,7.959190830076971,0.012564091266930075,0.012564091266930075,0.0435583020979405,0.2247426712276485
4.729999999999944,3,0.1995,0.0013360505961247282,0.0412445445210999,0.1295735580681446,0.0009477485139085172,0.00563335169012986,89.97989760662487,15.0635892465112,4.9733371731086375,0.020107223081658455,0.020107223081658455,0.0435583020979405,0.2247426712276485
4.729999999999944,4,0.266,0.0013486857718880585,0.04143911266170577,0.13018481190929462,0.0009589094640500822,0.0057306357604327875,94.83244148548812,20.617507812410853,3.5996073991252753,0.02778080743591664,0.02778080743591664,0.0435583020979405,0.2247426712276485
4.729999999999944,5,0.3325,0.0013643798833588006,0.04167952040911188,0.13094007512241174,0.0009700113253429012,0.00585083963413584,99.41775641569488,26.056107928502332,2.8155259675963924,0.035517342461369575,0.035517342461369575,0.0435583020979405,0.2247426712276485
4.729999999999944,6,0.399,0.001395807319170444,0.0421568152924125,0.13243954122138496,0.0009846696331548934,0.006089487075786176,102.94581463692006,31.23570582921988,2.295773599603373,0.0435583020979405,0.0435583020979405,0.0435583020979405,0.2247426712276485
4.739999999999943,0,0.0,0.0011848629917595172,0.038840885883324426,0.12202224174997152,0.0007779190456984764,0.0044315223712421345,87.84422230123748,3.37862393466298,25.0,0.0,0.0,0.04354673758253855,0.22517813860347388
4.739999999999943,1,0.0665,0.0012220826913021626,0.03944621666905824,0.12392394449942461,0.0008004324736122722,0.0047341877641090095,86.65197449867556,4.7579937395432115,17.21187232310115,0.005809943167297589,0.005809943167297589,0.04354673758253855,0.22517813860347388
4.739999999999943,2,0.133,0.0013179510138289253,0.04096422034935838,0.1286928937095778,0.0009217032646663726,0.005493189604259138,85.48289493968818,9.539206176999087,7.961216830159761,0.012560893910233226,0.012560893910233226,0.04354673758253855,0.22517813860347388
4.739999999999943,3,0.1995,0.0013372780338770434,0.041263485977773864,0.12963306440927982,0.0009470728336980304,0.005642822418466841,89.89335080708776,15.045885980490413,4.974613321119806,0.020102064933458907,0.020102064933458907,0.04354673758253855,0.22517813860347388
4.739999999999943,4,0.266,0.0013499335111669464,0.04145827696830806,0.13024501835412752,0.000958215330114585,0.005740217913733934,94.73939480833697,20.593139183494472,3.6005319521305026,0.027773673815289467,0.027773673815289467,0.04354673758253855,0.22517813860347388
4.739999999999943,5,0.3325,0.0013656493713686203,0.04169890626706225,0.13100097759133214,0.0009692928975184565,0.005860532563111025,99.31848426622996,26.025113981539025,2.816255496005964,0.03550814197853171,0.03550814197853171,0.04354673758253855,0.22517813860347388
4.739999999999943,6,0.399,0.0013971106948318895,0.04217649327566698,0.1325013614290147,0.0009838991627240262,0.006099326067413416,102.84137044635304,31.198244187757403,2.296383278091955,0.04354673758253855,0.04354673758253855,0.04354673758253855,0.22517813860347388
4.749999999999943,0,0.0,0.0011858118456830392,0.03885643491802916,0.12207109048317033,0.0007774517352366811,0.0044392968885945015,87.77386138591466,3.375917745612102,25.0,0.0,0.0,0.04353519004783781,0.22561349050395227
4.749999999999943,1,0.0665,0.0012230741574354995,0.03946221462855979,0.1239742035714671,0.0007998979750776951,0.004742186743859786,86.58051069036082,4.752987306123006,17.216019760630125,0.00580854351879182,0.00580854351879182,0.04353519004783781,0.22561349050395227
4.749999999999943,2,0.133,0.0013191365992732587,0.04098264124116666,0.12875076464795526,0.0009210445904141353,0.00550240005016328,85.40355447060935,9.52820026493296,7.963240916012616,0.012557701199133428,0.012557701199133428,0.04353519004783781,0.22561349050395227
4.749999999999943,3,0.1995,0.0013385051605444218,0.04128241394634337,0.12969252837628514,0.0009463984284751088,0.005652286402751592,89.80698937581623,15.028224252396473,4.975888293089263,0.020096914180908056,0.020096914180908056,0.04353519004783781,0.22561349050395227
4.749999999999943,4,0.266,0.0013511809246700957,0.04147742742000508,0.1303051812724918,0.0009575225848507785,0.0057497931395824415,94.64655015523785,20.568827680184043,3.6014557381128776,0.02776654977089872,0.02776654977089872,0.04353519004783781,0.22561349050395227
4.749999999999943,5,0.3325,0.0013669185099539176,0.041718277784489055,0.1310618350081691,0.000968575871340207,0.0058702183218244264,99.21943108860889,25.994193266559105,2.816984434606488,0.035498953693710866,0.035498953693710866,0.04353519004783781,0.22561349050395227
4.749999999999943,6,0.399,0.0013984136594895726,0.04219615588131147,0.13256313332645786,0.0009831302822244042,0.00610915737023566,102.7371636183123,31.160873801110142,2.2969923845541254,0.04353519004783781,0.04353519004783781,0.04353519004783781,0.22561349050395227
4.759999999999943,0,0.0,0.0011867605096205934,0.03887197462155729,0.12211990990161325,0.0007769851764062123,0.004447066740358564,87.70362716362898,3.3732164293703453,25.0,0.0,0.0,0.04352365984512828,0.22604872710240356
4.759999999999943,1,0.0665,0.0012240653638911877,0.03947820191760128,0.12402442912127065,0.0007993644520744611,0.0047501803883805305,86.5091828778083,4.747991708765349,17.220163004518774,0.0058071459587089175,0.0058071459587089175,0.04352365984512828,0.22604872710240356
4.759999999999943,2,0.133,0.0013203218708830687,0.041001048983983775,0.12880859427755867,0.0009203871408555855,0.005511603921571836,85.32438043423818,9.517219860350535,7.965263142622781,0.012554513041118723,0.012554513041118723,0.04352365984512828,0.22604872710240356
4.759999999999943,3,0.1995,0.0013397319765731004,0.0413013284522311,0.12975195004902831,0.0009457252943864328,0.005661743655695457,89.7208126365829,15.010603854626366,4.977162111898007,0.02009177072230538,0.02009177072230538,0.04352365984512828,0.22604872710240356
4.759999999999943,4,0.266,0.001352428012869759,0.04149656404322378,0.13036530074741018,0.0009568311609350168,0.0057593614511917916,94.55390751063678,20.54457376843937,3.6023786415024457,0.027759436181392903,0.027759436181392903,0.04352365984512828,0.22604872710240356
4.759999999999943,5,0.3325,0.001368187299619499,0.04173763498905948,0.13112264745984156,0.0009678602285214491,0.005879896924109641,99.12059730866577,25.963346695846667,2.8177126573794893,0.035489779178903696,0.035489779178903696,0.04352365984512828,0.22604872710240356
4.759999999999943,6,0.399,0.0013997162138160884,0.0422158031409758,0.13262485701308246,0.000982362983216404,0.006118981000067824,102.6331935984629,31.12359461721406,2.2976008992771613,0.04352365984512828,0.04352365984512828,0.04352365984512828,0.22604872710240356
4.769999999999943,0,0.0,0.0011877089838047252,0.038887505008902166,0.12216870005240332,0.0007765193672440004,0.004454831934031004,87.63351927951221,3.3705199722889314,25.0,0.0,0.0,0.04351214647469462,0.2264838485671505
4.769999999999943,1,0.0665,0.0012250563110583585,0.039494178555413484,0.12407462120925054,0.0007988318906102794,0.004758168707286633,86.4379906801061,4.743006939932695,17.22430196177041,0.0058057505158671426,0.0058057505158671426,0.04351214647469462,0.2264838485671505
4.769999999999943,2,0.133,0.001321506829091237,0.04101944360223009,0.1288663826751069,0.0009197309123157609,0.005520801230694993,85.24537243408159,9.506265019980239,7.967283392048627,0.012551329616290581,0.012551329616290581,0.04351214647469462,0.2264838485671505
4.769999999999943,3,0.1995,0.0013409584824081173,0.041320229520781536,0.12981132950713137,0.0009450534275218388,0.005671194189970675,89.63482011518481,14.993024779531227,4.97843473436768,0.020086634722690844,0.020086634722690844,0.04351214647469462,0.2264838485671505
4.769999999999943,4,0.266,0.001353674776321483,0.041515686865605854,0.13042537686572162,0.0009561411191036621,0.0057689228623828285,94.46146610698413,20.52037715556047,3.6033006796557645,0.027752332899832647,0.027752332899832647,0.04351214647469462,0.2264838485671505
4.769999999999943,5,0.3325,0.0013694557409740724,0.04175697790995875,0.13118341503803768,0.0009671460449633372,0.005889568384559275,99.02198186782255,25.93257369409472,2.8184401994149733,0.03548061797470711,0.03548061797470711,0.04351214647469462,0.2264838485671505
4.769999999999943,6,0.399,0.001401018358632554,0.04223543508845289,0.13268653259505217,0.0009815973738548306,0.006128796973806372,102.52945922761954,31.08640597658446,2.298208847457274,0.04351214647469462,0.04351214647469462,0.04351214647469462,0.2264838485671505
4.7799999999999425,0,0.0,0.0011886572684674636,0.03890302609501805,0.12221746098252072,0.0007760543057940684,0.004462592477088944,87.56353738004475,3.3678283607709516,25.0,0.0,0.0,0.043500651435678925,0.2269188550815073
4.7799999999999425,1,0.0665,0.0012260469993252265,0.03951014456117269,0.12412477989565084,0.0007983002879603668,0.004766151710166236,86.3669336877,4.738032961000045,17.228436652637964,0.0058043571808756265,0.0058043571808756265,0.043500651435678925,0.2269188550815073
4.7799999999999425,2,0.133,0.0013226914743075418,0.04103782511991121,0.12892412991601573,0.0009190758840562397,0.005529991989535556,85.16652986113164,9.495335586057633,7.969301726016396,0.012548150821488205,0.012548150821488205,0.043500651435678925,0.2269188550815073
4.7799999999999425,3,0.1995,0.0013421846785125855,0.04133911717755805,0.129870666830904,0.000944382838825843,0.005680638018358933,89.54901113176314,14.97548681174227,4.979706186349001,0.02008150606839669,0.02008150606839669,0.043500651435678925,0.2269188550815073
4.7799999999999425,4,0.266,0.0013549212153344135,0.041534795910951605,0.13048540970219694,0.0009554522672874037,0.005778477385055702,94.36922539670572,20.496237771315332,3.6042218308365004,0.027745240080517215,0.027745240080517215,0.043500651435678925,0.2269188550815073
4.7799999999999425,5,0.3325,0.0013707238345568092,0.04177630657524368,0.1312441378309005,0.0009664332642466428,0.005899232717201741,98.92358456309233,25.901874545014948,2.8191670024180193,0.03547147079766091,0.03547147079766091,0.043500651435678925,0.2269188550815073
4.7799999999999425,6,0.399,0.0014023200947651695,0.04225505175753279,0.13274816017852148,0.0009808334539947565,0.00613860530834632,102.42596076738131,31.04930864584614,2.298816148715895,0.043500651435678925,0.043500651435678925,0.043500651435678925,0.2269188550815073
4.789999999999942,0,0.0,0.0011896053638403192,0.0389185378948202,0.12226619273882311,0.0007755899901074974,0.004470348376990019,87.4936811130489,3.365141581271111,25.0,0.0,0.0,0.04348917260125621,0.22735374680751985
4.789999999999942,1,0.0665,0.0012270374290792045,0.039526099954002684,0.12417490524055069,0.0007977696414997998,0.004774129406581234,86.29601124333291,4.733069484137296,17.232568005297775,0.00580296563862433,0.00580296563862433,0.04348917260125621,0.22735374680751985
4.789999999999942,2,0.133,0.0013238758069850894,0.04105619356164903,0.12898183607763716,0.0009184220868907506,0.005539176210404463,85.08785204702126,9.48443133823335,7.971318259642801,0.01254497646973652,0.01254497646973652,0.04348917260125621,0.22735374680751985
4.789999999999942,3,0.1995,0.0013434105653102012,0.041357991447457505,0.129929962098562,0.0009437134949727702,0.005690075153308661,89.46338494419636,14.957989672645203,4.980976515032951,0.020076384559973875,0.020076384559973875,0.04348917260125621,0.22735374680751985
4.789999999999942,4,0.266,0.001356167330551387,0.0415538912081161,0.13054539934748705,0.0009547648582248049,0.0057880250336379505,94.2771839705788,20.472154668326272,3.6051422284553576,0.02773815668372272,0.02773815668372272,0.04348917260125621,0.22735374680751985
4.789999999999942,5,0.3325,0.0013719915809104978,0.0417956210129597,0.1313048159265374,0.0009657218858010623,0.005908889936059751,98.82540320862906,25.871247543616775,2.819893224786228,0.03546233563775482,0.03546233563775482,0.04348917260125621,0.22735374680751985
4.789999999999942,6,0.399,0.0014036214228759969,0.04227465317945442,0.1328097398616304,0.0009800710960814448,0.006148406019307134,102.32269589296922,31.01230080321914,2.2994229142246647,0.04348917260125621,0.04348917260125621,0.04348917260125621,0.22735374680751985
4.799999999999942,0,0.0,0.0011905532701542898,0.038934040423185046,0.12231489536804618,0.0007751264182423967,0.0044780996411724425,87.42395012768279,3.3624596202954917,25.0,0.0,0.0,0.043477711814422844,0.2277885239256641
4.799999999999942,1,0.0665,0.001228027600706624,0.03954204475297043,0.12422499730385073,0.0007972399483871015,0.004782101806065105,86.22522332489831,4.728116855177839,17.236694643126604,0.005801576350363469,0.005801576350363469,0.043477711814422844,0.2277885239256641
4.799999999999942,2,0.133,0.0013250598275316037,0.04107454895130551,0.12903950123493574,0.0009177694828240773,0.005548353905232704,85.00933867843474,9.473552411795698,7.973332809410335,0.01254180684418157,0.01254180684418157,0.043477711814422844,0.2277885239256641
4.799999999999942,3,0.1995,0.0013446361432617614,0.04137685235588916,0.1299892153899309,0.0009430454215826234,0.005699505607524487,89.37794119265426,14.94053346175002,4.982245642130185,0.02007127050388557,0.02007127050388557,0.043477711814422844,0.2277885239256641
4.799999999999942,4,0.266,0.001357413122288892,0.04157297278089028,0.13060534587633335,0.0009540786387089906,0.00579756582002504,94.18534222780636,20.448128723819146,3.6060616841722974,0.02773108414615295,0.02773108414615295,0.043477711814422844,0.2277885239256641
4.799999999999942,5,0.3325,0.0013732589805467428,0.041814921250611106,0.13136544941135558,0.0009650118825703011,0.005918540054885454,98.7274388914209,25.84069425583299,2.8206186689096127,0.03545321496388512,0.03545321496388512,0.043477711814422844,0.2277885239256641
4.799999999999942,6,0.399,0.0014049223437908123,0.042294239387846565,0.13287127175002683,0.0009793104196072063,0.006158199123503206,102.21966512910541,30.97538346581925,2.3000290453838246,0.043477711814422844,0.043477711814422844,0.043477711814422844,0.2277885239256641
4.809999999999942,0,0.0,0.0011915009876398586,0.03894953369495032,0.12236356891680404,0.0007746635882638685,0.004485846277055081,87.35434407443366,3.3597824644012944,25.0,0.0,0.0,0.043466267029413634,0.22822318659595822
4.809999999999942,1,0.0665,0.001229017514593063,0.0395579789770915,0.12427505614529014,0.0007967112060534988,0.0047900689181256395,86.15456918011806,4.723174688285283,17.240817853678813,0.005800188880173233,0.005800188880173233,0.043466267029413634,0.22822318659595822
4.809999999999942,2,0.133,0.0013262435363760575,0.0410928913130167,0.1290971254637371,0.0009171180855594975,0.005557525086088299,84.93098901343143,9.462698508929723,7.975345556374229,0.012538641654225982,0.012538641654225982,0.043466267029413634,0.22822318659595822
4.809999999999942,3,0.1995,0.0013458614128078797,0.041395699927892604,0.13004842678367493,0.0009423786001722223,0.00570892939352621,89.29267904638574,14.923117807741473,4.983513646194265,0.020066163574442405,0.020066163574442405,0.043466267029413634,0.22822318659595822
4.809999999999942,4,0.266,0.0013586585912176137,0.04159204065842925,0.13066524938032933,0.0009533938769485033,0.005807099758794525,94.09369848464222,20.424158712271076,3.6069803809402248,0.027724021047747755,0.027724021047747755,0.043466267029413634,0.22822318659595822
4.809999999999942,5,0.3325,0.0013745260340196214,0.0418342073162833,0.131426038373588,0.0009643032836100131,0.005928183087721554,98.62968906539335,25.810212610787193,2.821343533767397,0.035444106257584304,0.035444106257584304,0.043466267029413634,0.22822318659595822
4.809999999999942,6,0.399,0.0014062228581675704,0.04231381041373439,0.13293275594117923,0.000978551294391207,0.006167984636447119,102.11686621931555,30.938554875660515,2.300634649217288,0.043466267029413634,0.043466267029413634,0.043466267029413634,0.22822318659595822
4.819999999999942,0,0.0,0.0011924485165269987,0.0389650177249152,0.12241221343158967,0.0007742014982439787,0.004493588292037521,87.28486260511174,3.3571101001966053,25.0,0.0,0.0,0.04345484046287579,0.22865773500058698
4.819999999999942,1,0.0665,0.001230007171136836,0.039573902645547235,0.12432508182512887,0.0007961834227867303,0.004798030752353507,86.0840487957156,4.718243335155703,17.244936235971988,0.005798803697018347,0.005798803697018347,0.04345484046287579,0.22865773500058698
4.819999999999942,2,0.133,0.001327426933968466,0.04111122067118906,0.1291547088407164,0.0009164679086179289,0.005566689765174478,84.8528027051838,9.45186972627658,7.9773563498542055,0.012535481131142851,0.012535481131142851,0.04345484046287579,0.22865773500058698
4.819999999999942,3,0.1995,0.0013470863744071055,0.041414534188724664,0.13010759635914074,0.0009417130416029943,0.0057183465239422394,89.2075980875731,14.905742749162506,4.984780469432517,0.02006106399533866,0.02006106399533866,0.04345484046287579,0.22865773500058698
4.819999999999942,4,0.266,0.0013599037376455102,0.04161109486427166,0.13072510993342382,0.0009527102921206002,0.005816626861715731,94.00225316599523,20.400245534054967,3.6078981259844842,0.027716968857792536,0.027716968857792536,0.04345484046287579,0.22865773500058698
4.819999999999942,5,0.3325,0.0013757927419041224,0.04185347923831358,0.13148658290225887,0.0009635961015139209,0.005937819048736693,98.53215500478206,25.77980435809179,2.8220676012948362,0.03543501224212966,0.03543501224212966,0.04345484046287579,0.22865773500058698
4.819999999999942,6,0.399,0.0014075229668174738,0.04233336629037391,0.13299419253956446,0.0009777938319762485,0.0061777625747668815,102.01429995940317,30.90181631629939,2.3012396072523087,0.04345484046287579,0.04345484046287579,0.04345484046287579,0.22865773500058698
4.8299999999999415,0,0.0,0.0011933958570451721,0.03898049252784044,0.12246082895877534,0.0007737401462617223,0.004501325693500138,87.21550537284375,3.354442514340144,25.0,0.0,0.0,0.04344343063092224,0.2290921693068962
4.8299999999999415,1,0.0665,0.001230996570707897,0.03958981577702363,0.12437507440207074,0.0007956565738198384,0.004805987318091705,86.013661353006,4.713322341506696,17.249051331700397,0.005797420279932699,0.005797420279932699,0.04344343063092224,0.2290921693068962
4.8299999999999415,2,0.133,0.0013286100207136112,0.04112953704947302,0.12921225144017365,0.0009158189141977779,0.005575847954316456,84.77477917640239,9.441065929345749,7.979365233844644,0.012532325199985574,0.012532325199985574,0.04344343063092224,0.2290921693068962
4.8299999999999415,3,0.1995,0.0013483110284785633,0.04143335516297763,0.13016672419358724,0.0009410487126484283,0.005727757011068724,89.12269778800936,14.888408213212706,4.986046091140723,0.020055971840629676,0.020055971840629676,0.04344343063092224,0.2290921693068962
4.8299999999999415,4,0.266,0.0013611485622067418,0.041630135426887975,0.13078492762505944,0.0009520281308156195,0.005826147143023887,93.91100472172562,20.376388092804135,3.6088150801804773,0.027709926327119813,0.027709926327119813,0.04344343063092224,0.2290921693068962
4.8299999999999415,5,0.3325,0.0013770591047413021,0.04187273704445682,0.13154708308456273,0.0009628903071619244,0.0059474479518083125,98.43483428584825,25.749467548414987,2.8227910577478106,0.03542593056100508,0.03542593056100508,0.04344343063092224,0.2290921693068962
4.8299999999999415,6,0.399,0.001408822670552296,0.04235290705095202,0.13305558164944223,0.000977038028905551,0.006187532955055937,101.91196450261822,30.865166434300853,2.3018439968417646,0.04344343063092224,0.04344343063092224,0.04344343063092224,0.2290921693068962
4.839999999999941,0,0.0,0.0011943430094233335,0.0389959581184485,0.12250941554461306,0.0007732795304029934,0.004509058488804168,87.14627203206675,3.3517796935410287,25.0,0.0,0.0,0.04343203863649327,0.22952648969326112
4.839999999999941,1,0.0665,0.001231985713688961,0.03960571839037334,0.12442503393534306,0.0007951306674854389,0.00481393862476656,85.94340683795788,4.708412054427326,17.253161754852187,0.005796039092479762,0.005796039092479762,0.04343203863649327,0.22952648969326112
4.839999999999941,2,0.133,0.0013297927970374625,0.04114784047179241,0.12926975333726778,0.000915171115969574,0.005584999665476152,84.6969178316844,9.430286961108186,7.981372272231616,0.012529173754733244,0.012529173754733244,0.04343203863649327,0.22952648969326112
4.839999999999941,3,0.1995,0.0013495353754595563,0.04145216287546553,0.13022581036497005,0.0009403856243948391,0.005737160867312672,89.03797727585197,14.871113779348356,4.9873106074610085,0.020050886714454916,0.020050886714454916,0.04343203863649327,0.22952648969326112
4.839999999999941,4,0.266,0.0013623930653015902,0.04164916237110825,0.13084470253324212,0.0009513472110136778,0.005835660615134024,93.81995305048541,20.352586756628046,3.609731144859604,0.02770289420097224,0.02770289420097224,0.04343203863649327,0.22952648969326112
4.839999999999941,5,0.3325,0.0013783251230318893,0.04189198076178972,0.13160753900556352,0.0009621858666448873,0.005957069810474762,98.33772741937467,25.719203163085567,2.823513768907021,0.03541686288241828,0.03541686288241828,0.04343203863649327,0.22952648969326112
4.839999999999941,6,0.399,0.0014101219700239295,0.04237243272617609,0.13311692336728254,0.000976283761203406,0.006197295792667971,101.80985984578462,30.828605717614373,2.3024477583692367,0.04343203863649327,0.04343203863649327,0.04343203863649327,0.22952648969326112
4.849999999999941,0,0.0,0.0011952899738899311,0.03901141451142371,0.12255797323523497,0.000772819648760553,0.004516786685291774,87.07716223852182,3.3491216245585314,25.0,0.0,0.0,0.04342066267841657,0.2299606963200453
4.849999999999941,1,0.0665,0.0012329746004757318,0.03962161050461906,0.12447496048470742,0.00079460571228616,0.004821884681889422,85.87328459649531,4.7035121804111295,17.257268462944474,0.005794659810428526,0.005794659810428526,0.04342066267841657,0.2299606963200453
4.849999999999941,2,0.133,0.0013309752633650013,0.041166130962001,0.12932721460693766,0.0009145245104297244,0.005594144910580449,84.6192181586518,9.419532746923077,7.983377459597766,0.012526026798316811,0.012526026798316811,0.04342066267841657,0.2299606963200453
4.849999999999941,3,0.1995,0.0013507594158053372,0.04147095735122017,0.1302848549519289,0.0009397237877318242,0.00574655810518999,88.95343608168479,14.85385942853697,4.988573980361564,0.020045808760914108,0.020045808760914108,0.04342066267841657,0.2299606963200453
4.849999999999941,4,0.266,0.0013636372474168823,0.0416681757230261,0.13090443473994737,0.0009506675958922137,0.005845167291092946,93.72909702212368,20.328840850191984,3.610646406887411,0.027695871799921244,0.027695871799921244,0.04342066267841657,0.2299606963200453
4.849999999999941,5,0.3325,0.0013795907973326378,0.04191121041817604,0.13166795075279786,0.0009614828193162861,0.005966684638667925,98.24083260648464,25.689009869603158,2.8242358543654635,0.03540780768908819,0.03540780768908819,0.04342066267841657,0.2299606963200453
4.849999999999941,6,0.399,0.001411420866049196,0.0423919433491576,0.1331782177971082,0.0009755311490754827,0.006207051104158727,101.70798393842679,30.792132596643203,2.3030509861312582,0.04342066267841657,0.04342066267841657,0.04342066267841657,0.2299606963200453
4.859999999999941,0,0.0,0.001196236750672908,0.03902686172141239,0.12260650207665387,0.0007723604994339973,0.0045245102902861135,87.00817564924785,3.34646829420184,25.0,0.0,0.0,0.043409304261629166,0.23039478936266158
4.859999999999941,1,0.0665,0.0012339632314353997,0.039637492138286684,0.12452485410836463,0.0007940816833811638,0.004829825498723233,85.803294371278,4.698622822151244,17.26137096316093,0.005793282596928086,0.005793282596928086,0.043409304261629166,0.23039478936266158
4.859999999999941,2,0.133,0.0013321574200980326,0.041184408543539726,0.12938463532282513,0.0009138790769362144,0.005603283701349811,84.54167975346424,9.408803318797997,7.98538070028067,0.012522884475186662,0.012522884475186662,0.043409304261629166,0.23039478936266158
4.859999999999941,3,0.1995,0.0013519831499508607,0.04148973861490387,0.13034385803194276,0.000939063184185033,0.00575594873703184,88.86907376436761,14.83664516909557,4.989836162522784,0.02004073816111861,0.02004073816111861,0.043409304261629166,0.23039478936266158
4.859999999999941,4,0.266,0.001364881109069008,0.04168717550912568,0.1309641243283776,0.0009499893049790676,0.005854667184142737,93.63843640148599,20.3051505958742,3.611560793866379,0.02768885966694316,0.02768885966694316,0.043409304261629166,0.23039478936266158
4.859999999999941,5,0.3325,0.0013808561281756261,0.04193042604103962,0.13172831841242022,0.0009607811431792788,0.005976292450099717,98.14414986177994,25.658888149869092,2.8249572346446605,0.035398765961346876,0.035398765961346876,0.043409304261629166,0.23039478936266158
4.859999999999941,6,0.399,0.001412719359277025,0.04241143895041089,0.13323946503478287,0.0009747800626646228,0.006216798904785373,101.60633706872699,30.755747846593128,2.3036535991753526,0.043409304261629166,0.043409304261629166,0.043409304261629166,0.23039478936266158
4.869999999999941,0,0.0,0.001197183339999704,0.03904229976302299,0.12265500211476354,0.000771902080529727,0.004532229311091411,86.9393119225754,3.3438196893298233,25.0,0.0,0.0,0.04339796255958512,0.23082876898825744
4.869999999999941,1,0.0665,0.0012349516069618165,0.039653363310292115,0.12457471486574075,0.000793558600271685,0.00483776108472595,85.73343572330059,4.693743897413961,17.26546944125686,0.005791907387183119,0.005791907387183119,0.04339796255958512,0.23082876898825744
4.869999999999941,2,0.133,0.0013333392676817652,0.0412026732404664,0.12944201556051,0.0009132348463335339,0.005612416049813147,84.46430190791484,9.398098401244383,7.987382159855988,0.01251974652002916,0.01251974652002916,0.04339796255958512,0.23082876898825744
4.869999999999941,3,0.1995,0.0013532065783301262,0.04150850669110703,0.13040281968226464,0.0009384038101582755,0.005765332775133423,88.78488945483414,14.819470578397238,4.991097251764066,0.0200356745131856,0.0200356745131856,0.04339796255958512,0.23082876898825744
4.869999999999941,4,0.266,0.0013661246506032497,0.04170616175321777,0.13102377137333657,0.0009493122046045752,0.005864160306188782,93.54797030187476,20.28151556413538,3.6124743491704048,0.027681857456777443,0.027681857456777443,0.04339796255958512,0.23082876898825744
4.869999999999941,5,0.3325,0.0013821211160655893,0.04194962765732499,0.1317886420690794,0.0009600808142683154,0.0059858932582424005,98.04767827371735,25.628837556314704,2.825677932456961,0.035389737397654795,0.035389737397654795,0.04339796255958512,0.23082876898825744
4.869999999999941,6,0.399,0.0014140174505023076,0.04243091956256821,0.13330066518282374,0.0009740306078658761,0.006226539210864032,101.50491788614735,30.71945059335388,2.304255640174367,0.04339796255958512,0.04339796255958512,0.04339796255958512,0.23082876898825744
4.87999999999994,0,0.0,0.0011981297420972576,0.039057728650826205,0.12270347339533919,0.0007714443901609149,0.00453994375499302,86.87057071812052,3.341175796850789,25.0,0.0,0.0,0.04338663706875138,0.23126263535894495
4.87999999999994,1,0.0665,0.0012359397274204873,0.039669224039057815,0.12462454281471165,0.0007930364382849062,0.004845691449108799,85.66370816218482,4.688875272970303,17.269564271842672,0.005790534053198202,0.005790534053198202,0.04338663706875138,0.23126263535894495
4.87999999999994,2,0.133,0.001334520806516061,0.04122092507608377,0.12949935539320007,0.0009125917808685765,0.005621541967621832,84.38708428270058,9.387418088314172,7.9893816903445405,0.012516613159295375,0.012516613159295375,0.04338663706875138,0.23126263535894495
4.87999999999994,3,0.1995,0.0013544297013759004,0.041527261604344126,0.13046173997990898,0.0009377456618547337,0.005774710231751971,88.7008828722407,14.802335820096417,4.992357148918065,0.020030618206406135,0.020030618206406135,0.04338663706875138,0.23126263535894495
4.87999999999994,4,0.266,0.0013673678725676067,0.041725134482149574,0.13108337595916725,0.0009486364465900292,0.0058736466706546826,93.45769792771335,20.257935405426483,3.6133871027488262,0.027674864927681456,0.027674864927681456,0.04338663706875138,0.23126263535894495
4.87999999999994,5,0.3325,0.0013833857615676867,0.041968815294829896,0.13184892181010455,0.0009593818752453481,0.005995487076994854,97.95141648492206,25.598857192097796,2.8263980204225305,0.03538072107234584,0.03538072107234584,0.04338663706875138,0.23126263535894495
4.87999999999994,6,0.399,0.0014153151405280773,0.042450385218308115,0.13336181834389352,0.0009732827869950937,0.006236272038733982,101.40372526365606,30.683240191511747,2.304857134733395,0.04338663706875138,0.04338663706875138,0.04338663706875138,0.23126263535894495
4.88999999999994,0,0.0,0.0011990759571920068,0.039073148399355155,0.12275191596403794,0.000770987426447477,0.004547653629257495,86.80195169677864,3.3385366037222552,25.0,0.0,0.0,0.04337532903354132,0.23169638864928035
4.88999999999994,1,0.0665,0.0012369275931897294,0.03968507434317405,0.12467433801368039,0.0007925152058116744,0.0048536166011669156,85.59411143961388,4.684017054421956,17.27365495153537,0.0057891627614751855,0.0057891627614751855,0.04337532903354132,0.23169638864928035
4.88999999999994,2,0.133,0.001335702037044184,0.04123916407431128,0.12955665489604043,0.0009119499113756238,0.005630661466735589,84.31002620286654,9.376762134048525,7.991379433282556,0.012513484165639698,0.012513484165639698,0.04337532903354132,0.23169638864928035
4.88999999999994,3,0.1995,0.0013556525195200031,0.04154600337905832,0.13052061900166634,0.0009370887357095776,0.005784081119109066,88.61705315107116,14.785240471229018,4.993615952578748,0.020025568836217596,0.020025568836217596,0.04337532903354132,0.23169638864928035
4.88999999999994,4,0.266,0.001368610775462925,0.041744093721987216,0.13114293816775885,0.0009479619918821723,0.005883126290573504,93.36761889310334,20.234410188833667,3.6142990095470213,0.027667882412565795,0.027667882412565795,0.04337532903354132,0.23169638864928035
4.88999999999994,5,0.3325,0.0013846500652286008,0.04198798898100714,0.13190915772174122,0.0009586843088623564,0.006005073920083478,97.85536467028038,25.56894769380554,2.8271174020191414,0.03537171817787953,0.03537171817787953,0.04337532903354132,0.23169638864928035
4.88999999999994,6,0.399,0.0014166124299980435,0.04246983594784517,0.13342292461291408,0.0009725364768526222,0.006245997403502509,101.30275931341032,30.647117233097127,2.305458015607718,0.04337532903354132,0.04337532903354132,0.04337532903354132,0.23169638864928035
4.89999999999994,0,0.0,0.0012000219855098917,0.03908855902310548,0.12280032986639919,0.0007705311875160406,0.004555358941132655,86.73345452071857,3.335902096950714,25.0,0.0,0.0,0.043364038038551427,0.23213002902966587
4.89999999999994,1,0.0665,0.0012379152046469982,0.03970091424117938,0.12472410052088753,0.0007919949002662331,0.004861536550169578,85.52464512028764,4.679169159867992,17.277741667005785,0.005787793447043123,0.005787793447043123,0.043364038038551427,0.23213002902966587
4.89999999999994,2,0.133,0.00133688295966408,0.04125739025831481,0.12961391414180892,0.0009113092001767117,0.005639774558737356,84.23312728386206,9.36613058354027,7.993375282626379,0.012510359699656571,0.012510359699656571,0.043364038038551427,0.23213002902966587
4.89999999999994,3,0.1995,0.0013568750331930553,0.04156473203961785,0.13057945682409175,0.0009364330279766342,0.005793445449388833,88.5333999608481,14.768184641949807,4.994873581778244,0.02002052671859587,0.02002052671859587,0.043364038038551427,0.23213002902966587
4.89999999999994,4,0.266,0.0013698533596436858,0.041763039496505276,0.13120245807380135,0.0009472887259030777,0.005892599177832535,93.27773266862529,20.210939835450677,3.615210050994906,0.027660910041030672,0.027660910041030672,0.043364038038551427,0.23213002902966587
4.89999999999994,5,0.3325,0.0013859140275453742,0.0420071487424932,0.13196934988767034,0.0009579880743028301,0.006014653800826506,97.75952208595595,25.53910877633728,2.8278360823825213,0.035362728633035745,0.035362728633035745,0.043364038038551427,0.23213002902966587
4.89999999999994,6,0.399,0.0014179093197027866,0.04248927178352343,0.13348398409149728,0.000971791783913091,0.00625571532134164,101.20201898747241,30.61108113996382,2.3060583036823776,0.043364038038551427,0.043364038038551427,0.043364038038551427,0.23213002902966587
4.90999999999994,0,0.0,0.001200967827276355,0.039103960536535476,0.12284871514784504,0.0007700756714999129,0.004563059697847654,86.66507885337634,3.333272263591398,25.0,0.0,0.0,0.04335276280341487,0.2325635566577
4.90999999999994,1,0.0665,0.0012389025621690006,0.039716743751562575,0.1247738303944173,0.000791475519159864,0.004869451305361177,85.45530873192567,4.674331469015456,17.281824748283185,0.005786425997054172,0.005786425997054172,0.04335276280341487,0.2325635566577
4.90999999999994,2,0.133,0.0013380635747949376,0.041275603651535014,0.12967113320414644,0.0009106696610102147,0.005648881255347458,84.15638690630749,9.35552324272461,7.995369336691275,0.012507239601939767,0.012507239601939767,0.04335276280341487,0.2325635566577
4.90999999999994,3,0.1995,0.0013580972428437628,0.041583447610611515,0.13063825352443317,0.0009357785496832195,0.005802803234885665,88.44992250547085,14.751167974866942,4.996130113640624,0.020015491535533916,0.020015491535533916,0.04335276280341487,0.2325635566577
4.90999999999994,4,0.266,0.0013710956256962352,0.04178197183295503,0.1312619357629072,0.0009466168224878125,0.005902065346057413,93.18803803192688,20.187523563713192,3.616120334810712,0.027653946976638588,0.027653946976638588,0.04335276280341487,0.2325635566577
4.90999999999994,5,0.3325,0.0013871776490205808,0.0420262946059459,0.13202949839164,0.0009572931726351485,0.0060242267325528575,97.66388700988117,25.5093391717931,2.828554175871118,0.035353750991600756,0.035353750991600756,0.04335276280341487,0.2325635566577
4.90999999999994,6,0.399,0.0014192058102913971,0.042508692755493155,0.13354499687436294,0.000971048598486403,0.006265425807326504,101.10150262180632,30.57513072310027,2.306658065910463,0.04335276280341487,0.04335276280341487,0.04335276280341487,0.2325635566577
4.9199999999999395,0,0.0,0.0012019134827163445,0.03911935295406626,0.12289707185368073,0.0007696208765390521,0.004570755906613044,86.59682435944936,3.330647090748052,25.0,0.0,0.0,0.04334150475057944,0.2329969717052058
4.9199999999999395,1,0.0665,0.001239889666144953,0.03973256289297524,0.12482352769286544,0.0007909570706334799,0.004877360876067512,85.386102121074,4.669504179000456,17.285903352452202,0.005785060691422521,0.005785060691422521,0.04334150475057944,0.2329969717052058
4.9199999999999395,2,0.133,0.0013392438828549232,0.04129380427734352,0.12972831215647718,0.0009100312904252167,0.005657981568251711,84.07980468804686,9.344940154180955,7.997361491975879,0.012504124028948124,0.012504124028948124,0.04334150475057944,0.2329969717052058
4.9199999999999395,3,0.1995,0.0013593191489005797,0.041602150116261574,0.13069700917878713,0.0009351252825028057,0.005812154487710693,88.36662042696646,14.734190549848952,4.997385477539678,0.020010463561284487,0.020010463561284487,0.04334150475057944,0.2329969717052058
4.9199999999999395,4,0.266,0.0013723375740452995,0.041800890756063976,0.1313213713127601,0.0009459461554472194,0.005911524807611886,93.09853522952722,20.164162071403744,3.6170297034835373,0.02764699441193161,0.02764699441193161,0.04334150475057944,0.2329969717052058
4.9199999999999395,5,0.3325,0.001388440930184538,0.04204542659838079,0.132089603318522,0.0009565996217446433,0.006033792728770304,97.56846018048094,25.479640071098995,2.8292715245672064,0.03534478721171769,0.03534478721171769,0.04334150475057944,0.2329969717052058
4.9199999999999395,6,0.399,0.0014205019025471147,0.04252809889584204,0.13360596306231753,0.0009703070174443592,0.006275128877500947,101.00121047358734,30.5392667055671,2.3072572255042227,0.04334150475057944,0.04334150475057944,0.04334150475057944,0.2329969717052058
4.929999999999939,0,0.0,0.001202858952054314,0.03913473629008186,0.12294540002909504,0.0007691668007800366,0.004578447574620845,86.52869070489022,3.328026565572701,25.0,0.0,0.0,0.04333026333717784,0.23343027433857758
4.929999999999939,1,0.0665,0.0012408765169359857,0.039748371683581314,0.12487319247329562,0.0007904395303035332,0.004885265271370547,85.31702477714643,4.6646871292986605,17.28997795828033,0.005783697367416776,0.005783697367416776,0.04333026333717784,0.23343027433857758
4.929999999999939,2,0.133,0.0013404238842390946,0.04131199215870282,0.12978545107093992,0.0009093940679649988,0.00566707550893136,84.00338014129211,9.334381253034547,7.9993517367831055,0.01250101299336219,0.01250101299336219,0.04333026333717784,0.23343027433857758
4.929999999999939,3,0.1995,0.0013605407517718652,0.04162083958042708,0.130755723862109,0.00093447320827528,0.0058214992197934455,88.28349313278802,14.71725220924904,4.99863968338508,0.02000544274723158,0.02000544274723158,0.04333026333717784,0.23343027433857758
4.929999999999939,4,0.266,0.0013735792051659103,0.04181979629126773,0.13138076480326838,0.0009452767601876768,0.005920977575213763,93.00922311899743,20.140854656837185,3.6179382505708975,0.027640051618962918,0.027640051618962918,0.04333026333717784,0.23343027433857758
4.929999999999939,5,0.3325,0.0013897038716382995,0.04206454474782107,0.13214966475635379,0.0009559074720139955,0.006043351803490444,97.47324007335423,25.45001040184853,2.8299882213908405,0.03533583611554874,0.03533583611554874,0.04333026333717784,0.23343027433857758
4.929999999999939,6,0.399,0.0014217975971049968,0.04254749023436652,0.13366688274896932,0.0009695669262239013,0.006284824546763186,100.90114140654867,30.503488421579693,2.30785581019534,0.04333026333717784,0.04333026333717784,0.04333026333717784,0.23343027433857758
4.939999999999939,0,0.0,0.001203804235514226,0.03915011055892938,0.12299369971916072,0.0007687134423760349,0.0045861347090446055,86.4606775569011,3.325410675265427,25.0,0.0,0.0,0.043319038630151706,0.2338634647248791
4.939999999999939,1,0.0665,0.0012418631149160805,0.039764170141713524,0.12492282479330181,0.0007899229066104916,0.004893164500436652,85.24807624098233,4.659880207646637,17.29404886870147,0.0057823359214034965,0.0057823359214034965,0.043319038630151706,0.2338634647248791
4.939999999999939,2,0.133,0.0013416035793859598,0.04133016731919246,0.129842550021612,0.0009087580244817942,0.005676163089176178,83.92711256336777,9.323846256481545,8.001340246791948,0.012497906215161133,0.012497906215161133,0.043319038630151706,0.2338634647248791
4.939999999999939,3,0.1995,0.0013617620519031461,0.04163951602748023,0.13081439765096634,0.0009338223526574358,0.00583083744332002,88.20053975734575,14.70035251946436,4.999892835261038,0.020000428668143472,0.020000428668143472,0.043319038630151706,0.2338634647248791
4.939999999999939,4,0.266,0.0013748205195090806,0.041838688463577606,0.13144011631300742,0.0009446086154936177,0.005930423661368699,92.92010084198151,20.117600903201996,3.618846018920277,0.0276331182584652,0.0276331182584652,0.043319038630151706,0.2338634647248791
4.939999999999939,5,0.3325,0.0013909664738453078,0.042083649080143636,0.1322096827864301,0.0009552166161283543,0.006052903969651728,97.37822606644124,25.420449995693435,2.8307042590881917,0.03532689777780296,0.03532689777780296,0.043319038630151706,0.2338634647248791
4.939999999999939,6,0.399,0.0014230928947504594,0.04256686680304201,0.13372775603477202,0.0009688284337744321,0.006294512831100931,100.80129472856882,30.467795640079906,2.308453815279183,0.043319038630151706,0.043319038630151706,0.043319038630151706,0.2338634647248791
4.949999999999939,0,0.0,0.001204749333319551,0.03916547577491911,0.1230419709688349,0.0007682607994867751,0.004593817317039474,86.39278458392747,3.3227994070741333,25.0,0.0,0.0,0.043307830332468614,0.23429654302820377
4.949999999999939,1,0.0665,0.0012428494604583232,0.03977995828565307,0.1249724247103161,0.000789407196977047,0.004901058572406423,85.17925619813508,4.655083446005658,17.29811585251474,0.005780976428450868,0.005780976428450868,0.043307830332468614,0.23429654302820377
4.949999999999939,2,0.133,0.0013427829686886929,0.041348329781640776,0.12989960908021073,0.0009081231224157361,0.0056852443204003355,83.8510016253727,9.313335256169129,8.003326876891931,0.012494803915697959,0.012494803915697959,0.043307830332468614,0.23429654302820377
4.949999999999939,3,0.1995,0.0013629830497196534,0.04165817948142712,0.1308730306207765,0.000933172697344378,0.0058401691702934634,88.11776012084341,14.683491732879554,5.001144804238113,0.019995421831268945,0.019995421831268945,0.043307830332468614,0.23429654302820377
4.949999999999939,4,0.266,0.0013760615174846227,0.041857567297320306,0.13149942591840183,0.000943941687134926,0.005939863078240048,92.8311682342855,20.09440108470302,3.619752927344212,0.02762619493849524,0.02762619493849524,0.043307830332468614,0.23429654302820377
4.949999999999939,5,0.3325,0.0013922287373094079,0.042102739621775694,0.1322696574917744,0.0009545270816029228,0.006062449240467757,97.28341752792173,25.390958665450828,2.8314196328590815,0.035317972242434104,0.035317972242434104,0.043307830332468614,0.23429654302820377
4.949999999999939,6,0.399,0.0014243877962828882,0.04258622863397916,0.1337885830206042,0.000968091546857565,0.006304193746569506,100.70166948419609,30.432187872080323,2.3090512554499485,0.043307830332468614,0.043307830332468614,0.043307830332468614,0.23429654302820377
4.959999999999939,0,0.0,0.001205694245693272,0.039180831952324684,0.12309021382295945,0.0007678088702785161,0.004601495405742259,86.32501145565254,3.3201927482943283,25.0,0.0,0.0,0.043296638117313664,0.2347295094093769
4.959999999999939,1,0.0665,0.0012438355539349413,0.03979573613363037,0.12502199228161104,0.0007888923988650048,0.004908947496395073,85.11056425400838,4.650296794807661,17.302178981143637,0.005779618862397771,0.005779618862397771,0.043296638117313664,0.2347295094093769
4.959999999999939,2,0.133,0.0013439620525617201,0.04136647956915139,0.12995662831931828,0.0009074893755308273,0.0056943192141556435,83.77504674251716,9.30284808359619,8.005311705588161,0.01249170596695121,0.01249170596695121,0.043296638117313664,0.2347295094093769
4.959999999999939,3,0.1995,0.001364203745645683,0.0416768299662044,0.13093162284673868,0.0009325242388641985,0.005849494412682106,88.03515340881636,14.666669464303169,5.002395678383757,0.01999042187568605,0.01999042187568605,0.043296638117313664,0.2347295094093769
4.959999999999939,4,0.266,0.0013773021997999294,0.04187643282128983,0.13155869370991063,0.0009432761984764397,0.005949295840224813,92.74242426067701,20.071254600475037,3.620659052298705,0.027619281063349894,0.027619281063349894,0.043296638117313664,0.2347295094093769
4.959999999999939,5,0.3325,0.001393490662585536,0.04212181639985517,0.13232958895764307,0.0009538389039738471,0.006071987629507496,97.18881338669765,25.361535784844737,2.832134386939401,0.03530905894196175,0.03530905894196175,0.043296638117313664,0.2347295094093769
4.959999999999939,6,0.399,0.0014256823023099043,0.04260557575634956,0.13384936379811116,0.0009673561185202198,0.006313867307754709,100.60226470014945,30.396664609386196,2.3096481470234878,0.043296638117313664,0.043296638117313664,0.043296638117313664,0.2347295094093769
4.9699999999999385,0,0.0,0.0012066389728578833,0.039196179105383165,0.1231384283262615,0.0007673576529240178,0.004609168982271499,86.25735784299128,3.317590686268895,25.0,0.0,0.0,0.043285463956029675,0.2351623640489372
4.9699999999999385,1,0.0665,0.0012448213957307734,0.039811503704040616,0.12507152756497683,0.0007883785205121977,0.0049168312816001945,85.04200032097062,4.6455205100787476,17.306237188376777,0.00577826357696993,0.00577826357696993,0.043285463956029675,0.2351623640489372
4.9699999999999385,2,0.133,0.0013451408314184537,0.04138461670476012,0.1300136078113038,0.0009068567804364561,0.005703387781960008,83.69924756323412,9.292384802942312,8.007294611468506,0.012488612552955686,0.012488612552955686,0.043285463956029675,0.2351623640489372
4.9699999999999385,3,0.1995,0.001365424140123389,0.04169546750596646,0.13099017440473618,0.0009318769881032685,0.005858813182563138,87.952719247704,14.649885767599741,5.003645396486549,0.01998542903744095,0.01998542903744095,0.043285463956029675,0.2351623640489372
4.9699999999999385,4,0.266,0.0013785425665598728,0.041895285055060016,0.1316179197490268,0.0009426116885091493,0.0059587219571099045,92.65386925977998,20.048162237365954,3.6215642193423006,0.02761237795147,0.02761237795147,0.043285463956029675,0.2351623640489372
4.9699999999999385,5,0.3325,0.0013947522501931455,0.04214087944092131,0.13238947726741154,0.0009531520533071017,0.006081519150040566,97.09441472892743,25.332182885582192,2.832848324499848,0.035300160313967904,0.035300160313967904,0.043285463956029675,0.2351623640489372
4.9699999999999385,6,0.399,0.0014269764136138968,0.04262490820186682,0.13391009846692412,0.0009666222758630314,0.006323533530513339,100.50308103276389,30.361226961924228,2.310244383693847,0.043285463956029675,0.043285463956029675,0.043285463956029675,0.2351623640489372
4.979999999999938,0,0.0,0.0012075835150353942,0.03921151724829521,0.1231866145233537,0.0007669071456025111,0.004616838053727524,86.18982341808466,3.3149932083878713,25.0,0.0,0.0,0.04327430433319358,0.23559510709226913
4.979999999999938,1,0.0665,0.0012458069861892769,0.03982726101458045,0.12512103061600913,0.0007878655269916368,0.004924709936870111,84.97356337410422,4.640753910064656,17.310292900861953,0.0057769097595697285,0.0057769097595697285,0.04327430433319358,0.23559510709226913
4.979999999999938,2,0.133,0.0013463193056714603,0.041402741211437805,0.13007054762833237,0.0009062253338841964,0.00571245003529885,83.62360341918688,9.281945159843273,8.009275747606212,0.012485523429492072,0.012485523429492072,0.04327430433319358,0.23559510709226913
4.979999999999938,3,0.1995,0.001366644233555914,0.041714092124217055,0.13104868536860814,0.0009312309125294166,0.005868125491688432,87.87045697472085,14.63314040657865,5.004893996316522,0.019980443156957475,0.019980443156957475,0.04327430433319358,0.23559510709226913
4.979999999999938,4,0.266,0.0013797826184706282,0.04191412402728981,0.13167710412578512,0.0009419486114899574,0.005968141443224804,92.56550094278154,20.025122121148108,3.6224687361594206,0.027605483244562398,0.027605483244562398,0.04327430433319358,0.23559510709226913
4.979999999999938,5,0.3325,0.0013960135005846887,0.04215992877044018,0.13244932250108385,0.0009524664759433671,0.0060910438148,97.00021774706022,25.30289660192353,2.8335617962287474,0.035291271971937335,0.035291271971937335,0.04327430433319358,0.23559510709226913
4.979999999999938,6,0.399,0.001428270130825901,0.04264422599991236,0.13397078711934754,0.0009658899022770497,0.0063331924295361094,100.40411527920315,30.32587218705249,2.3108401519304134,0.04327430433319358,0.04327430433319358,0.04327430433319358,0.23559510709226913
4.989999999999938,0,0.0,0.0012085278724473293,0.0392268463952252,0.12323477245873475,0.0007664573464996696,0.004624502627192521,86.12240785429384,3.312400302088225,25.0,0.0,0.0,0.04326316169907545,0.2360277387092599
4.989999999999938,1,0.0665,0.0012467923256935889,0.039843008083544594,0.12517050149218245,0.0007873534482070616,0.004932583471352182,84.90525366104629,4.635997581592182,17.314343820664057,0.005775558175104133,0.005775558175104133,0.04326316169907545,0.2360277387092599
4.989999999999938,2,0.133,0.0013474974757323537,0.04142085311208888,0.13012744784236036,0.000905595032553882,0.0057215059856243885,83.54811385511091,9.271529111251633,8.01125508560606,0.01248243863557303,0.01248243863557303,0.04326316169907545,0.2360277387092599
4.989999999999938,3,0.1995,0.0013678640263833771,0.04173270384497005,0.13110715581379642,0.0009305860376496129,0.005877431352064928,87.78836598259126,14.61643319668478,5.006141498495197,0.019975464143404488,0.019975464143404488,0.04326316169907545,0.2360277387092599
4.989999999999938,4,0.266,0.0013810223558767044,0.04193294976108331,0.1317362469127692,0.0009412866896750083,0.005977554310121554,92.47732021969465,20.00213560630858,3.6233723258294344,0.027598599041877038,0.027598599041877038,0.04326316169907545,0.2360277387092599
4.989999999999938,5,0.3325,0.0013972744143581973,0.04217896441601574,0.13250912474538035,0.000951782278777847,0.006100561637587779,96.90622449115715,25.273679420413018,2.8342744987454433,0.03528239768034598,0.03528239768034598,0.04326316169907545,0.2360277387092599
4.989999999999938,6,0.399,0.0014295634547103928,0.04266352918179047,0.1340314298537267,0.0009651590939055253,0.006342844020475164,100.30536843631475,30.290601732361658,2.311435319858674,0.04326316169907545,0.04326316169907545,0.04326316169907545,0.2360277387092599
4.999999999999938,0,0.0,0.0012094720453147308,0.039242166560301356,0.12328290217678978,0.000766008253807579,0.004632162709730597,86.05511082619452,3.3098119548536356,25.0,0.0,0.0,0.043252035630494276,0.23646025906556484
4.999999999999938,1,0.0665,0.001247777414612556,0.03985874492896269,0.1252199402501386,0.0007868422709048274,0.004940451894061231,84.83707043385638,4.631251117178982,17.31839135631516,0.0057742083512586145,0.0057742083512586145,0.043252035630494276,0.23646025906556484
4.999999999999938,2,0.133,0.0013486753419896399,0.0414389524292112,0.13018430852406682,0.0009049658561161737,0.00573055564418555,83.47277843261563,9.261136629241689,8.013232584114297,0.012479358230315613,0.012479358230315613,0.043252035630494276,0.23646025906556484
4.999999999999938,3,0.1995,0.0013690835190068168,0.0417513026915886,0.1311655858136985,0.0009299423309276533,0.005886730775374205,87.70644584432907,14.59976413386746,5.007387861895255,0.01997049215239956,0.01997049215239956,0.043252035630494276,0.23646025906556484
4.999999999999938,4,0.266,0.001382261779264047,0.041951762281636884,0.13179534818913582,0.0009406260276785133,0.005986960570398339,92.38932565026013,19.97920167618606,3.6242751411024763,0.027591724167382276,0.027591724167382276,0.043252035630494276,0.23646025906556484
4.999999999999938,5,0.3325,0.0013985349919070395,0.04219798640210115,0.13256888407712297,0.0009510993042705744,0.006110072630630485,96.8124329904104,25.24452981232746,2.8349865776915664,0.0352735356092679,0.0352735356092679,0.043252035630494276,0.23646025906556484
4.999999999999938,6,0.399,0.0014308563859031774,0.04268281777681462,0.13409202676215262,0.0009644297512073386,0.006352488317987238,100.20683947850003,30.25541502755921,2.312029908934421,0.043252035630494276,0.043252035630494276,0.043252035630494276,0.23646025906556484
