# OBJ generated by ONSHAPE BY PTC INC, 1.219 Units = meters
mtllib weirdmanyholes.mtl
g Part 1
v -0.027756 0 0.0362977 
v -0.0274763 0 0.0363038 
v -0.0274763 -0.127 0.0363038 
v -0.0280352 0 0.0362794 
v -0.027756 -0.127 0.0362977 
v -0.0283134 0 0.0362489 
v -0.0280352 -0.127 0.0362794 
v -0.0285899 0 0.0362064 
v -0.0283134 -0.127 0.0362489 
v -0.0288644 0 0.0361518 
v -0.0285899 -0.127 0.0362064 
v -0.0291362 0 0.0360853 
v -0.0288644 -0.127 0.0361518 
v -0.0294048 0 0.036007 
v -0.0291362 -0.127 0.0360853 
v -0.0296697 0 0.035917 
v -0.0294048 -0.127 0.036007 
v -0.0299305 0 0.0358156 
v -0.0296697 -0.127 0.035917 
v -0.0301866 0 0.0357029 
v -0.0299305 -0.127 0.0358156 
v -0.0304376 0 0.0355792 
v -0.0301866 -0.127 0.0357029 
v -0.0306829 0 0.0354446 
v -0.0304376 -0.127 0.0355792 
v -0.0309221 0 0.0352994 
v -0.0306829 -0.127 0.0354446 
v -0.0311548 0 0.035144 
v -0.0309221 -0.127 0.0352994 
v -0.0313804 0 0.0349785 
v -0.0311548 -0.127 0.035144 
v -0.0315987 0 0.0348034 
v -0.0313804 -0.127 0.0349785 
v -0.031809 0 0.0346189 
v -0.0315987 -0.127 0.0348034 
v -0.0320111 0 0.0344254 
v -0.031809 -0.127 0.0346189 
v -0.0322046 0 0.0342233 
v -0.0320111 -0.127 0.0344254 
v -0.0323891 0 0.0340129 
v -0.0322046 -0.127 0.0342233 
v -0.0325643 0 0.0337947 
v -0.0323891 -0.127 0.0340129 
v -0.0327297 0 0.033569 
v -0.0325643 -0.127 0.0337947 
v -0.0328852 0 0.0333364 
v -0.0327297 -0.127 0.033569 
v -0.0330303 0 0.0330972 
v -0.0328852 -0.127 0.0333364 
v -0.0331649 0 0.0328518 
v -0.0330303 -0.127 0.0330972 
v -0.0332887 0 0.0326009 
v -0.0331649 -0.127 0.0328518 
v -0.0334014 0 0.0323448 
v -0.0332887 -0.127 0.0326009 
v -0.0335028 0 0.032084 
v -0.0334014 -0.127 0.0323448 
v -0.0335927 0 0.031819 
v -0.0335028 -0.127 0.032084 
v -0.033671 0 0.0315504 
v -0.0335927 -0.127 0.031819 
v -0.0337375 0 0.0312786 
v -0.033671 -0.127 0.0315504 
v -0.0337921 0 0.0310042 
v -0.0337375 -0.127 0.0312786 
v -0.0338347 0 0.0307276 
v -0.0337921 -0.127 0.0310042 
v -0.0338651 0 0.0304495 
v -0.0338347 -0.127 0.0307276 
v -0.0338834 0 0.0301703 
v -0.0338651 -0.127 0.0304495 
v -0.0338896 0 0.0298905 
v -0.0338834 -0.127 0.0301703 
v -0.0338834 0 0.0296108 
v -0.0338896 -0.127 0.0298905 
v -0.0338651 0 0.0293316 
v -0.0338834 -0.127 0.0296108 
v -0.0338347 0 0.0290534 
v -0.0338651 -0.127 0.0293316 
v -0.0337921 0 0.0287769 
v -0.0338347 -0.127 0.0290534 
v -0.0337375 0 0.0285024 
v -0.0337921 -0.127 0.0287769 
v -0.033671 0 0.0282306 
v -0.0337375 -0.127 0.0285024 
v -0.0335927 0 0.027962 
v -0.033671 -0.127 0.0282306 
v -0.0335028 0 0.027697 
v -0.0335927 -0.127 0.027962 
v -0.0334014 0 0.0274363 
v -0.0335028 -0.127 0.027697 
v -0.0332887 0 0.0271801 
v -0.0334014 -0.127 0.0274363 
v -0.0331649 0 0.0269292 
v -0.0332887 -0.127 0.0271801 
v -0.0330303 0 0.0266839 
v -0.0331649 -0.127 0.0269292 
v -0.0328852 0 0.0264447 
v -0.0330303 -0.127 0.0266839 
v -0.0327297 0 0.026212 
v -0.0328852 -0.127 0.0264447 
v -0.0325643 0 0.0259864 
v -0.0327297 -0.127 0.026212 
v -0.0323891 0 0.0257681 
v -0.0325643 -0.127 0.0259864 
v -0.0322046 0 0.0255578 
v -0.0323891 -0.127 0.0257681 
v -0.0320111 0 0.0253556 
v -0.0322046 -0.127 0.0255578 
v -0.031809 0 0.0251622 
v -0.0320111 -0.127 0.0253556 
v -0.0315987 0 0.0249777 
v -0.031809 -0.127 0.0251622 
v -0.0313804 0 0.0248025 
v -0.0315987 -0.127 0.0249777 
v -0.0311548 0 0.0246371 
v -0.0313804 -0.127 0.0248025 
v -0.0309221 0 0.0244816 
v -0.0311548 -0.127 0.0246371 
v -0.0306829 0 0.0243365 
v -0.0309221 -0.127 0.0244816 
v -0.0304376 0 0.0242019 
v -0.0306829 -0.127 0.0243365 
v -0.0301866 0 0.0240781 
v -0.0304376 -0.127 0.0242019 
v -0.0299305 0 0.0239654 
v -0.0301866 -0.127 0.0240781 
v -0.0296697 0 0.023864 
v -0.0299305 -0.127 0.0239654 
v -0.0294048 0 0.0237741 
v -0.0296697 -0.127 0.023864 
v -0.0291362 0 0.0236958 
v -0.0294048 -0.127 0.0237741 
v -0.0288644 0 0.0236293 
v -0.0291362 -0.127 0.0236958 
v -0.0285899 0 0.0235747 
v -0.0288644 -0.127 0.0236293 
v -0.0283134 0 0.0235321 
v -0.0285899 -0.127 0.0235747 
v -0.0280352 0 0.0235016 
v -0.0283134 -0.127 0.0235321 
v -0.027756 0 0.0234833 
v -0.0280352 -0.127 0.0235016 
v -0.0274763 0 0.0234772 
v -0.027756 -0.127 0.0234833 
v -0.0271965 0 0.0234833 
v -0.0274763 -0.127 0.0234772 
v -0.0269173 0 0.0235016 
v -0.0271965 -0.127 0.0234833 
v -0.0266392 0 0.0235321 
v -0.0269173 -0.127 0.0235016 
v -0.0263626 0 0.0235747 
v -0.0266392 -0.127 0.0235321 
v -0.0260882 0 0.0236293 
v -0.0263626 -0.127 0.0235747 
v -0.0258164 0 0.0236958 
v -0.0260882 -0.127 0.0236293 
v -0.0255478 0 0.0237741 
v -0.0258164 -0.127 0.0236958 
v -0.0252828 0 0.023864 
v -0.0255478 -0.127 0.0237741 
v -0.025022 0 0.0239654 
v -0.0252828 -0.127 0.023864 
v -0.0247659 0 0.0240781 
v -0.025022 -0.127 0.0239654 
v -0.024515 0 0.0242019 
v -0.0247659 -0.127 0.0240781 
v -0.0242696 0 0.0243365 
v -0.024515 -0.127 0.0242019 
v -0.0240304 0 0.0244816 
v -0.0242696 -0.127 0.0243365 
v -0.0237978 0 0.0246371 
v -0.0240304 -0.127 0.0244816 
v -0.0235721 0 0.0248025 
v -0.0237978 -0.127 0.0246371 
v -0.0233539 0 0.0249777 
v -0.0235721 -0.127 0.0248025 
v -0.0231435 0 0.0251622 
v -0.0233539 -0.127 0.0249777 
v -0.0229414 0 0.0253556 
v -0.0231435 -0.127 0.0251622 
v -0.0227479 0 0.0255578 
v -0.0229414 -0.127 0.0253556 
v -0.0225634 0 0.0257681 
v -0.0227479 -0.127 0.0255578 
v -0.0223883 0 0.0259864 
v -0.0225634 -0.127 0.0257681 
v -0.0222228 0 0.026212 
v -0.0223883 -0.127 0.0259864 
v -0.0220674 0 0.0264447 
v -0.0222228 -0.127 0.026212 
v -0.0219222 0 0.0266839 
v -0.0220674 -0.127 0.0264447 
v -0.0217876 0 0.0269292 
v -0.0219222 -0.127 0.0266839 
v -0.0216639 0 0.0271801 
v -0.0217876 -0.127 0.0269292 
v -0.0215512 0 0.0274363 
v -0.0216639 -0.127 0.0271801 
v -0.0214498 0 0.027697 
v -0.0215512 -0.127 0.0274363 
v -0.0213598 0 0.027962 
v -0.0214498 -0.127 0.027697 
v -0.0212815 0 0.0282306 
v -0.0213598 -0.127 0.027962 
v -0.021215 0 0.0285024 
v -0.0212815 -0.127 0.0282306 
v -0.0211604 0 0.0287769 
v -0.021215 -0.127 0.0285024 
v -0.0211179 0 0.0290534 
v -0.0211604 -0.127 0.0287769 
v -0.0210874 0 0.0293316 
v -0.0211179 -0.127 0.0290534 
v -0.0210691 0 0.0296108 
v -0.0210874 -0.127 0.0293316 
v -0.021063 0 0.0298905 
v -0.0210691 -0.127 0.0296108 
v -0.0210691 0 0.0301703 
v -0.021063 -0.127 0.0298905 
v -0.0210874 0 0.0304495 
v -0.0210691 -0.127 0.0301703 
v -0.0211179 0 0.0307276 
v -0.0210874 -0.127 0.0304495 
v -0.0211604 0 0.0310042 
v -0.0211179 -0.127 0.0307276 
v -0.021215 0 0.0312786 
v -0.0211604 -0.127 0.0310042 
v -0.0212815 0 0.0315504 
v -0.021215 -0.127 0.0312786 
v -0.0213598 0 0.031819 
v -0.0212815 -0.127 0.0315504 
v -0.0214498 0 0.032084 
v -0.0213598 -0.127 0.031819 
v -0.0215512 0 0.0323448 
v -0.0214498 -0.127 0.032084 
v -0.0216639 0 0.0326009 
v -0.0215512 -0.127 0.0323448 
v -0.0217876 0 0.0328518 
v -0.0216639 -0.127 0.0326009 
v -0.0219222 0 0.0330972 
v -0.0217876 -0.127 0.0328518 
v -0.0220674 0 0.0333364 
v -0.0219222 -0.127 0.0330972 
v -0.0222228 0 0.033569 
v -0.0220674 -0.127 0.0333364 
v -0.0223883 0 0.0337947 
v -0.0222228 -0.127 0.033569 
v -0.0225634 0 0.0340129 
v -0.0223883 -0.127 0.0337947 
v -0.0227479 0 0.0342233 
v -0.0225634 -0.127 0.0340129 
v -0.0229414 0 0.0344254 
v -0.0227479 -0.127 0.0342233 
v -0.0231435 0 0.0346189 
v -0.0229414 -0.127 0.0344254 
v -0.0233539 0 0.0348034 
v -0.0231435 -0.127 0.0346189 
v -0.0235721 0 0.0349785 
v -0.0233539 -0.127 0.0348034 
v -0.0237978 0 0.035144 
v -0.0235721 -0.127 0.0349785 
v -0.0240304 0 0.0352994 
v -0.0237978 -0.127 0.035144 
v -0.0242696 0 0.0354446 
v -0.0240304 -0.127 0.0352994 
v -0.024515 0 0.0355792 
v -0.0242696 -0.127 0.0354446 
v -0.0247659 0 0.0357029 
v -0.024515 -0.127 0.0355792 
v -0.025022 0 0.0358156 
v -0.0247659 -0.127 0.0357029 
v -0.0252828 0 0.035917 
v -0.025022 -0.127 0.0358156 
v -0.0255478 0 0.036007 
v -0.0252828 -0.127 0.035917 
v -0.0258164 0 0.0360853 
v -0.0255478 -0.127 0.036007 
v -0.0260882 0 0.0361518 
v -0.0258164 -0.127 0.0360853 
v -0.0263626 0 0.0362064 
v -0.0260882 -0.127 0.0361518 
v -0.0266392 0 0.0362489 
v -0.0263626 -0.127 0.0362064 
v -0.0269173 0 0.0362794 
v -0.0266392 -0.127 0.0362489 
v -0.0271965 0 0.0362977 
v -0.0269173 -0.127 0.0362794 
v -0.0271965 -0.127 0.0362977 
v 0.0448501 -0.127 0.0584498 
v 0.0422579 -0.127 0.0603505 
v 0.0371734 -0.127 0.0471753 
v 0.0106916 -0.127 -0.00574818 
v 0.0126114 -0.127 0.0165717 
v 0.0120651 -0.127 0.0172524 
v 0.0137905 -0.127 0.015285 
v 0.0131869 -0.127 0.0159155 
v 0.0363906 -0.127 0.0475613 
v 0.00321363 -0.127 0.0736043 
v 0.0110641 -0.127 0.0401793 
v 0.011549 -0.127 0.0179563 
v 0.014421 -0.127 0.0146814 
v 0.0520957 -0.127 0.0520957 
v 0.0426853 -0.127 0.0429458 
v 0.0432608 -0.127 0.0422896 
v 0.047357 -0.127 0.0564379 
v 0.0386848 -0.127 0.0463027 
v 0.0379386 -0.127 0.0467555 
v 0.0120651 -0.127 0.0416089 
v 0.0126114 -0.127 0.0422896 
v 0.011549 -0.127 0.040905 
v 0.00810231 -0.127 0.0320418 
v 0.0157579 -0.127 0.0135596 
v 0.0150772 -0.127 0.014106 
v 0.0194817 -0.127 0.0113 
v 0.0186989 -0.127 0.011686 
v 0.021094 -0.127 0.0106321 
v 0.0202806 -0.127 0.0109485 
v 0.0244623 -0.127 0.00972961 
v 0.0236063 -0.127 0.00989988 
v 0.0261926 -0.127 0.00950181 
v 0.025325 -0.127 0.00959683 
v -0.073394 -0.127 0.00642115 
v -0.0736043 -0.127 0.00321363 
v -0.0603505 -0.127 -0.0422579 
v -0.0425471 -0.127 -0.0214958 
v -0.0420691 -0.127 -0.0199798 
v -0.0431506 -0.127 -0.0254169 
v -0.0430986 -0.127 -0.0246236 
v -0.0304262 -0.127 -0.0435893 
v -0.031179 -0.127 -0.0433337 
v -0.0395852 -0.127 -0.0621363 
v -0.029663 -0.127 -0.0438117 
v -0.0368372 -0.127 -0.0638039 
v 0.0479398 -0.127 -0.00574818 
v 0.0371734 -0.127 0.011686 
v 0.0363906 -0.127 0.0113 
v 0.0426853 -0.127 0.0159155 
v 0.0420818 -0.127 0.015285 
v 0.047865 -0.127 0.0276871 
v 0.0692313 -0.127 0.0251981 
v 0.0680663 -0.127 0.028194 
v 0.0479411 -0.127 0.0294307 
v 0.0667717 -0.127 0.0311361 
v 0.0543185 -0.127 0.0497737 
v 0.0497737 -0.127 0.0543185 
v 0.0414513 -0.127 0.0441799 
v 0.0420818 -0.127 0.0435763 
v 0.0401144 -0.127 0.0453017 
v 0.0394105 -0.127 0.0458178 
v 0.0355917 -0.127 0.0479128 
v 0.0395852 -0.127 0.0621363 
v 0.0347782 -0.127 0.0482292 
v 0.0331138 -0.127 0.048754 
v 0.0339517 -0.127 0.0485097 
v 0.0131869 -0.127 0.0429458 
v 0.0137905 -0.127 0.0435763 
v 0.0101915 -0.127 0.0386679 
v 0.0106113 -0.127 0.0394331 
v 0.00800729 -0.127 0.0311742 
v 0.0171875 -0.127 0.0125586 
v 0.0164618 -0.127 0.0130435 
v 0.0227585 -0.127 0.0101073 
v 0.0219205 -0.127 0.0103516 
v 0.0279361 -0.127 0.00942569 
v 0.0270635 -0.127 0.00944473 
v -0.0725551 -0.127 0.0127934 
v -0.0730441 -0.127 0.00961644 
v -0.0736744 -0.127 -9.02251e-18 
v -0.0736043 -0.127 -0.00321363 
v -0.0423247 -0.127 -0.0207325 
v -0.0428912 -0.127 -0.0230477 
v -0.0427361 -0.127 -0.022268 
v -0.0430121 -0.127 -0.0238334 
v -0.0428912 -0.127 -0.0293757 
v -0.0430121 -0.127 -0.02859 
v -0.0497737 -0.127 -0.0543185 
v -0.0372569 -0.127 -0.0396455 
v -0.0378312 -0.127 -0.0390958 
v -0.047357 -0.127 -0.0564379 
v -0.0360393 -0.127 -0.0406673 
v -0.0366592 -0.127 -0.0401697 
v -0.0448501 -0.127 -0.0584498 
v -0.0347372 -0.127 -0.041579 
v -0.0353982 -0.127 -0.0411374 
v -0.034019 -0.127 -0.06535 
v -0.0265351 -0.127 -0.0443632 
v -0.0273254 -0.127 -0.0442767 
v -0.0311361 -0.127 -0.0667717 
v 0.0347782 -0.127 0.0106321 
v 0.0339517 -0.127 0.0103516 
v 0.0355917 -0.127 0.0109485 
v 0.0401144 -0.127 0.0135596 
v 0.0394105 -0.127 0.0130435 
v 0.0414513 -0.127 0.0146814 
v 0.071164 -0.127 0.0190683 
v 0.0448082 -0.127 0.018682 
v 0.0443232 -0.127 0.0179563 
v 0.0474669 -0.127 0.0251008 
v 0.0702645 -0.127 0.0221543 
v 0.0476372 -0.127 0.0259568 
v 0.0479221 -0.127 0.0285581 
v 0.0479221 -0.127 0.0303033 
v 0.06535 -0.127 0.034019 
v 0.0438071 -0.127 0.0416089 
v 0.0407951 -0.127 0.0447554 
v 0.0368372 -0.127 0.0638039 
v 0.032266 -0.127 0.0489614 
v 0.03141 -0.127 0.0491317 
v 0.0296797 -0.127 0.0493595 
v 0.0305473 -0.127 0.0492645 
v 0.034019 -0.127 0.06535 
v 0.0288087 -0.127 0.0494166 
v 0.0311361 -0.127 0.0667717 
v 0.0270635 -0.127 0.0494166 
v 0.0279361 -0.127 0.0494356 
v 0.028194 -0.127 0.0680663 
v 0.0244623 -0.127 0.0491317 
v 0.025325 -0.127 0.0492645 
v 0.0221543 -0.127 0.0702645 
v 0.0194817 -0.127 0.0475613 
v 0.0202806 -0.127 0.0479128 
v 0.00961644 -0.127 0.0730441 
v 0.014421 -0.127 0.0441799 
v 0.00861281 -0.127 0.0346083 
v 0.00885705 -0.127 0.0354463 
v 0.00823508 -0.127 0.0329045 
v 0.00840536 -0.127 0.0337605 
v 0.00823508 -0.127 0.0259568 
v 0.00810231 -0.127 0.0268195 
v 0.00980547 -0.127 0.0209762 
v 0.00945395 -0.127 0.0217751 
v 0.0110641 -0.127 0.018682 
v -0.071928 -0.127 0.0159461 
v -0.073394 -0.127 -0.00642115 
v -0.0725551 -0.127 -0.0127934 
v -0.071928 -0.127 -0.0159461 
v -0.071164 -0.127 -0.0190683 
v -0.0702645 -0.127 -0.0221543 
v -0.06535 -0.127 -0.034019 
v -0.0431506 -0.127 -0.0270065 
v -0.043168 -0.127 -0.0262117 
v -0.0430986 -0.127 -0.0277997 
v -0.0520957 -0.127 -0.0520957 
v -0.0340575 -0.127 -0.0419914 
v -0.0422579 -0.127 -0.0603505 
v -0.0333606 -0.127 -0.0423738 
v -0.0319199 -0.127 -0.0430456 
v -0.0326476 -0.127 -0.0427254 
v -0.0281111 -0.127 -0.0441558 
v -0.0288908 -0.127 -0.0440007 
v -0.028194 -0.127 -0.0680663 
v -0.0257419 -0.127 -0.0444152 
v 0.0106916 -0.127 -0.0200037 
v -0.00674352 -0.127 -0.0270065 
v -0.00679552 -0.127 -0.0277997 
v 0.0288087 -0.127 0.00944473 
v 0.0407951 -0.127 0.014106 
v 0.0432608 -0.127 0.0165717 
v 0.0438071 -0.127 0.0172524 
v 0.0452609 -0.127 0.0194282 
v 0.0460668 -0.127 0.0209762 
v 0.0456808 -0.127 0.0201934 
v 0.04777 -0.127 0.0268195 
v 0.04777 -0.127 0.0320418 
v 0.047865 -0.127 0.0311742 
v 0.0474669 -0.127 0.0337605 
v 0.0638039 -0.127 0.0368372 
v 0.0621363 -0.127 0.0395852 
v 0.0564379 -0.127 0.047357 
v 0.0443232 -0.127 0.040905 
v 0.0251981 -0.127 0.0692313 
v 0.0261926 -0.127 0.0493595 
v 0.0190683 -0.127 0.071164 
v 0.0236063 -0.127 0.0489614 
v 0.0227585 -0.127 0.048754 
v 0.00642115 -0.127 0.073394 
v 0.0186989 -0.127 0.0471753 
v 0.0179336 -0.127 0.0467555 
v 0.00945395 -0.127 0.0370862 
v 0.00980547 -0.127 0.0378851 
v 0.00913761 -0.127 0.0362728 
v 0.00793116 -0.127 0.0294307 
v 0.0079502 -0.127 0.0303033 
v 0.00800729 -0.127 0.0276871 
v 0.0079502 -0.127 0.0285581 
v 0.00840536 -0.127 0.0251008 
v 0.0101915 -0.127 0.0201934 
v 0.0106113 -0.127 0.0194282 
v 0.0179336 -0.127 0.0121058 
v -0.0730441 -0.127 -0.00961644 
v -0.0692313 -0.127 -0.0251981 
v -0.0667717 -0.127 -0.0311361 
v -0.0638039 -0.127 -0.0368372 
v -0.0427361 -0.127 -0.0301554 
v -0.0423247 -0.127 -0.0316908 
v -0.0425471 -0.127 -0.0309276 
v -0.0584498 -0.127 -0.0448501 
v -0.0564379 -0.127 -0.047357 
v -0.0403144 -0.127 -0.0360018 
v -0.0543185 -0.127 -0.0497737 
v -0.0394027 -0.127 -0.0373039 
v -0.00843334 -0.127 -0.0185112 
v -0.00811317 -0.127 -0.0192388 
v -0.0104915 -0.127 -0.0151195 
v -0.0100214 -0.127 -0.0157606 
v -0.007003 -0.127 -0.0293757 
v -0.00715809 -0.127 -0.0301554 
v -0.00688206 -0.127 -0.02859 
v -0.007003 -0.127 -0.0230477 
v -0.00688206 -0.127 -0.0238334 
v -0.00782504 -0.127 -0.0199798 
v 0.0296797 -0.127 0.00950181 
v 0.03141 -0.127 0.00972961 
v 0.0305473 -0.127 0.00959683 
v 0.0379386 -0.127 0.0121058 
v 0.0386848 -0.127 0.0125586 
v 0.0472595 -0.127 0.0346083 
v 0.0584498 -0.127 0.0448501 
v 0.0452609 -0.127 0.0394331 
v 0.0448082 -0.127 0.0401793 
v 0.0159461 -0.127 0.071928 
v 0.021094 -0.127 0.0482292 
v 0.0219205 -0.127 0.0485097 
v 0.0127934 -0.127 0.0725551 
v 0.0164618 -0.127 0.0458178 
v 0.0171875 -0.127 0.0463027 
v 0.0150772 -0.127 0.0447554 
v 0.0157579 -0.127 0.0453017 
v 0.00861281 -0.127 0.024253 
v 0.00913761 -0.127 0.0225886 
v 0.00885705 -0.127 0.023415 
v 0 -0.127 0.0736744 
v -0.00321363 -0.127 0.0736043 
v -0.0127934 -0.127 0.0725551 
v -0.0159461 -0.127 0.071928 
v -0.0520957 -0.127 0.0520957 
v -0.071164 -0.127 0.0190683 
v -0.0680663 -0.127 -0.028194 
v -0.0621363 -0.127 -0.0395852 
v -0.0420691 -0.127 -0.0324436 
v -0.0407268 -0.127 -0.0353221 
v -0.0398728 -0.127 -0.0366628 
v -0.0383809 -0.127 -0.0385215 
v -0.0389051 -0.127 -0.0379238 
v -0.0249471 -0.127 -0.0444326 
v -0.0265351 -0.127 -0.00806012 
v -0.0257419 -0.127 -0.00800812 
v -0.00878495 -0.127 -0.0177982 
v -0.00957973 -0.127 -0.0164216 
v -0.00916732 -0.127 -0.0171012 
v -0.0109891 -0.127 -0.0144995 
v -0.00674352 -0.127 -0.0254169 
v -0.00672618 -0.127 -0.0262117 
v -0.00679552 -0.127 -0.0246236 
v -0.00734704 -0.127 -0.0214958 
v -0.00715809 -0.127 -0.022268 
v 0.0251981 -0.127 -0.0692313 
v 0.028194 -0.127 -0.0680663 
v 0.0331138 -0.127 0.0101073 
v 0.032266 -0.127 0.00989988 
v 0.0472595 -0.127 0.024253 
v 0.0470152 -0.127 0.023415 
v 0.0476372 -0.127 0.0329045 
v 0.0464183 -0.127 0.0370862 
v 0.0603505 -0.127 0.0422579 
v -0.0190683 -0.127 0.071164 
v -0.0221543 -0.127 0.0702645 
v -0.0251981 -0.127 0.0692313 
v -0.0422579 -0.127 0.0603505 
v -0.0448501 -0.127 0.0584498 
v -0.047357 -0.127 0.0564379 
v -0.0497737 -0.127 0.0543185 
v -0.0667717 -0.127 0.0311361 
v -0.0692313 -0.127 0.0251981 
v -0.0702645 -0.127 0.0221543 
v -0.041781 -0.127 -0.0331845 
v -0.0414608 -0.127 -0.0339122 
v -0.0251981 -0.127 -0.0692313 
v -0.0273254 -0.127 -0.00814666 
v -0.0225688 -0.127 -0.0442767 
v -0.023359 -0.127 -0.0443632 
v -0.0221543 -0.127 -0.0702645 
v -0.0115132 -0.127 -0.0139018 
v -0.0126372 -0.127 -0.0127778 
v -0.012063 -0.127 -0.0133276 
v -0.0187152 -0.127 -0.00908963 
v -0.0179742 -0.127 -0.00937776 
v -0.023359 -0.127 -0.00806012 
v -0.0190683 -0.127 -0.071164 
v -0.00957973 -0.127 -0.0360018 
v -0.00843334 -0.127 -0.0339122 
v -0.00878495 -0.127 -0.0346252 
v -0.00782504 -0.127 -0.0324436 
v -0.00811317 -0.127 -0.0331845 
v -0.0075695 -0.127 -0.0207325 
v 0.0311361 -0.127 -0.0667717 
v 0.0190683 -0.127 -0.071164 
v 0.0221543 -0.127 -0.0702645 
v 0.0470152 -0.127 0.0354463 
v 0.0456808 -0.127 0.0386679 
v 0.0460668 -0.127 0.0378851 
v -0.00642115 -0.127 0.073394 
v -0.00961644 -0.127 0.0730441 
v -0.0584498 -0.127 0.0448501 
v -0.0638039 -0.127 0.0368372 
v -0.0680663 -0.127 0.028194 
v -0.0411092 -0.127 -0.0346252 
v -0.0281111 -0.127 -0.0082676 
v -0.0414608 -0.127 -0.0185112 
v -0.0411092 -0.127 -0.0177982 
v -0.0132349 -0.127 -0.0122537 
v -0.015157 -0.127 -0.0108443 
v -0.014496 -0.127 -0.011286 
v -0.0172466 -0.127 -0.00969794 
v -0.0202312 -0.127 -0.00861164 
v -0.019468 -0.127 -0.0088341 
v -0.0225688 -0.127 -0.00814666 
v -0.0165336 -0.127 -0.0423738 
v -0.0172466 -0.127 -0.0427254 
v -0.014496 -0.127 -0.0411374 
v -0.015157 -0.127 -0.041579 
v -0.0115132 -0.127 -0.0385215 
v -0.012063 -0.127 -0.0390958 
v -0.0104915 -0.127 -0.0373039 
v -0.0109891 -0.127 -0.0379238 
v -0.0100214 -0.127 -0.0366628 
v -0.00916732 -0.127 -0.0353221 
v -0.0075695 -0.127 -0.0316908 
v 0.0584498 -0.127 -0.0448501 
v 0.0603505 -0.127 -0.0422579 
v 0.034019 -0.127 -0.06535 
v 0.0368372 -0.127 -0.0638039 
v 0.0467347 -0.127 0.0225886 
v 0.0464183 -0.127 0.0217751 
v 0.0467347 -0.127 0.0362728 
v -0.028194 -0.127 0.0680663 
v -0.0311361 -0.127 0.0667717 
v -0.0368372 -0.127 0.0638039 
v -0.0395852 -0.127 0.0621363 
v -0.0543185 -0.127 0.0497737 
v -0.0564379 -0.127 0.047357 
v -0.0603505 -0.127 0.0422579 
v -0.06535 -0.127 0.034019 
v -0.0249471 -0.127 -0.00799078 
v -0.0288908 -0.127 -0.00842269 
v -0.0333606 -0.127 -0.0100495 
v -0.0326476 -0.127 -0.00969794 
v -0.0347372 -0.127 -0.0108443 
v -0.0340575 -0.127 -0.0104319 
v -0.041781 -0.127 -0.0192388 
v -0.0217831 -0.127 -0.0441558 
v -0.0138549 -0.127 -0.0117561 
v -0.0165336 -0.127 -0.0100495 
v -0.0158366 -0.127 -0.0104319 
v -0.0241523 -0.127 -0.00800812 
v -0.0179742 -0.127 -0.0430456 
v -0.0138549 -0.127 -0.0406673 
v -0.0126372 -0.127 -0.0396455 
v -0.0132349 -0.127 -0.0401697 
v -0.00734704 -0.127 -0.0309276 
v 0.0564379 -0.127 -0.047357 
v 0.0520957 -0.127 -0.0520957 
v 0.0543185 -0.127 -0.0497737 
v 0.071164 -0.127 -0.0190683 
v 0.071928 -0.127 -0.0159461 
v 0.0479398 -0.127 -0.0200037 
v 0.0702645 -0.127 -0.0221543 
v -0.034019 -0.127 0.06535 
v -0.0304262 -0.127 -0.0088341 
v -0.029663 -0.127 -0.00861164 
v -0.0319199 -0.127 -0.00937776 
v -0.0353982 -0.127 -0.011286 
v -0.0366592 -0.127 -0.0122537 
v -0.0360393 -0.127 -0.0117561 
v -0.0378312 -0.127 -0.0133276 
v -0.0372569 -0.127 -0.0127778 
v -0.0389051 -0.127 -0.0144995 
v -0.0383809 -0.127 -0.0139018 
v -0.0407268 -0.127 -0.0171012 
v -0.0403144 -0.127 -0.0164216 
v -0.0210034 -0.127 -0.0440007 
v -0.0217831 -0.127 -0.0082676 
v -0.0210034 -0.127 -0.00842269 
v -0.0158366 -0.127 -0.0419914 
v 0.047357 -0.127 -0.0564379 
v 0.0497737 -0.127 -0.0543185 
v 0.0159461 -0.127 -0.071928 
v 0.00961644 -0.127 -0.0730441 
v 0.0127934 -0.127 -0.0725551 
v 2.70675e-17 -0.127 -0.0736744 
v 0.00321363 -0.127 -0.0736043 
v 0.0725551 -0.127 0.0127934 
v 0.071928 -0.127 0.0159461 
v 0.0736744 -0.127 9.02251e-18 
v 0.0736043 -0.127 0.00321363 
v 0.073394 -0.127 -0.00642115 
v 0.0736043 -0.127 -0.00321363 
v -0.0621363 -0.127 0.0395852 
v -0.031179 -0.127 -0.00908963 
v -0.0398728 -0.127 -0.0157606 
v -0.0394027 -0.127 -0.0151195 
v -0.0202312 -0.127 -0.0438117 
v -0.0187152 -0.127 -0.0433337 
v -0.019468 -0.127 -0.0435893 
v 0.0422579 -0.127 -0.0603505 
v 0.0448501 -0.127 -0.0584498 
v 0.00642115 -0.127 -0.073394 
v 0.0730441 -0.127 0.00961644 
v 0.073394 -0.127 0.00642115 
v 0.0730441 -0.127 -0.00961644 
v 0.0725551 -0.127 -0.0127934 
v -0.0241523 -0.127 -0.0444152 
v -0.00642115 -0.127 -0.073394 
v -0.00321363 -0.127 -0.0736043 
v -0.0127934 -0.127 -0.0725551 
v -0.00961644 -0.127 -0.0730441 
v 0.0621363 -0.127 -0.0395852 
v 0.0638039 -0.127 -0.0368372 
v 0.0395852 -0.127 -0.0621363 
v -0.0159461 -0.127 -0.071928 
v 0.0680663 -0.127 -0.028194 
v 0.0692313 -0.127 -0.0251981 
v 0.06535 -0.127 -0.034019 
v 0.0667717 -0.127 -0.0311361 
v -0.0265351 0 -0.00806012 
v -0.0257419 0 -0.00800812 
v -0.0273254 0 -0.00814666 
v -0.0407268 0 -0.0171012 
v -0.0411092 0 -0.0177982 
v -0.0281111 0 -0.0082676 
v -0.0249471 0 -0.00799078 
v 0.0106916 0 -0.00574818 
v 0.0279361 0 0.00942569 
v 0.0288087 0 0.00944473 
v -0.034019 0 -0.06535 
v -0.0241523 0 -0.0444152 
v -0.023359 0 -0.0443632 
v -0.029663 0 -0.0438117 
v -0.0368372 0 -0.0638039 
v -0.0304262 0 -0.0435893 
v -0.0395852 0 -0.0621363 
v -0.0603505 0 -0.0422579 
v -0.0288908 0 -0.00842269 
v -0.029663 0 -0.00861164 
v -0.031179 0 -0.00908963 
v -0.0326476 0 -0.00969794 
v -0.0333606 0 -0.0100495 
v 0.0479398 0 -0.00574818 
v 0.0261926 0 0.00950181 
v 0.0270635 0 0.00944473 
v 0.0244623 0 0.00972961 
v 0.025325 0 0.00959683 
v -0.0225688 0 -0.0442767 
v -0.031179 0 -0.0433337 
v -0.0420691 0 -0.0199798 
v -0.0423247 0 -0.0207325 
v -0.0414608 0 -0.0185112 
v -0.0398728 0 -0.0157606 
v -0.0403144 0 -0.0164216 
v -0.0378312 0 -0.0133276 
v -0.0383809 0 -0.0139018 
v -0.0366592 0 -0.0122537 
v -0.0372569 0 -0.0127778 
v -0.0319199 0 -0.00937776 
v 0.0296797 0 0.00950181 
v 0.0305473 0 0.00959683 
v 0.0236063 0 0.00989988 
v 0.0194817 0 0.0113 
v 0.0202806 0 0.0109485 
v 0.0179336 0 0.0121058 
v 0.0186989 0 0.011686 
v -0.0217831 0 -0.0441558 
v -0.0319199 0 -0.0430456 
v -0.0422579 0 -0.0603505 
v -0.0448501 0 -0.0584498 
v -0.0340575 0 -0.0419914 
v -0.047357 0 -0.0564379 
v -0.0353982 0 -0.0411374 
v -0.0430121 0 -0.0238334 
v -0.0430986 0 -0.0246236 
v -0.041781 0 -0.0192388 
v -0.0353982 0 -0.011286 
v -0.0360393 0 -0.0117561 
v -0.0340575 0 -0.0104319 
v -0.0304262 0 -0.0088341 
v 0.0227585 0 0.0101073 
v 0.021094 0 0.0106321 
v 0.0219205 0 0.0103516 
v -0.0202312 0 -0.0438117 
v -0.019468 0 -0.0435893 
v -0.0210034 0 -0.0440007 
v -0.0273254 0 -0.0442767 
v -0.0265351 0 -0.0443632 
v -0.0326476 0 -0.0427254 
v -0.0333606 0 -0.0423738 
v -0.0347372 0 -0.041579 
v -0.0497737 0 -0.0543185 
v -0.0366592 0 -0.0401697 
v -0.0520957 0 -0.0520957 
v -0.0378312 0 -0.0390958 
v -0.0430986 0 -0.0277997 
v -0.0430121 0 -0.02859 
v -0.0428912 0 -0.0230477 
v -0.0425471 0 -0.0214958 
v -0.0427361 0 -0.022268 
v -0.0389051 0 -0.0144995 
v -0.0394027 0 -0.0151195 
v -0.0347372 0 -0.0108443 
v -0.0638039 0 -0.0368372 
v -0.06535 0 -0.034019 
v -0.0736744 0 -9.02251e-18 
v -0.0736043 0 0.00321363 
v -0.073394 0 0.00642115 
v -0.00679552 0 -0.0246236 
v -0.00688206 0 -0.0238334 
v 0.0414513 0 0.0146814 
v 0.0420818 0 0.015285 
v 0.0386848 0 0.0125586 
v 0.0394105 0 0.0130435 
v 0.0126114 0 0.0165717 
v 0.0131869 0 0.0159155 
v 0.011549 0 0.0179563 
v 0.0120651 0 0.0172524 
v 0.011549 0 0.040905 
v -0.028194 0 0.0680663 
v -0.0251981 0 0.0692313 
v -0.0257419 0 -0.0444152 
v -0.0249471 0 -0.0444326 
v -0.0281111 0 -0.0441558 
v -0.0288908 0 -0.0440007 
v -0.0360393 0 -0.0406673 
v -0.0372569 0 -0.0396455 
v -0.0383809 0 -0.0385215 
v -0.0564379 0 -0.047357 
v -0.0398728 0 -0.0366628 
v -0.0394027 0 -0.0373039 
v -0.0584498 0 -0.0448501 
v -0.0407268 0 -0.0353221 
v -0.0403144 0 -0.0360018 
v -0.0431506 0 -0.0270065 
v -0.0431506 0 -0.0254169 
v -0.043168 0 -0.0262117 
v -0.0621363 0 -0.0395852 
v -0.0667717 0 -0.0311361 
v -0.0692313 0 -0.0251981 
v -0.0702645 0 -0.0221543 
v -0.071164 0 -0.0190683 
v -0.071928 0 -0.0159461 
v -0.0725551 0 -0.0127934 
v -0.073394 0 -0.00642115 
v -0.0736043 0 -0.00321363 
v -0.0730441 0 0.00961644 
v -0.0725551 0 0.0127934 
v -0.00782504 0 -0.0199798 
v -0.007003 0 -0.0230477 
v -0.00715809 0 -0.022268 
v -0.00674352 0 -0.0254169 
v -0.00688206 0 -0.02859 
v -0.00679552 0 -0.0277997 
v 0.0448501 0 0.0584498 
v 0.0379386 0 0.0467555 
v 0.0371734 0 0.0471753 
v 0.071164 0 0.0190683 
v 0.0452609 0 0.0194282 
v 0.0456808 0 0.0201934 
v 0.0426853 0 0.0159155 
v 0.0401144 0 0.0135596 
v 0.0355917 0 0.0109485 
v 0.0363906 0 0.0113 
v 0.0137905 0 0.015285 
v 0.0110641 0 0.018682 
v 0.0110641 0 0.0401793 
v 0.0106113 0 0.0394331 
v 0.0120651 0 0.0416089 
v -0.0221543 0 0.0702645 
v 0.0126114 0 0.0422896 
v -0.0190683 0 0.071164 
v -0.0543185 0 -0.0497737 
v -0.0389051 0 -0.0379238 
v -0.0411092 0 -0.0346252 
v -0.0414608 0 -0.0339122 
v -0.0423247 0 -0.0316908 
v -0.0420691 0 -0.0324436 
v -0.0427361 0 -0.0301554 
v -0.0425471 0 -0.0309276 
v -0.0428912 0 -0.0293757 
v -0.0680663 0 -0.028194 
v -0.0730441 0 -0.00961644 
v -0.071928 0 0.0159461 
v -0.0075695 0 -0.0207325 
v -0.00674352 0 -0.0270065 
v -0.00672618 0 -0.0262117 
v -0.007003 0 -0.0293757 
v -0.00734704 0 -0.0309276 
v -0.00715809 0 -0.0301554 
v 0.0422579 0 0.0603505 
v 0.0448082 0 0.018682 
v 0.0438071 0 0.0172524 
v 0.0443232 0 0.0179563 
v 0.0432608 0 0.0165717 
v 0.0407951 0 0.014106 
v 0.0379386 0 0.0121058 
v 0.0347782 0 0.0106321 
v 0.0331138 0 0.0101073 
v 0.0339517 0 0.0103516 
v 0.0171875 0 0.0125586 
v 0.0157579 0 0.0135596 
v 0.0164618 0 0.0130435 
v 0.014421 0 0.0146814 
v 0.0150772 0 0.014106 
v 0.0131869 0 0.0429458 
v -0.0159461 0 0.071928 
v 0.0137905 0 0.0435763 
v -0.0127934 0 0.0725551 
v -0.041781 0 -0.0331845 
v -0.00734704 0 -0.0214958 
v 0.0386848 0 0.0463027 
v 0.047357 0 0.0564379 
v 0.0394105 0 0.0458178 
v 0.0479411 0 0.0294307 
v 0.0479221 0 0.0303033 
v 0.0667717 0 0.0311361 
v 0.047865 0 0.0276871 
v 0.0479221 0 0.0285581 
v 0.0680663 0 0.028194 
v 0.0371734 0 0.011686 
v 0.00823508 0 0.0329045 
v 0.00810231 0 0.0320418 
v 0.00861281 0 0.0346083 
v 0.00840536 0 0.0337605 
v 0.00913761 0 0.0362728 
v 0.00885705 0 0.0354463 
v 0.014421 0 0.0441799 
v 0.0106916 0 -0.0200037 
v 0.0311361 0 -0.0667717 
v 0.028194 0 -0.0680663 
v -0.0126372 0 -0.0396455 
v -0.012063 0 -0.0390958 
v -0.0158366 0 -0.0419914 
v -0.015157 0 -0.041579 
v -0.0179742 0 -0.0430456 
v -0.0172466 0 -0.0427254 
v -0.071164 0 0.0190683 
v -0.00782504 0 -0.0324436 
v -0.0075695 0 -0.0316908 
v -0.00843334 0 -0.0339122 
v -0.00811317 0 -0.0331845 
v 0.0363906 0 0.0475613 
v 0.0401144 0 0.0453017 
v 0.0497737 0 0.0543185 
v 0.0407951 0 0.0447554 
v 0.0474669 0 0.0337605 
v 0.0472595 0 0.0346083 
v 0.0621363 0 0.0395852 
v 0.047865 0 0.0311742 
v 0.06535 0 0.034019 
v 0.0692313 0 0.0251981 
v 0.04777 0 0.0268195 
v 0.0476372 0 0.0259568 
v 0.0474669 0 0.0251008 
v 0.0702645 0 0.0221543 
v 0.03141 0 0.00972961 
v 0.032266 0 0.00989988 
v 0.00945395 0 0.0217751 
v 0.00980547 0 0.0209762 
v 0.00913761 0 0.0225886 
v 0.00800729 0 0.0276871 
v 0.00810231 0 0.0268195 
v 0.00793116 0 0.0294307 
v 0.0079502 0 0.0285581 
v 0.00800729 0 0.0311742 
v 0.0079502 0 0.0303033 
v 0.00945395 0 0.0370862 
v -0.00961644 0 0.0730441 
v 0.0251981 0 -0.0692313 
v 0.0221543 0 -0.0702645 
v 0.034019 0 -0.06535 
v -0.0100214 0 -0.0366628 
v -0.00957973 0 -0.0360018 
v -0.0115132 0 -0.0385215 
v -0.0109891 0 -0.0379238 
v -0.0138549 0 -0.0406673 
v -0.0132349 0 -0.0401697 
v -0.014496 0 -0.0411374 
v -0.0187152 0 -0.0433337 
v -0.0702645 0 0.0221543 
v -0.0692313 0 0.0251981 
v -0.0520957 0 0.0520957 
v -0.0497737 0 0.0543185 
v -0.0138549 0 -0.0117561 
v -0.014496 0 -0.011286 
v -0.0115132 0 -0.0139018 
v -0.012063 0 -0.0133276 
v -0.00957973 0 -0.0164216 
v -0.0100214 0 -0.0157606 
v 0.0331138 0 0.048754 
v 0.0368372 0 0.0638039 
v 0.0395852 0 0.0621363 
v 0.0355917 0 0.0479128 
v 0.0414513 0 0.0441799 
v 0.0520957 0 0.0520957 
v 0.0420818 0 0.0435763 
v 0.0543185 0 0.0497737 
v 0.0432608 0 0.0422896 
v 0.0638039 0 0.0368372 
v 0.0476372 0 0.0329045 
v 0.04777 0 0.0320418 
v 0.0101915 0 0.0201934 
v 0.0106113 0 0.0194282 
v 0.00823508 0 0.0259568 
v 0.0101915 0 0.0386679 
v 0.00980547 0 0.0378851 
v 0.0150772 0 0.0447554 
v 0.00642115 0 -0.073394 
v 0.00321363 0 -0.0736043 
v -0.0104915 0 -0.0373039 
v -0.0165336 0 -0.0423738 
v -0.0680663 0 0.028194 
v -0.0667717 0 0.0311361 
v -0.047357 0 0.0564379 
v -0.0448501 0 0.0584498 
v -0.00916732 0 -0.0353221 
v -0.00878495 0 -0.0346252 
v -0.0172466 0 -0.00969794 
v -0.0179742 0 -0.00937776 
v -0.0132349 0 -0.0122537 
v -0.0126372 0 -0.0127778 
v -0.0104915 0 -0.0151195 
v -0.00811317 0 -0.0192388 
v -0.00843334 0 -0.0185112 
v 0.03141 0 0.0491317 
v 0.034019 0 0.06535 
v 0.0339517 0 0.0485097 
v 0.0347782 0 0.0482292 
v 0.0426853 0 0.0429458 
v 0.0438071 0 0.0416089 
v 0.0472595 0 0.024253 
v 0.00861281 0 0.024253 
v 0.00885705 0 0.023415 
v 0.00840536 0 0.0251008 
v -0.00642115 0 0.073394 
v 0.0157579 0 0.0453017 
v -0.00321363 0 0.0736043 
v 0.0194817 0 0.0475613 
v 0.00642115 0 0.073394 
v 0.00961644 0 0.0730441 
v 0.0244623 0 0.0491317 
v 0.0190683 0 0.071164 
v 0.0221543 0 0.0702645 
v 0.0479398 0 -0.0200037 
v 0.071164 0 -0.0190683 
v 0.0725551 0 -0.0127934 
v 0.071928 0 -0.0159461 
v 0.00961644 0 -0.0730441 
v 0.0159461 0 -0.071928 
v 0.0127934 0 -0.0725551 
v 0.0190683 0 -0.071164 
v 0.0395852 0 -0.0621363 
v 0.0368372 0 -0.0638039 
v 0.0621363 0 -0.0395852 
v 0.0603505 0 -0.0422579 
v -0.0603505 0 0.0422579 
v -0.0584498 0 0.0448501 
v -0.0422579 0 0.0603505 
v -0.0241523 0 -0.00800812 
v -0.0217831 0 -0.0082676 
v -0.0225688 0 -0.00814666 
v -0.0187152 0 -0.00908963 
v -0.019468 0 -0.0088341 
v -0.0165336 0 -0.0100495 
v -0.0109891 0 -0.0144995 
v -0.00878495 0 -0.0177982 
v 0.032266 0 0.0489614 
v 0.0443232 0 0.040905 
v 0.0564379 0 0.047357 
v 0.0448082 0 0.0401793 
v 0.0164618 0 0.0458178 
v 0 0 0.0736744 
v 0.0171875 0 0.0463027 
v 0.00321363 0 0.0736043 
v 0.0179336 0 0.0467555 
v 0.0202806 0 0.0479128 
v 0.0227585 0 0.048754 
v 0.0159461 0 0.071928 
v 0.025325 0 0.0492645 
v 0.0251981 0 0.0692313 
v 0.0736744 0 9.02251e-18 
v 0.0736043 0 -0.00321363 
v 0.047357 0 -0.0564379 
v 0.0448501 0 -0.0584498 
v 0.0520957 0 -0.0520957 
v 0.0497737 0 -0.0543185 
v 0.0564379 0 -0.047357 
v 0.0543185 0 -0.0497737 
v 0.0584498 0 -0.0448501 
v -0.06535 0 0.034019 
v -0.0638039 0 0.0368372 
v -0.0564379 0 0.047357 
v -0.0543185 0 0.0497737 
v -0.0395852 0 0.0621363 
v -0.023359 0 -0.00806012 
v -0.0202312 0 -0.00861164 
v -0.0210034 0 -0.00842269 
v -0.015157 0 -0.0108443 
v -0.0158366 0 -0.0104319 
v -0.00916732 0 -0.0171012 
v 0.0452609 0 0.0394331 
v 0.0584498 0 0.0448501 
v 0.0456808 0 0.0386679 
v 0.0470152 0 0.0354463 
v 0.0467347 0 0.0362728 
v 0.0603505 0 0.0422579 
v 0.0467347 0 0.0225886 
v 0.0470152 0 0.023415 
v 0.0186989 0 0.0471753 
v 0.0127934 0 0.0725551 
v 0.021094 0 0.0482292 
v 0.0236063 0 0.0489614 
v 0.0270635 0 0.0494166 
v 0.0261926 0 0.0493595 
v 0.028194 0 0.0680663 
v 0.0730441 0 -0.00961644 
v 0.073394 0 -0.00642115 
v 0.073394 0 0.00642115 
v 0.0736043 0 0.00321363 
v -0.00642115 0 -0.073394 
v -0.00961644 0 -0.0730441 
v 9.02251e-18 0 -0.0736744 
v -0.00321363 0 -0.0736043 
v -0.0368372 0 0.0638039 
v 0.0288087 0 0.0494166 
v 0.0311361 0 0.0667717 
v 0.0296797 0 0.0493595 
v 0.0464183 0 0.0370862 
v 0.0460668 0 0.0378851 
v 0.0460668 0 0.0209762 
v 0.0464183 0 0.0217751 
v 0.0219205 0 0.0485097 
v 0.0279361 0 0.0494356 
v 0.0730441 0 0.00961644 
v 0.071928 0 0.0159461 
v -0.0127934 0 -0.0725551 
v -0.0621363 0 0.0395852 
v -0.034019 0 0.06535 
v -0.0311361 0 0.0667717 
v 0.0305473 0 0.0492645 
v 0.0725551 0 0.0127934 
v -0.0221543 0 -0.0702645 
v -0.0251981 0 -0.0692313 
v -0.0159461 0 -0.071928 
v -0.0190683 0 -0.071164 
v 0.0422579 0 -0.0603505 
v 0.0680663 0 -0.028194 
v 0.0667717 0 -0.0311361 
v 0.0702645 0 -0.0221543 
v 0.0692313 0 -0.0251981 
v -0.028194 0 -0.0680663 
v -0.0311361 0 -0.0667717 
v 0.06535 0 -0.034019 
v 0.0638039 0 -0.0368372 
vn 0.0436194 0 -0.999048 
vn 2.44929e-16 0 -1 
vn 0.0871557 0 -0.996195 
vn 0.0436194 0 -0.999048 
vn 0.130526 0 -0.991445 
vn 0.0871557 0 -0.996195 
vn 0.173648 0 -0.984808 
vn 0.130526 0 -0.991445 
vn 0.21644 0 -0.976296 
vn 0.173648 0 -0.984808 
vn 0.258819 0 -0.965926 
vn 0.21644 0 -0.976296 
vn 0.300706 0 -0.953717 
vn 0.258819 0 -0.965926 
vn 0.34202 0 -0.939693 
vn 0.300706 0 -0.953717 
vn 0.382683 0 -0.92388 
vn 0.34202 0 -0.939693 
vn 0.422618 0 -0.906308 
vn 0.382683 0 -0.92388 
vn 0.461749 0 -0.887011 
vn 0.422618 0 -0.906308 
vn 0.5 0 -0.866025 
vn 0.461749 0 -0.887011 
vn 0.5373 0 -0.843391 
vn 0.5 0 -0.866025 
vn 0.573576 0 -0.819152 
vn 0.5373 0 -0.843391 
vn 0.608761 0 -0.793353 
vn 0.573576 0 -0.819152 
vn 0.642788 0 -0.766044 
vn 0.608761 0 -0.793353 
vn 0.67559 0 -0.737277 
vn 0.642788 0 -0.766044 
vn 0.707107 0 -0.707107 
vn 0.67559 0 -0.737277 
vn 0.737277 0 -0.67559 
vn 0.707107 0 -0.707107 
vn 0.766044 0 -0.642788 
vn 0.737277 0 -0.67559 
vn 0.793353 0 -0.608761 
vn 0.766044 0 -0.642788 
vn 0.819152 0 -0.573576 
vn 0.793353 0 -0.608761 
vn 0.843391 0 -0.5373 
vn 0.819152 0 -0.573576 
vn 0.866025 0 -0.5 
vn 0.843391 0 -0.5373 
vn 0.887011 0 -0.461749 
vn 0.866025 0 -0.5 
vn 0.906308 0 -0.422618 
vn 0.887011 0 -0.461749 
vn 0.92388 0 -0.382683 
vn 0.906308 0 -0.422618 
vn 0.939693 0 -0.34202 
vn 0.92388 0 -0.382683 
vn 0.953717 0 -0.300706 
vn 0.939693 0 -0.34202 
vn 0.965926 0 -0.258819 
vn 0.953717 0 -0.300706 
vn 0.976296 0 -0.21644 
vn 0.965926 0 -0.258819 
vn 0.984808 0 -0.173648 
vn 0.976296 0 -0.21644 
vn 0.991445 0 -0.130526 
vn 0.984808 0 -0.173648 
vn 0.996195 0 -0.0871557 
vn 0.991445 0 -0.130526 
vn 0.999048 0 -0.0436194 
vn 0.996195 0 -0.0871557 
vn 1 0 1.07188e-15 
vn 0.999048 0 -0.0436194 
vn 0.999048 0 0.0436194 
vn 1 0 1.07188e-15 
vn 0.996195 0 0.0871557 
vn 0.999048 0 0.0436194 
vn 0.991445 0 0.130526 
vn 0.996195 0 0.0871557 
vn 0.984808 0 0.173648 
vn 0.991445 0 0.130526 
vn 0.976296 0 0.21644 
vn 0.984808 0 0.173648 
vn 0.965926 0 0.258819 
vn 0.976296 0 0.21644 
vn 0.953717 0 0.300706 
vn 0.965926 0 0.258819 
vn 0.939693 0 0.34202 
vn 0.953717 0 0.300706 
vn 0.92388 0 0.382683 
vn 0.939693 0 0.34202 
vn 0.906308 0 0.422618 
vn 0.92388 0 0.382683 
vn 0.887011 0 0.461749 
vn 0.906308 0 0.422618 
vn 0.866025 0 0.5 
vn 0.887011 0 0.461749 
vn 0.843391 0 0.5373 
vn 0.866025 0 0.5 
vn 0.819152 0 0.573576 
vn 0.843391 0 0.5373 
vn 0.793353 0 0.608761 
vn 0.819152 0 0.573576 
vn 0.766044 0 0.642788 
vn 0.793353 0 0.608761 
vn 0.737277 0 0.67559 
vn 0.766044 0 0.642788 
vn 0.707107 0 0.707107 
vn 0.737277 0 0.67559 
vn 0.67559 0 0.737277 
vn 0.707107 0 0.707107 
vn 0.642788 0 0.766044 
vn 0.67559 0 0.737277 
vn 0.608761 0 0.793353 
vn 0.642788 0 0.766044 
vn 0.573576 0 0.819152 
vn 0.608761 0 0.793353 
vn 0.5373 0 0.843391 
vn 0.573576 0 0.819152 
vn 0.5 0 0.866025 
vn 0.5373 0 0.843391 
vn 0.461749 0 0.887011 
vn 0.5 0 0.866025 
vn 0.422618 0 0.906308 
vn 0.461749 0 0.887011 
vn 0.382683 0 0.92388 
vn 0.422618 0 0.906308 
vn 0.34202 0 0.939693 
vn 0.382683 0 0.92388 
vn 0.300706 0 0.953717 
vn 0.34202 0 0.939693 
vn 0.258819 0 0.965926 
vn 0.300706 0 0.953717 
vn 0.21644 0 0.976296 
vn 0.258819 0 0.965926 
vn 0.173648 0 0.984808 
vn 0.21644 0 0.976296 
vn 0.130526 0 0.991445 
vn 0.173648 0 0.984808 
vn 0.0871557 0 0.996195 
vn 0.130526 0 0.991445 
vn 0.0436194 0 0.999048 
vn 0.0871557 0 0.996195 
vn -5.66554e-16 0 1 
vn 0.0436194 0 0.999048 
vn -0.0436194 0 0.999048 
vn -5.66554e-16 0 1 
vn -0.0871557 0 0.996195 
vn -0.0436194 0 0.999048 
vn -0.130526 0 0.991445 
vn -0.0871557 0 0.996195 
vn -0.173648 0 0.984808 
vn -0.130526 0 0.991445 
vn -0.21644 0 0.976296 
vn -0.173648 0 0.984808 
vn -0.258819 0 0.965926 
vn -0.21644 0 0.976296 
vn -0.300706 0 0.953717 
vn -0.258819 0 0.965926 
vn -0.34202 0 0.939693 
vn -0.300706 0 0.953717 
vn -0.382683 0 0.92388 
vn -0.34202 0 0.939693 
vn -0.422618 0 0.906308 
vn -0.382683 0 0.92388 
vn -0.461749 0 0.887011 
vn -0.422618 0 0.906308 
vn -0.5 0 0.866025 
vn -0.461749 0 0.887011 
vn -0.5373 0 0.843391 
vn -0.5 0 0.866025 
vn -0.573576 0 0.819152 
vn -0.5373 0 0.843391 
vn -0.608761 0 0.793353 
vn -0.573576 0 0.819152 
vn -0.642788 0 0.766044 
vn -0.608761 0 0.793353 
vn -0.67559 0 0.737277 
vn -0.642788 0 0.766044 
vn -0.707107 0 0.707107 
vn -0.67559 0 0.737277 
vn -0.737277 0 0.67559 
vn -0.707107 0 0.707107 
vn -0.766044 0 0.642788 
vn -0.737277 0 0.67559 
vn -0.793353 0 0.608761 
vn -0.766044 0 0.642788 
vn -0.819152 0 0.573576 
vn -0.793353 0 0.608761 
vn -0.843391 0 0.5373 
vn -0.819152 0 0.573576 
vn -0.866025 0 0.5 
vn -0.843391 0 0.5373 
vn -0.887011 0 0.461749 
vn -0.866025 0 0.5 
vn -0.906308 0 0.422618 
vn -0.887011 0 0.461749 
vn -0.92388 0 0.382683 
vn -0.906308 0 0.422618 
vn -0.939693 0 0.34202 
vn -0.92388 0 0.382683 
vn -0.953717 0 0.300706 
vn -0.939693 0 0.34202 
vn -0.965926 0 0.258819 
vn -0.953717 0 0.300706 
vn -0.976296 0 0.21644 
vn -0.965926 0 0.258819 
vn -0.984808 0 0.173648 
vn -0.976296 0 0.21644 
vn -0.991445 0 0.130526 
vn -0.984808 0 0.173648 
vn -0.996195 0 0.0871557 
vn -0.991445 0 0.130526 
vn -0.999048 0 0.0436194 
vn -0.996195 0 0.0871557 
vn -1 0 -6.12323e-17 
vn -0.999048 0 0.0436194 
vn -0.999048 0 -0.0436194 
vn -1 0 -6.12323e-17 
vn -0.996195 0 -0.0871557 
vn -0.999048 0 -0.0436194 
vn -0.991445 0 -0.130526 
vn -0.996195 0 -0.0871557 
vn -0.984808 0 -0.173648 
vn -0.991445 0 -0.130526 
vn -0.976296 0 -0.21644 
vn -0.984808 0 -0.173648 
vn -0.965926 0 -0.258819 
vn -0.976296 0 -0.21644 
vn -0.953717 0 -0.300706 
vn -0.965926 0 -0.258819 
vn -0.939693 0 -0.34202 
vn -0.953717 0 -0.300706 
vn -0.92388 0 -0.382683 
vn -0.939693 0 -0.34202 
vn -0.906308 0 -0.422618 
vn -0.92388 0 -0.382683 
vn -0.887011 0 -0.461749 
vn -0.906308 0 -0.422618 
vn -0.866025 0 -0.5 
vn -0.887011 0 -0.461749 
vn -0.843391 0 -0.5373 
vn -0.866025 0 -0.5 
vn -0.819152 0 -0.573576 
vn -0.843391 0 -0.5373 
vn -0.793353 0 -0.608761 
vn -0.819152 0 -0.573576 
vn -0.766044 0 -0.642788 
vn -0.793353 0 -0.608761 
vn -0.737277 0 -0.67559 
vn -0.766044 0 -0.642788 
vn -0.707107 0 -0.707107 
vn -0.737277 0 -0.67559 
vn -0.67559 0 -0.737277 
vn -0.707107 0 -0.707107 
vn -0.642788 0 -0.766044 
vn -0.67559 0 -0.737277 
vn -0.608761 0 -0.793353 
vn -0.642788 0 -0.766044 
vn -0.573576 0 -0.819152 
vn -0.608761 0 -0.793353 
vn -0.5373 0 -0.843391 
vn -0.573576 0 -0.819152 
vn -0.5 0 -0.866025 
vn -0.5373 0 -0.843391 
vn -0.461749 0 -0.887011 
vn -0.5 0 -0.866025 
vn -0.422618 0 -0.906308 
vn -0.461749 0 -0.887011 
vn -0.382683 0 -0.92388 
vn -0.422618 0 -0.906308 
vn -0.34202 0 -0.939693 
vn -0.382683 0 -0.92388 
vn -0.300706 0 -0.953717 
vn -0.34202 0 -0.939693 
vn -0.258819 0 -0.965926 
vn -0.300706 0 -0.953717 
vn -0.21644 0 -0.976296 
vn -0.258819 0 -0.965926 
vn -0.173648 0 -0.984808 
vn -0.21644 0 -0.976296 
vn -0.130526 0 -0.991445 
vn -0.173648 0 -0.984808 
vn -0.0871557 0 -0.996195 
vn -0.130526 0 -0.991445 
vn -0.0436194 0 -0.999048 
vn -0.0871557 0 -0.996195 
vn 0 -1 0 
vn 0 1 0 
vn 1 0 0 
vn 0 0 -1 
vn -1 0 0 
vn 0 0 1 
vn 0.0436194 0 -0.999048 
vn 2.44929e-16 0 -1 
vn 0.0871557 0 -0.996195 
vn 0.0436194 0 -0.999048 
vn 0.130526 0 -0.991445 
vn 0.0871557 0 -0.996195 
vn 0.173648 0 -0.984808 
vn 0.130526 0 -0.991445 
vn 0.21644 0 -0.976296 
vn 0.173648 0 -0.984808 
vn 0.258819 0 -0.965926 
vn 0.21644 0 -0.976296 
vn 0.300706 0 -0.953717 
vn 0.258819 0 -0.965926 
vn 0.34202 0 -0.939693 
vn 0.300706 0 -0.953717 
vn 0.382683 0 -0.92388 
vn 0.34202 0 -0.939693 
vn 0.422618 0 -0.906308 
vn 0.382683 0 -0.92388 
vn 0.461749 0 -0.887011 
vn 0.422618 0 -0.906308 
vn 0.5 0 -0.866025 
vn 0.461749 0 -0.887011 
vn 0.5373 0 -0.843391 
vn 0.5 0 -0.866025 
vn 0.573576 0 -0.819152 
vn 0.5373 0 -0.843391 
vn 0.608761 0 -0.793353 
vn 0.573576 0 -0.819152 
vn 0.642788 0 -0.766044 
vn 0.608761 0 -0.793353 
vn 0.67559 0 -0.737277 
vn 0.642788 0 -0.766044 
vn 0.707107 0 -0.707107 
vn 0.67559 0 -0.737277 
vn 0.737277 0 -0.67559 
vn 0.707107 0 -0.707107 
vn 0.766044 0 -0.642788 
vn 0.737277 0 -0.67559 
vn 0.793353 0 -0.608761 
vn 0.766044 0 -0.642788 
vn 0.819152 0 -0.573576 
vn 0.793353 0 -0.608761 
vn 0.843391 0 -0.5373 
vn 0.819152 0 -0.573576 
vn 0.866025 0 -0.5 
vn 0.843391 0 -0.5373 
vn 0.887011 0 -0.461749 
vn 0.866025 0 -0.5 
vn 0.906308 0 -0.422618 
vn 0.887011 0 -0.461749 
vn 0.92388 0 -0.382683 
vn 0.906308 0 -0.422618 
vn 0.939693 0 -0.34202 
vn 0.92388 0 -0.382683 
vn 0.953717 0 -0.300706 
vn 0.939693 0 -0.34202 
vn 0.965926 0 -0.258819 
vn 0.953717 0 -0.300706 
vn 0.976296 0 -0.21644 
vn 0.965926 0 -0.258819 
vn 0.984808 0 -0.173648 
vn 0.976296 0 -0.21644 
vn 0.991445 0 -0.130526 
vn 0.984808 0 -0.173648 
vn 0.996195 0 -0.0871557 
vn 0.991445 0 -0.130526 
vn 0.999048 0 -0.0436194 
vn 0.996195 0 -0.0871557 
vn 1 0 1.83697e-16 
vn 0.999048 0 -0.0436194 
vn 0.999048 0 0.0436194 
vn 1 0 1.83697e-16 
vn 0.996195 0 0.0871557 
vn 0.999048 0 0.0436194 
vn 0.991445 0 0.130526 
vn 0.996195 0 0.0871557 
vn 0.984808 0 0.173648 
vn 0.991445 0 0.130526 
vn 0.976296 0 0.21644 
vn 0.984808 0 0.173648 
vn 0.965926 0 0.258819 
vn 0.976296 0 0.21644 
vn 0.953717 0 0.300706 
vn 0.965926 0 0.258819 
vn 0.939693 0 0.34202 
vn 0.953717 0 0.300706 
vn 0.92388 0 0.382683 
vn 0.939693 0 0.34202 
vn 0.906308 0 0.422618 
vn 0.92388 0 0.382683 
vn 0.887011 0 0.461749 
vn 0.906308 0 0.422618 
vn 0.866025 0 0.5 
vn 0.887011 0 0.461749 
vn 0.843391 0 0.5373 
vn 0.866025 0 0.5 
vn 0.819152 0 0.573576 
vn 0.843391 0 0.5373 
vn 0.793353 0 0.608761 
vn 0.819152 0 0.573576 
vn 0.766044 0 0.642788 
vn 0.793353 0 0.608761 
vn 0.737277 0 0.67559 
vn 0.766044 0 0.642788 
vn 0.707107 0 0.707107 
vn 0.737277 0 0.67559 
vn 0.67559 0 0.737277 
vn 0.707107 0 0.707107 
vn 0.642788 0 0.766044 
vn 0.67559 0 0.737277 
vn 0.608761 0 0.793353 
vn 0.642788 0 0.766044 
vn 0.573576 0 0.819152 
vn 0.608761 0 0.793353 
vn 0.5373 0 0.843391 
vn 0.573576 0 0.819152 
vn 0.5 0 0.866025 
vn 0.5373 0 0.843391 
vn 0.461749 0 0.887011 
vn 0.5 0 0.866025 
vn 0.422618 0 0.906308 
vn 0.461749 0 0.887011 
vn 0.382683 0 0.92388 
vn 0.422618 0 0.906308 
vn 0.34202 0 0.939693 
vn 0.382683 0 0.92388 
vn 0.300706 0 0.953717 
vn 0.34202 0 0.939693 
vn 0.258819 0 0.965926 
vn 0.300706 0 0.953717 
vn 0.21644 0 0.976296 
vn 0.258819 0 0.965926 
vn 0.173648 0 0.984808 
vn 0.21644 0 0.976296 
vn 0.130526 0 0.991445 
vn 0.173648 0 0.984808 
vn 0.0871557 0 0.996195 
vn 0.130526 0 0.991445 
vn 0.0436194 0 0.999048 
vn 0.0871557 0 0.996195 
vn -5.66554e-16 0 1 
vn 0.0436194 0 0.999048 
vn -0.0436194 0 0.999048 
vn -5.66554e-16 0 1 
vn -0.0871557 0 0.996195 
vn -0.0436194 0 0.999048 
vn -0.130526 0 0.991445 
vn -0.0871557 0 0.996195 
vn -0.173648 0 0.984808 
vn -0.130526 0 0.991445 
vn -0.21644 0 0.976296 
vn -0.173648 0 0.984808 
vn -0.258819 0 0.965926 
vn -0.21644 0 0.976296 
vn -0.300706 0 0.953717 
vn -0.258819 0 0.965926 
vn -0.34202 0 0.939693 
vn -0.300706 0 0.953717 
vn -0.382683 0 0.92388 
vn -0.34202 0 0.939693 
vn -0.422618 0 0.906308 
vn -0.382683 0 0.92388 
vn -0.461749 0 0.887011 
vn -0.422618 0 0.906308 
vn -0.5 0 0.866025 
vn -0.461749 0 0.887011 
vn -0.5373 0 0.843391 
vn -0.5 0 0.866025 
vn -0.573576 0 0.819152 
vn -0.5373 0 0.843391 
vn -0.608761 0 0.793353 
vn -0.573576 0 0.819152 
vn -0.642788 0 0.766044 
vn -0.608761 0 0.793353 
vn -0.67559 0 0.737277 
vn -0.642788 0 0.766044 
vn -0.707107 0 0.707107 
vn -0.67559 0 0.737277 
vn -0.737277 0 0.67559 
vn -0.707107 0 0.707107 
vn -0.766044 0 0.642788 
vn -0.737277 0 0.67559 
vn -0.793353 0 0.608761 
vn -0.766044 0 0.642788 
vn -0.819152 0 0.573576 
vn -0.793353 0 0.608761 
vn -0.843391 0 0.5373 
vn -0.819152 0 0.573576 
vn -0.866025 0 0.5 
vn -0.843391 0 0.5373 
vn -0.887011 0 0.461749 
vn -0.866025 0 0.5 
vn -0.906308 0 0.422618 
vn -0.887011 0 0.461749 
vn -0.92388 0 0.382683 
vn -0.906308 0 0.422618 
vn -0.939693 0 0.34202 
vn -0.92388 0 0.382683 
vn -0.953717 0 0.300706 
vn -0.939693 0 0.34202 
vn -0.965926 0 0.258819 
vn -0.953717 0 0.300706 
vn -0.976296 0 0.21644 
vn -0.965926 0 0.258819 
vn -0.984808 0 0.173648 
vn -0.976296 0 0.21644 
vn -0.991445 0 0.130526 
vn -0.984808 0 0.173648 
vn -0.996195 0 0.0871557 
vn -0.991445 0 0.130526 
vn -0.999048 0 0.0436194 
vn -0.996195 0 0.0871557 
vn -1 0 -6.12323e-17 
vn -0.999048 0 0.0436194 
vn -0.999048 0 -0.0436194 
vn -1 0 -6.12323e-17 
vn -0.996195 0 -0.0871557 
vn -0.999048 0 -0.0436194 
vn -0.991445 0 -0.130526 
vn -0.996195 0 -0.0871557 
vn -0.984808 0 -0.173648 
vn -0.991445 0 -0.130526 
vn -0.976296 0 -0.21644 
vn -0.984808 0 -0.173648 
vn -0.965926 0 -0.258819 
vn -0.976296 0 -0.21644 
vn -0.953717 0 -0.300706 
vn -0.965926 0 -0.258819 
vn -0.939693 0 -0.34202 
vn -0.953717 0 -0.300706 
vn -0.92388 0 -0.382683 
vn -0.939693 0 -0.34202 
vn -0.906308 0 -0.422618 
vn -0.92388 0 -0.382683 
vn -0.887011 0 -0.461749 
vn -0.906308 0 -0.422618 
vn -0.866025 0 -0.5 
vn -0.887011 0 -0.461749 
vn -0.843391 0 -0.5373 
vn -0.866025 0 -0.5 
vn -0.819152 0 -0.573576 
vn -0.843391 0 -0.5373 
vn -0.793353 0 -0.608761 
vn -0.819152 0 -0.573576 
vn -0.766044 0 -0.642788 
vn -0.793353 0 -0.608761 
vn -0.737277 0 -0.67559 
vn -0.766044 0 -0.642788 
vn -0.707107 0 -0.707107 
vn -0.737277 0 -0.67559 
vn -0.67559 0 -0.737277 
vn -0.707107 0 -0.707107 
vn -0.642788 0 -0.766044 
vn -0.67559 0 -0.737277 
vn -0.608761 0 -0.793353 
vn -0.642788 0 -0.766044 
vn -0.573576 0 -0.819152 
vn -0.608761 0 -0.793353 
vn -0.5373 0 -0.843391 
vn -0.573576 0 -0.819152 
vn -0.5 0 -0.866025 
vn -0.5373 0 -0.843391 
vn -0.461749 0 -0.887011 
vn -0.5 0 -0.866025 
vn -0.422618 0 -0.906308 
vn -0.461749 0 -0.887011 
vn -0.382683 0 -0.92388 
vn -0.422618 0 -0.906308 
vn -0.34202 0 -0.939693 
vn -0.382683 0 -0.92388 
vn -0.300706 0 -0.953717 
vn -0.34202 0 -0.939693 
vn -0.258819 0 -0.965926 
vn -0.300706 0 -0.953717 
vn -0.21644 0 -0.976296 
vn -0.258819 0 -0.965926 
vn -0.173648 0 -0.984808 
vn -0.21644 0 -0.976296 
vn -0.130526 0 -0.991445 
vn -0.173648 0 -0.984808 
vn -0.0871557 0 -0.996195 
vn -0.130526 0 -0.991445 
vn -0.0436194 0 -0.999048 
vn -0.0871557 0 -0.996195 
vn 0.0436194 0 -0.999048 
vn 2.44929e-16 0 -1 
vn 0.0871557 0 -0.996195 
vn 0.0436194 0 -0.999048 
vn 0.130526 0 -0.991445 
vn 0.0871557 0 -0.996195 
vn 0.173648 0 -0.984808 
vn 0.130526 0 -0.991445 
vn 0.21644 0 -0.976296 
vn 0.173648 0 -0.984808 
vn 0.258819 0 -0.965926 
vn 0.21644 0 -0.976296 
vn 0.300706 0 -0.953717 
vn 0.258819 0 -0.965926 
vn 0.34202 0 -0.939693 
vn 0.300706 0 -0.953717 
vn 0.382683 0 -0.92388 
vn 0.34202 0 -0.939693 
vn 0.422618 0 -0.906308 
vn 0.382683 0 -0.92388 
vn 0.461749 0 -0.887011 
vn 0.422618 0 -0.906308 
vn 0.5 0 -0.866025 
vn 0.461749 0 -0.887011 
vn 0.5373 0 -0.843391 
vn 0.5 0 -0.866025 
vn 0.573576 0 -0.819152 
vn 0.5373 0 -0.843391 
vn 0.608761 0 -0.793353 
vn 0.573576 0 -0.819152 
vn 0.642788 0 -0.766044 
vn 0.608761 0 -0.793353 
vn 0.67559 0 -0.737277 
vn 0.642788 0 -0.766044 
vn 0.707107 0 -0.707107 
vn 0.67559 0 -0.737277 
vn 0.737277 0 -0.67559 
vn 0.707107 0 -0.707107 
vn 0.766044 0 -0.642788 
vn 0.737277 0 -0.67559 
vn 0.793353 0 -0.608761 
vn 0.766044 0 -0.642788 
vn 0.819152 0 -0.573576 
vn 0.793353 0 -0.608761 
vn 0.843391 0 -0.5373 
vn 0.819152 0 -0.573576 
vn 0.866025 0 -0.5 
vn 0.843391 0 -0.5373 
vn 0.887011 0 -0.461749 
vn 0.866025 0 -0.5 
vn 0.906308 0 -0.422618 
vn 0.887011 0 -0.461749 
vn 0.92388 0 -0.382683 
vn 0.906308 0 -0.422618 
vn 0.939693 0 -0.34202 
vn 0.92388 0 -0.382683 
vn 0.953717 0 -0.300706 
vn 0.939693 0 -0.34202 
vn 0.965926 0 -0.258819 
vn 0.953717 0 -0.300706 
vn 0.976296 0 -0.21644 
vn 0.965926 0 -0.258819 
vn 0.984808 0 -0.173648 
vn 0.976296 0 -0.21644 
vn 0.991445 0 -0.130526 
vn 0.984808 0 -0.173648 
vn 0.996195 0 -0.0871557 
vn 0.991445 0 -0.130526 
vn 0.999048 0 -0.0436194 
vn 0.996195 0 -0.0871557 
vn 1 0 1.83697e-16 
vn 0.999048 0 -0.0436194 
vn 0.999048 0 0.0436194 
vn 1 0 1.83697e-16 
vn 0.996195 0 0.0871557 
vn 0.999048 0 0.0436194 
vn 0.991445 0 0.130526 
vn 0.996195 0 0.0871557 
vn 0.984808 0 0.173648 
vn 0.991445 0 0.130526 
vn 0.976296 0 0.21644 
vn 0.984808 0 0.173648 
vn 0.965926 0 0.258819 
vn 0.976296 0 0.21644 
vn 0.953717 0 0.300706 
vn 0.965926 0 0.258819 
vn 0.939693 0 0.34202 
vn 0.953717 0 0.300706 
vn 0.92388 0 0.382683 
vn 0.939693 0 0.34202 
vn 0.906308 0 0.422618 
vn 0.92388 0 0.382683 
vn 0.887011 0 0.461749 
vn 0.906308 0 0.422618 
vn 0.866025 0 0.5 
vn 0.887011 0 0.461749 
vn 0.843391 0 0.5373 
vn 0.866025 0 0.5 
vn 0.819152 0 0.573576 
vn 0.843391 0 0.5373 
vn 0.793353 0 0.608761 
vn 0.819152 0 0.573576 
vn 0.766044 0 0.642788 
vn 0.793353 0 0.608761 
vn 0.737277 0 0.67559 
vn 0.766044 0 0.642788 
vn 0.707107 0 0.707107 
vn 0.737277 0 0.67559 
vn 0.67559 0 0.737277 
vn 0.707107 0 0.707107 
vn 0.642788 0 0.766044 
vn 0.67559 0 0.737277 
vn 0.608761 0 0.793353 
vn 0.642788 0 0.766044 
vn 0.573576 0 0.819152 
vn 0.608761 0 0.793353 
vn 0.5373 0 0.843391 
vn 0.573576 0 0.819152 
vn 0.5 0 0.866025 
vn 0.5373 0 0.843391 
vn 0.461749 0 0.887011 
vn 0.5 0 0.866025 
vn 0.422618 0 0.906308 
vn 0.461749 0 0.887011 
vn 0.382683 0 0.92388 
vn 0.422618 0 0.906308 
vn 0.34202 0 0.939693 
vn 0.382683 0 0.92388 
vn 0.300706 0 0.953717 
vn 0.34202 0 0.939693 
vn 0.258819 0 0.965926 
vn 0.300706 0 0.953717 
vn 0.21644 0 0.976296 
vn 0.258819 0 0.965926 
vn 0.173648 0 0.984808 
vn 0.21644 0 0.976296 
vn 0.130526 0 0.991445 
vn 0.173648 0 0.984808 
vn 0.0871557 0 0.996195 
vn 0.130526 0 0.991445 
vn 0.0436194 0 0.999048 
vn 0.0871557 0 0.996195 
vn -5.66554e-16 0 1 
vn 0.0436194 0 0.999048 
vn -0.0436194 0 0.999048 
vn -5.66554e-16 0 1 
vn -0.0871557 0 0.996195 
vn -0.0436194 0 0.999048 
vn -0.130526 0 0.991445 
vn -0.0871557 0 0.996195 
vn -0.173648 0 0.984808 
vn -0.130526 0 0.991445 
vn -0.21644 0 0.976296 
vn -0.173648 0 0.984808 
vn -0.258819 0 0.965926 
vn -0.21644 0 0.976296 
vn -0.300706 0 0.953717 
vn -0.258819 0 0.965926 
vn -0.34202 0 0.939693 
vn -0.300706 0 0.953717 
vn -0.382683 0 0.92388 
vn -0.34202 0 0.939693 
vn -0.422618 0 0.906308 
vn -0.382683 0 0.92388 
vn -0.461749 0 0.887011 
vn -0.422618 0 0.906308 
vn -0.5 0 0.866025 
vn -0.461749 0 0.887011 
vn -0.5373 0 0.843391 
vn -0.5 0 0.866025 
vn -0.573576 0 0.819152 
vn -0.5373 0 0.843391 
vn -0.608761 0 0.793353 
vn -0.573576 0 0.819152 
vn -0.642788 0 0.766044 
vn -0.608761 0 0.793353 
vn -0.67559 0 0.737277 
vn -0.642788 0 0.766044 
vn -0.707107 0 0.707107 
vn -0.67559 0 0.737277 
vn -0.737277 0 0.67559 
vn -0.707107 0 0.707107 
vn -0.766044 0 0.642788 
vn -0.737277 0 0.67559 
vn -0.793353 0 0.608761 
vn -0.766044 0 0.642788 
vn -0.819152 0 0.573576 
vn -0.793353 0 0.608761 
vn -0.843391 0 0.5373 
vn -0.819152 0 0.573576 
vn -0.866025 0 0.5 
vn -0.843391 0 0.5373 
vn -0.887011 0 0.461749 
vn -0.866025 0 0.5 
vn -0.906308 0 0.422618 
vn -0.887011 0 0.461749 
vn -0.92388 0 0.382683 
vn -0.906308 0 0.422618 
vn -0.939693 0 0.34202 
vn -0.92388 0 0.382683 
vn -0.953717 0 0.300706 
vn -0.939693 0 0.34202 
vn -0.965926 0 0.258819 
vn -0.953717 0 0.300706 
vn -0.976296 0 0.21644 
vn -0.965926 0 0.258819 
vn -0.984808 0 0.173648 
vn -0.976296 0 0.21644 
vn -0.991445 0 0.130526 
vn -0.984808 0 0.173648 
vn -0.996195 0 0.0871557 
vn -0.991445 0 0.130526 
vn -0.999048 0 0.0436194 
vn -0.996195 0 0.0871557 
vn -1 0 -6.12323e-17 
vn -0.999048 0 0.0436194 
vn -0.999048 0 -0.0436194 
vn -1 0 -6.12323e-17 
vn -0.996195 0 -0.0871557 
vn -0.999048 0 -0.0436194 
vn -0.991445 0 -0.130526 
vn -0.996195 0 -0.0871557 
vn -0.984808 0 -0.173648 
vn -0.991445 0 -0.130526 
vn -0.976296 0 -0.21644 
vn -0.984808 0 -0.173648 
vn -0.965926 0 -0.258819 
vn -0.976296 0 -0.21644 
vn -0.953717 0 -0.300706 
vn -0.965926 0 -0.258819 
vn -0.939693 0 -0.34202 
vn -0.953717 0 -0.300706 
vn -0.92388 0 -0.382683 
vn -0.939693 0 -0.34202 
vn -0.906308 0 -0.422618 
vn -0.92388 0 -0.382683 
vn -0.887011 0 -0.461749 
vn -0.906308 0 -0.422618 
vn -0.866025 0 -0.5 
vn -0.887011 0 -0.461749 
vn -0.843391 0 -0.5373 
vn -0.866025 0 -0.5 
vn -0.819152 0 -0.573576 
vn -0.843391 0 -0.5373 
vn -0.793353 0 -0.608761 
vn -0.819152 0 -0.573576 
vn -0.766044 0 -0.642788 
vn -0.793353 0 -0.608761 
vn -0.737277 0 -0.67559 
vn -0.766044 0 -0.642788 
vn -0.707107 0 -0.707107 
vn -0.737277 0 -0.67559 
vn -0.67559 0 -0.737277 
vn -0.707107 0 -0.707107 
vn -0.642788 0 -0.766044 
vn -0.67559 0 -0.737277 
vn -0.608761 0 -0.793353 
vn -0.642788 0 -0.766044 
vn -0.573576 0 -0.819152 
vn -0.608761 0 -0.793353 
vn -0.5373 0 -0.843391 
vn -0.573576 0 -0.819152 
vn -0.5 0 -0.866025 
vn -0.5373 0 -0.843391 
vn -0.461749 0 -0.887011 
vn -0.5 0 -0.866025 
vn -0.422618 0 -0.906308 
vn -0.461749 0 -0.887011 
vn -0.382683 0 -0.92388 
vn -0.422618 0 -0.906308 
vn -0.34202 0 -0.939693 
vn -0.382683 0 -0.92388 
vn -0.300706 0 -0.953717 
vn -0.34202 0 -0.939693 
vn -0.258819 0 -0.965926 
vn -0.300706 0 -0.953717 
vn -0.21644 0 -0.976296 
vn -0.258819 0 -0.965926 
vn -0.173648 0 -0.984808 
vn -0.21644 0 -0.976296 
vn -0.130526 0 -0.991445 
vn -0.173648 0 -0.984808 
vn -0.0871557 0 -0.996195 
vn -0.130526 0 -0.991445 
vn -0.0436194 0 -0.999048 
vn -0.0871557 0 -0.996195 
vn 0 0 1 
vn 0.0436194 0 0.999048 
vn 0.0871557 0 0.996195 
vn 0.130526 0 0.991445 
vn 0.173648 0 0.984808 
vn 0.21644 0 0.976296 
vn 0.258819 0 0.965926 
vn 0.300706 0 0.953717 
vn 0.34202 0 0.939693 
vn 0.382683 0 0.92388 
vn 0.422618 0 0.906308 
vn 0.461749 0 0.887011 
vn 0.5 0 0.866025 
vn 0.5373 0 0.843391 
vn 0.573576 0 0.819152 
vn 0.608761 0 0.793353 
vn 0.642788 0 0.766044 
vn 0.67559 0 0.737277 
vn 0.707107 0 0.707107 
vn 0.737277 0 0.67559 
vn 0.766044 0 0.642788 
vn 0.793353 0 0.608761 
vn 0.819152 0 0.573576 
vn 0.843391 0 0.5373 
vn 0.866025 0 0.5 
vn 0.887011 0 0.461749 
vn 0.906308 0 0.422618 
vn 0.92388 0 0.382683 
vn 0.939693 0 0.34202 
vn 0.953717 0 0.300706 
vn 0.965926 0 0.258819 
vn 0.976296 0 0.21644 
vn 0.984808 0 0.173648 
vn 0.991445 0 0.130526 
vn 0.996195 0 0.0871557 
vn 0.999048 0 0.0436194 
vn 1 0 6.12323e-17 
vn 0.999048 0 -0.0436194 
vn 0.996195 0 -0.0871557 
vn 0.991445 0 -0.130526 
vn 0.984808 0 -0.173648 
vn 0.976296 0 -0.21644 
vn 0.965926 0 -0.258819 
vn 0.953717 0 -0.300706 
vn 0.939693 0 -0.34202 
vn 0.92388 0 -0.382683 
vn 0.906308 0 -0.422618 
vn 0.887011 0 -0.461749 
vn 0.866025 0 -0.5 
vn 0.843391 0 -0.5373 
vn 0.819152 0 -0.573576 
vn 0.793353 0 -0.608761 
vn 0.766044 0 -0.642788 
vn 0.737277 0 -0.67559 
vn 0.707107 0 -0.707107 
vn 0.67559 0 -0.737277 
vn 0.642788 0 -0.766044 
vn 0.608761 0 -0.793353 
vn 0.573576 0 -0.819152 
vn 0.5373 0 -0.843391 
vn 0.5 0 -0.866025 
vn 0.461749 0 -0.887011 
vn 0.422618 0 -0.906308 
vn 0.382683 0 -0.92388 
vn 0.34202 0 -0.939693 
vn 0.300706 0 -0.953717 
vn 0.258819 0 -0.965926 
vn 0.21644 0 -0.976296 
vn 0.173648 0 -0.984808 
vn 0.130526 0 -0.991445 
vn 0.0871557 0 -0.996195 
vn 0.0436194 0 -0.999048 
vn 1.22465e-16 0 -1 
vn -0.0436194 0 -0.999048 
vn -0.0871557 0 -0.996195 
vn -0.130526 0 -0.991445 
vn -0.173648 0 -0.984808 
vn -0.21644 0 -0.976296 
vn -0.258819 0 -0.965926 
vn -0.300706 0 -0.953717 
vn -0.34202 0 -0.939693 
vn -0.382683 0 -0.92388 
vn -0.422618 0 -0.906308 
vn -0.461749 0 -0.887011 
vn -0.5 0 -0.866025 
vn -0.5373 0 -0.843391 
vn -0.573576 0 -0.819152 
vn -0.608761 0 -0.793353 
vn -0.642788 0 -0.766044 
vn -0.67559 0 -0.737277 
vn -0.707107 0 -0.707107 
vn -0.737277 0 -0.67559 
vn -0.766044 0 -0.642788 
vn -0.793353 0 -0.608761 
vn -0.819152 0 -0.573576 
vn -0.843391 0 -0.5373 
vn -0.866025 0 -0.5 
vn -0.887011 0 -0.461749 
vn -0.906308 0 -0.422618 
vn -0.92388 0 -0.382683 
vn -0.939693 0 -0.34202 
vn -0.953717 0 -0.300706 
vn -0.965926 0 -0.258819 
vn -0.976296 0 -0.21644 
vn -0.984808 0 -0.173648 
vn -0.991445 0 -0.130526 
vn -0.996195 0 -0.0871557 
vn -0.999048 0 -0.0436194 
vn -1 0 -1.83697e-16 
vn -0.999048 0 0.0436194 
vn -0.996195 0 0.0871557 
vn -0.991445 0 0.130526 
vn -0.984808 0 0.173648 
vn -0.976296 0 0.21644 
vn -0.965926 0 0.258819 
vn -0.953717 0 0.300706 
vn -0.939693 0 0.34202 
vn -0.92388 0 0.382683 
vn -0.906308 0 0.422618 
vn -0.887011 0 0.461749 
vn -0.866025 0 0.5 
vn -0.843391 0 0.5373 
vn -0.819152 0 0.573576 
vn -0.793353 0 0.608761 
vn -0.766044 0 0.642788 
vn -0.737277 0 0.67559 
vn -0.707107 0 0.707107 
vn -0.67559 0 0.737277 
vn -0.642788 0 0.766044 
vn -0.608761 0 0.793353 
vn -0.573576 0 0.819152 
vn -0.5373 0 0.843391 
vn -0.5 0 0.866025 
vn -0.461749 0 0.887011 
vn -0.422618 0 0.906308 
vn -0.382683 0 0.92388 
vn -0.34202 0 0.939693 
vn -0.300706 0 0.953717 
vn -0.258819 0 0.965926 
vn -0.21644 0 0.976296 
vn -0.173648 0 0.984808 
vn -0.130526 0 0.991445 
vn -0.0871557 0 0.996195 
vn -0.0436194 0 0.999048 
usemtl 0.615686_0.811765_0.929412_0.000000_0.000000
o mesh0
f 1//1 2//2 3//2 
f 4//3 1//1 5//4 
f 6//5 4//3 7//6 
f 8//7 6//5 9//8 
f 10//9 8//7 11//10 
f 12//11 10//9 13//12 
f 14//13 12//11 15//14 
f 16//15 14//13 17//16 
f 18//17 16//15 19//18 
f 20//19 18//17 21//20 
f 22//21 20//19 23//22 
f 24//23 22//21 25//24 
f 26//25 24//23 27//26 
f 28//27 26//25 29//28 
f 30//29 28//27 31//30 
f 32//31 30//29 33//32 
f 34//33 32//31 35//34 
f 36//35 34//33 37//36 
f 38//37 36//35 39//38 
f 40//39 38//37 41//40 
f 42//41 40//39 43//42 
f 44//43 42//41 45//44 
f 46//45 44//43 47//46 
f 48//47 46//45 49//48 
f 50//49 48//47 51//50 
f 52//51 50//49 53//52 
f 54//53 52//51 55//54 
f 56//55 54//53 57//56 
f 58//57 56//55 59//58 
f 60//59 58//57 61//60 
f 62//61 60//59 63//62 
f 64//63 62//61 65//64 
f 66//65 64//63 67//66 
f 68//67 66//65 69//68 
f 70//69 68//67 71//70 
f 72//71 70//69 73//72 
f 74//73 72//71 75//74 
f 76//75 74//73 77//76 
f 78//77 76//75 79//78 
f 80//79 78//77 81//80 
f 82//81 80//79 83//82 
f 84//83 82//81 85//84 
f 86//85 84//83 87//86 
f 88//87 86//85 89//88 
f 90//89 88//87 91//90 
f 92//91 90//89 93//92 
f 94//93 92//91 95//94 
f 96//95 94//93 97//96 
f 98//97 96//95 99//98 
f 100//99 98//97 101//100 
f 102//101 100//99 103//102 
f 104//103 102//101 105//104 
f 106//105 104//103 107//106 
f 108//107 106//105 109//108 
f 110//109 108//107 111//110 
f 112//111 110//109 113//112 
f 114//113 112//111 115//114 
f 116//115 114//113 117//116 
f 118//117 116//115 119//118 
f 120//119 118//117 121//120 
f 122//121 120//119 123//122 
f 124//123 122//121 125//124 
f 126//125 124//123 127//126 
f 128//127 126//125 129//128 
f 130//129 128//127 131//130 
f 132//131 130//129 133//132 
f 134//133 132//131 135//134 
f 136//135 134//133 137//136 
f 138//137 136//135 139//138 
f 140//139 138//137 141//140 
f 142//141 140//139 143//142 
f 144//143 142//141 145//144 
f 146//145 144//143 147//146 
f 148//147 146//145 149//148 
f 150//149 148//147 151//150 
f 152//151 150//149 153//152 
f 154//153 152//151 155//154 
f 156//155 154//153 157//156 
f 158//157 156//155 159//158 
f 160//159 158//157 161//160 
f 162//161 160//159 163//162 
f 164//163 162//161 165//164 
f 166//165 164//163 167//166 
f 168//167 166//165 169//168 
f 170//169 168//167 171//170 
f 172//171 170//169 173//172 
f 174//173 172//171 175//174 
f 176//175 174//173 177//176 
f 178//177 176//175 179//178 
f 180//179 178//177 181//180 
f 182//181 180//179 183//182 
f 184//183 182//181 185//184 
f 186//185 184//183 187//186 
f 188//187 186//185 189//188 
f 190//189 188//187 191//190 
f 192//191 190//189 193//192 
f 194//193 192//191 195//194 
f 196//195 194//193 197//196 
f 198//197 196//195 199//198 
f 200//199 198//197 201//200 
f 202//201 200//199 203//202 
f 204//203 202//201 205//204 
f 206//205 204//203 207//206 
f 208//207 206//205 209//208 
f 210//209 208//207 211//210 
f 212//211 210//209 213//212 
f 214//213 212//211 215//214 
f 216//215 214//213 217//216 
f 218//217 216//215 219//218 
f 220//219 218//217 221//220 
f 222//221 220//219 223//222 
f 224//223 222//221 225//224 
f 226//225 224//223 227//226 
f 228//227 226//225 229//228 
f 230//229 228//227 231//230 
f 232//231 230//229 233//232 
f 234//233 232//231 235//234 
f 236//235 234//233 237//236 
f 238//237 236//235 239//238 
f 240//239 238//237 241//240 
f 242//241 240//239 243//242 
f 244//243 242//241 245//244 
f 246//245 244//243 247//246 
f 248//247 246//245 249//248 
f 250//249 248//247 251//250 
f 252//251 250//249 253//252 
f 254//253 252//251 255//254 
f 256//255 254//253 257//256 
f 258//257 256//255 259//258 
f 260//259 258//257 261//260 
f 262//261 260//259 263//262 
f 264//263 262//261 265//264 
f 266//265 264//263 267//266 
f 268//267 266//265 269//268 
f 270//269 268//267 271//270 
f 272//271 270//269 273//272 
f 274//273 272//271 275//274 
f 276//275 274//273 277//276 
f 278//277 276//275 279//278 
f 280//279 278//277 281//280 
f 282//281 280//279 283//282 
f 284//283 282//281 285//284 
f 286//285 284//283 287//286 
f 2//2 286//285 288//285 
f 288//285 3//2 2//2 
f 287//286 288//285 286//285 
f 285//284 287//286 284//283 
f 283//282 285//284 282//281 
f 281//280 283//282 280//279 
f 279//278 281//280 278//277 
f 277//276 279//278 276//275 
f 275//274 277//276 274//273 
f 273//272 275//274 272//271 
f 271//270 273//272 270//269 
f 269//268 271//270 268//267 
f 267//266 269//268 266//265 
f 265//264 267//266 264//263 
f 263//262 265//264 262//261 
f 261//260 263//262 260//259 
f 259//258 261//260 258//257 
f 257//256 259//258 256//255 
f 255//254 257//256 254//253 
f 253//252 255//254 252//251 
f 251//250 253//252 250//249 
f 249//248 251//250 248//247 
f 247//246 249//248 246//245 
f 245//244 247//246 244//243 
f 243//242 245//244 242//241 
f 241//240 243//242 240//239 
f 239//238 241//240 238//237 
f 237//236 239//238 236//235 
f 235//234 237//236 234//233 
f 233//232 235//234 232//231 
f 231//230 233//232 230//229 
f 229//228 231//230 228//227 
f 227//226 229//228 226//225 
f 225//224 227//226 224//223 
f 223//222 225//224 222//221 
f 221//220 223//222 220//219 
f 219//218 221//220 218//217 
f 217//216 219//218 216//215 
f 215//214 217//216 214//213 
f 213//212 215//214 212//211 
f 211//210 213//212 210//209 
f 209//208 211//210 208//207 
f 207//206 209//208 206//205 
f 205//204 207//206 204//203 
f 203//202 205//204 202//201 
f 201//200 203//202 200//199 
f 199//198 201//200 198//197 
f 197//196 199//198 196//195 
f 195//194 197//196 194//193 
f 193//192 195//194 192//191 
f 191//190 193//192 190//189 
f 189//188 191//190 188//187 
f 187//186 189//188 186//185 
f 185//184 187//186 184//183 
f 183//182 185//184 182//181 
f 181//180 183//182 180//179 
f 179//178 181//180 178//177 
f 177//176 179//178 176//175 
f 175//174 177//176 174//173 
f 173//172 175//174 172//171 
f 171//170 173//172 170//169 
f 169//168 171//170 168//167 
f 167//166 169//168 166//165 
f 165//164 167//166 164//163 
f 163//162 165//164 162//161 
f 161//160 163//162 160//159 
f 159//158 161//160 158//157 
f 157//156 159//158 156//155 
f 155//154 157//156 154//153 
f 153//152 155//154 152//151 
f 151//150 153//152 150//149 
f 149//148 151//150 148//147 
f 147//146 149//148 146//145 
f 145//144 147//146 144//143 
f 143//142 145//144 142//141 
f 141//140 143//142 140//139 
f 139//138 141//140 138//137 
f 137//136 139//138 136//135 
f 135//134 137//136 134//133 
f 133//132 135//134 132//131 
f 131//130 133//132 130//129 
f 129//128 131//130 128//127 
f 127//126 129//128 126//125 
f 125//124 127//126 124//123 
f 123//122 125//124 122//121 
f 121//120 123//122 120//119 
f 119//118 121//120 118//117 
f 117//116 119//118 116//115 
f 115//114 117//116 114//113 
f 113//112 115//114 112//111 
f 111//110 113//112 110//109 
f 109//108 111//110 108//107 
f 107//106 109//108 106//105 
f 105//104 107//106 104//103 
f 103//102 105//104 102//101 
f 101//100 103//102 100//99 
f 99//98 101//100 98//97 
f 97//96 99//98 96//95 
f 95//94 97//96 94//93 
f 93//92 95//94 92//91 
f 91//90 93//92 90//89 
f 89//88 91//90 88//87 
f 87//86 89//88 86//85 
f 85//84 87//86 84//83 
f 83//82 85//84 82//81 
f 81//80 83//82 80//79 
f 79//78 81//80 78//77 
f 77//76 79//78 76//75 
f 75//74 77//76 74//73 
f 73//72 75//74 72//71 
f 71//70 73//72 70//69 
f 69//68 71//70 68//67 
f 67//66 69//68 66//65 
f 65//64 67//66 64//63 
f 63//62 65//64 62//61 
f 61//60 63//62 60//59 
f 59//58 61//60 58//57 
f 57//56 59//58 56//55 
f 55//54 57//56 54//53 
f 53//52 55//54 52//51 
f 51//50 53//52 50//49 
f 49//48 51//50 48//47 
f 47//46 49//48 46//45 
f 45//44 47//46 44//43 
f 43//42 45//44 42//41 
f 41//40 43//42 40//39 
f 39//38 41//40 38//37 
f 37//36 39//38 36//35 
f 35//34 37//36 34//33 
f 33//32 35//34 32//31 
f 31//30 33//32 30//29 
f 29//28 31//30 28//27 
f 27//26 29//28 26//25 
f 25//24 27//26 24//23 
f 23//22 25//24 22//21 
f 21//20 23//22 20//19 
f 19//18 21//20 18//17 
f 17//16 19//18 16//15 
f 15//14 17//16 14//13 
f 13//12 15//14 12//11 
f 11//10 13//12 10//9 
f 9//8 11//10 8//7 
f 7//6 9//8 6//5 
f 5//4 7//6 4//3 
f 3//2 5//4 1//1 
o mesh1
f 289//287 290//287 291//287 
f 292//287 293//287 294//287 
f 292//287 295//287 296//287 
f 290//287 297//287 291//287 
f 298//287 255//287 299//287 
f 294//287 300//287 292//287 
f 292//287 301//287 295//287 
f 302//287 303//287 304//287 
f 305//287 289//287 306//287 
f 291//287 307//287 289//287 
f 298//287 308//287 309//287 
f 299//287 310//287 298//287 
f 311//287 253//287 251//287 
f 296//287 293//287 292//287 
f 292//287 312//287 313//287 
f 292//287 314//287 315//287 
f 292//287 316//287 317//287 
f 292//287 318//287 319//287 
f 292//287 320//287 321//287 
f 99//287 97//287 322//287 
f 101//287 99//287 323//287 
f 129//287 324//287 325//287 
f 326//287 139//287 137//287 
f 324//287 327//287 328//287 
f 329//287 330//287 331//287 
f 332//287 329//287 333//287 
f 334//287 335//287 336//287 
f 334//287 337//287 338//287 
f 339//287 340//287 341//287 
f 342//287 341//287 343//287 
f 304//287 344//287 302//287 
f 345//287 346//287 347//287 
f 345//287 305//287 348//287 
f 306//287 349//287 305//287 
f 290//287 350//287 297//287 
f 351//287 352//287 350//287 
f 353//287 354//287 351//287 
f 298//287 355//287 356//287 
f 310//287 308//287 298//287 
f 255//287 357//287 358//287 
f 251//287 359//287 311//287 
f 313//287 301//287 292//287 
f 292//287 360//287 361//287 
f 317//287 314//287 292//287 
f 292//287 362//287 363//287 
f 321//287 318//287 292//287 
f 292//287 364//287 365//287 
f 93//287 91//287 366//287 
f 97//287 95//287 367//287 
f 323//287 368//287 101//287 
f 103//287 101//287 368//287 
f 105//287 103//287 369//287 
f 325//287 131//287 129//287 
f 131//287 325//287 370//287 
f 326//287 141//287 139//287 
f 324//287 371//287 372//287 
f 328//287 373//287 324//287 
f 324//287 374//287 375//287 
f 376//287 377//287 378//287 
f 379//287 380//287 381//287 
f 382//287 383//287 384//287 
f 333//287 385//287 332//287 
f 386//287 387//287 388//287 
f 334//287 389//287 390//287 
f 336//287 391//287 334//287 
f 334//287 392//287 393//287 
f 338//287 394//287 334//287 
f 395//287 396//287 397//287 
f 398//287 395//287 399//287 
f 400//287 399//287 340//287 
f 341//287 401//287 339//287 
f 343//287 402//287 342//287 
f 402//287 343//287 403//287 
f 304//287 404//287 344//287 
f 347//287 302//287 345//287 
f 348//287 405//287 345//287 
f 307//287 306//287 289//287 
f 351//287 354//287 352//287 
f 406//287 407//287 353//287 
f 408//287 407//287 406//287 
f 409//287 410//287 411//287 
f 412//287 409//287 413//287 
f 414//287 415//287 416//287 
f 417//287 418//287 419//287 
f 420//287 421//287 422//287 
f 356//287 423//287 298//287 
f 358//287 299//287 255//287 
f 255//287 424//287 425//287 
f 255//287 426//287 427//287 
f 426//287 255//287 253//287 
f 251//287 428//287 429//287 
f 251//287 430//287 431//287 
f 251//287 292//287 432//287 
f 361//287 312//287 292//287 
f 363//287 316//287 292//287 
f 365//287 320//287 292//287 
f 91//287 89//287 433//287 
f 367//287 95//287 93//287 
f 322//287 323//287 99//287 
f 369//287 434//287 105//287 
f 111//287 109//287 435//287 
f 113//287 111//287 436//287 
f 115//287 113//287 437//287 
f 117//287 115//287 438//287 
f 125//287 123//287 439//287 
f 370//287 133//287 131//287 
f 133//287 370//287 326//287 
f 326//287 143//287 141//287 
f 326//287 147//287 145//287 
f 373//287 371//287 324//287 
f 324//287 440//287 441//287 
f 375//287 442//287 324//287 
f 378//287 443//287 376//287 
f 381//287 376//287 379//287 
f 382//287 444//287 383//287 
f 445//287 446//287 444//287 
f 447//287 448//287 445//287 
f 331//287 333//287 329//287 
f 449//287 450//287 385//287 
f 451//287 452//287 386//287 
f 453//287 454//287 455//287 
f 292//287 334//287 456//287 
f 391//287 389//287 334//287 
f 334//287 457//287 392//287 
f 334//287 458//287 337//287 
f 334//287 395//287 459//287 
f 395//287 460//287 396//287 
f 395//287 461//287 462//287 
f 340//287 463//287 400//287 
f 342//287 401//287 341//287 
f 403//287 464//287 465//287 
f 466//287 467//287 468//287 
f 469//287 344//287 470//287 
f 347//287 303//287 302//287 
f 349//287 348//287 305//287 
f 351//287 406//287 353//287 
f 411//287 410//287 408//287 
f 413//287 416//287 412//287 
f 416//287 471//287 414//287 
f 418//287 472//287 471//287 
f 473//287 474//287 417//287 
f 475//287 474//287 473//287 
f 476//287 477//287 420//287 
f 478//287 477//287 476//287 
f 309//287 355//287 298//287 
f 255//287 479//287 480//287 
f 425//287 481//287 255//287 
f 311//287 426//287 253//287 
f 251//287 482//287 483//287 
f 251//287 484//287 485//287 
f 251//287 486//287 428//287 
f 251//287 487//287 430//287 
f 432//287 488//287 251//287 
f 292//287 489//287 360//287 
f 319//287 362//287 292//287 
f 366//287 367//287 93//287 
f 368//287 369//287 103//287 
f 107//287 105//287 434//287 
f 109//287 107//287 490//287 
f 436//287 437//287 113//287 
f 438//287 491//287 117//287 
f 123//287 121//287 492//287 
f 439//287 493//287 125//287 
f 326//287 135//287 133//287 
f 145//287 143//287 326//287 
f 441//287 327//287 324//287 
f 324//287 494//287 374//287 
f 324//287 495//287 496//287 
f 497//287 498//287 499//287 
f 498//287 500//287 501//287 
f 381//287 377//287 376//287 
f 384//287 379//287 382//287 
f 445//287 448//287 446//287 
f 330//287 447//287 331//287 
f 385//287 388//287 449//287 
f 388//287 451//287 386//287 
f 169//287 502//287 503//287 
f 169//287 504//287 505//287 
f 453//287 506//287 507//287 
f 455//287 508//287 453//287 
f 453//287 509//287 510//287 
f 173//287 171//287 511//287 
f 334//287 512//287 456//287 
f 334//287 513//287 514//287 
f 334//287 515//287 335//287 
f 393//287 516//287 334//287 
f 459//287 458//287 334//287 
f 462//287 460//287 395//287 
f 399//287 400//287 398//287 
f 403//287 465//287 402//287 
f 464//287 403//287 467//287 
f 468//287 517//287 466//287 
f 518//287 469//287 519//287 
f 470//287 520//287 469//287 
f 405//287 346//287 345//287 
f 406//287 411//287 408//287 
f 415//287 412//287 416//287 
f 471//287 419//287 418//287 
f 473//287 521//287 475//287 
f 522//287 523//287 521//287 
f 421//287 522//287 524//287 
f 476//287 298//287 478//287 
f 298//287 525//287 526//287 
f 298//287 527//287 528//287 
f 480//287 357//287 255//287 
f 427//287 424//287 255//287 
f 485//287 482//287 251//287 
f 251//287 529//287 486//287 
f 251//287 530//287 531//287 
f 488//287 487//287 251//287 
f 315//287 489//287 292//287 
f 265//287 532//287 533//287 
f 277//287 534//287 535//287 
f 536//287 41//287 39//287 
f 89//287 87//287 537//287 
f 367//287 322//287 97//287 
f 490//287 435//287 109//287 
f 437//287 438//287 115//287 
f 119//287 117//287 491//287 
f 121//287 119//287 538//287 
f 493//287 539//287 125//287 
f 127//287 125//287 539//287 
f 137//287 135//287 326//287 
f 442//287 440//287 324//287 
f 324//287 540//287 495//287 
f 499//287 541//287 497//287 
f 501//287 542//287 498//287 
f 443//287 543//287 544//287 
f 384//287 380//287 379//287 
f 445//287 331//287 447//287 
f 387//287 449//287 388//287 
f 545//287 452//287 451//287 
f 546//287 547//287 149//287 
f 169//287 548//287 502//287 
f 169//287 549//287 550//287 
f 169//287 551//287 504//287 
f 508//287 506//287 453//287 
f 453//287 552//287 553//287 
f 510//287 554//287 453//287 
f 453//287 555//287 556//287 
f 511//287 453//287 173//287 
f 453//287 557//287 558//287 
f 514//287 512//287 334//287 
f 334//287 559//287 560//287 
f 516//287 515//287 334//287 
f 397//287 459//287 395//287 
f 395//287 561//287 562//287 
f 339//287 463//287 340//287 
f 466//287 563//287 467//287 
f 564//287 565//287 518//287 
f 520//287 519//287 469//287 
f 350//287 290//287 351//287 
f 472//287 414//287 471//287 
f 521//287 523//287 475//287 
f 524//287 422//287 421//287 
f 526//287 478//287 298//287 
f 423//287 527//287 298//287 
f 483//287 359//287 251//287 
f 531//287 529//287 251//287 
f 300//287 432//287 292//287 
f 263//287 298//287 532//287 
f 533//287 269//287 267//287 
f 535//287 279//287 277//287 
f 279//287 535//287 566//287 
f 285//287 567//287 568//287 
f 25//287 569//287 570//287 
f 570//287 571//287 31//287 
f 571//287 572//287 35//287 
f 39//287 572//287 536//287 
f 77//287 75//287 573//287 
f 83//287 81//287 574//287 
f 85//287 83//287 575//287 
f 433//287 366//287 91//287 
f 435//287 436//287 111//287 
f 538//287 492//287 121//287 
f 539//287 324//287 127//287 
f 372//287 325//287 324//287 
f 324//287 576//287 540//287 
f 577//287 324//287 497//287 
f 542//287 499//287 498//287 
f 544//287 500//287 443//287 
f 444//287 382//287 445//287 
f 451//287 578//287 545//287 
f 147//287 579//287 546//287 
f 580//287 581//287 582//287 
f 550//287 548//287 169//287 
f 169//287 583//287 551//287 
f 169//287 584//287 585//287 
f 169//287 586//287 587//287 
f 588//287 165//287 163//287 
f 589//287 453//287 590//287 
f 453//287 591//287 592//287 
f 453//287 593//287 594//287 
f 553//287 454//287 453//287 
f 556//287 509//287 453//287 
f 511//287 595//287 453//287 
f 453//287 239//287 237//287 
f 558//287 596//287 453//287 
f 453//287 597//287 598//287 
f 560//287 513//287 334//287 
f 394//287 457//287 334//287 
f 398//287 561//287 395//287 
f 468//287 599//287 517//287 
f 599//287 468//287 565//287 
f 518//287 600//287 601//287 
f 404//287 470//287 344//287 
f 419//287 473//287 417//287 
f 422//287 476//287 420//287 
f 481//287 479//287 255//287 
f 431//287 530//287 251//287 
f 298//287 259//287 257//287 
f 298//287 263//287 261//287 
f 533//287 267//287 265//287 
f 269//287 533//287 602//287 
f 271//287 602//287 603//287 
f 273//287 603//287 534//287 
f 566//287 281//287 279//287 
f 283//287 566//287 567//287 
f 568//287 288//287 287//287 
f 570//287 29//287 27//287 
f 571//287 33//287 31//287 
f 572//287 37//287 35//287 
f 536//287 43//287 41//287 
f 57//287 55//287 604//287 
f 69//287 67//287 605//287 
f 573//287 606//287 77//287 
f 79//287 77//287 606//287 
f 574//287 575//287 83//287 
f 537//287 87//287 85//287 
f 434//287 490//287 107//287 
f 492//287 439//287 123//287 
f 496//287 494//287 324//287 
f 497//287 607//287 577//287 
f 544//287 501//287 500//287 
f 450//287 332//287 385//287 
f 151//287 149//287 547//287 
f 147//287 608//287 579//287 
f 147//287 609//287 610//287 
f 582//287 589//287 580//287 
f 505//287 549//287 169//287 
f 169//287 611//287 584//287 
f 169//287 612//287 613//287 
f 587//287 614//287 169//287 
f 169//287 615//287 616//287 
f 167//287 588//287 617//287 
f 588//287 167//287 165//287 
f 589//287 618//287 619//287 
f 589//287 620//287 621//287 
f 589//287 622//287 623//287 
f 589//287 624//287 625//287 
f 590//287 626//287 589//287 
f 592//287 627//287 453//287 
f 453//287 628//287 593//287 
f 554//287 552//287 453//287 
f 171//287 169//287 511//287 
f 453//287 207//287 205//287 
f 453//287 211//287 209//287 
f 453//287 223//287 221//287 
f 453//287 233//287 231//287 
f 237//287 235//287 453//287 
f 453//287 629//287 630//287 
f 453//287 631//287 632//287 
f 598//287 557//287 453//287 
f 390//287 559//287 334//287 
f 395//287 633//287 634//287 
f 467//287 563//287 464//287 
f 565//287 564//287 635//287 
f 519//287 600//287 518//287 
f 521//287 524//287 522//287 
f 429//287 484//287 251//287 
f 261//287 259//287 298//287 
f 602//287 271//287 269//287 
f 534//287 275//287 273//287 
f 566//287 283//287 281//287 
f 568//287 287//287 285//287 
f 288//287 568//287 636//287 
f 5//287 636//287 637//287 
f 17//287 638//287 639//287 
f 21//287 639//287 569//287 
f 31//287 29//287 570//287 
f 39//287 37//287 572//287 
f 640//287 45//287 43//287 
f 49//287 47//287 640//287 
f 53//287 51//287 641//287 
f 604//287 642//287 57//287 
f 643//287 71//287 69//287 
f 73//287 71//287 643//287 
f 606//287 574//287 79//287 
f 575//287 537//287 85//287 
f 491//287 538//287 119//287 
f 577//287 576//287 324//287 
f 378//287 543//287 443//287 
f 547//287 644//287 151//287 
f 147//287 645//287 608//287 
f 147//287 646//287 647//287 
f 147//287 648//287 649//287 
f 147//287 650//287 609//287 
f 589//287 651//287 580//287 
f 585//287 583//287 169//287 
f 613//287 652//287 169//287 
f 169//287 653//287 654//287 
f 616//287 586//287 169//287 
f 163//287 655//287 588//287 
f 619//287 656//287 589//287 
f 589//287 657//287 620//287 
f 589//287 658//287 659//287 
f 625//287 622//287 589//287 
f 627//287 590//287 453//287 
f 453//287 660//287 628//287 
f 595//287 555//287 453//287 
f 453//287 193//287 191//287 
f 209//287 207//287 453//287 
f 453//287 215//287 213//287 
f 221//287 219//287 453//287 
f 235//287 233//287 453//287 
f 453//287 243//287 241//287 
f 453//287 661//287 629//287 
f 453//287 662//287 663//287 
f 596//287 631//287 453//287 
f 334//287 664//287 665//287 
f 666//287 667//287 664//287 
f 634//287 461//287 395//287 
f 565//287 635//287 599//287 
f 411//287 413//287 409//287 
f 257//287 255//287 298//287 
f 603//287 273//287 271//287 
f 567//287 285//287 283//287 
f 636//287 5//287 3//287 
f 637//287 9//287 7//287 
f 13//287 668//287 638//287 
f 639//287 19//287 17//287 
f 569//287 25//287 23//287 
f 35//287 33//287 571//287 
f 640//287 47//287 45//287 
f 641//287 51//287 49//287 
f 55//287 53//287 604//287 
f 605//287 643//287 69//287 
f 75//287 73//287 573//287 
f 537//287 433//287 89//287 
f 541//287 607//287 497//287 
f 149//287 147//287 546//287 
f 147//287 669//287 670//287 
f 647//287 671//287 147//287 
f 147//287 672//287 648//287 
f 147//287 673//287 674//287 
f 147//287 675//287 676//287 
f 147//287 677//287 678//287 
f 147//287 679//287 680//287 
f 147//287 326//287 650//287 
f 589//287 681//287 651//287 
f 652//287 611//287 169//287 
f 614//287 653//287 169//287 
f 169//287 682//287 683//287 
f 682//287 169//287 167//287 
f 589//287 684//287 618//287 
f 659//287 657//287 589//287 
f 626//287 624//287 589//287 
f 507//287 660//287 453//287 
f 453//287 179//287 177//287 
f 453//287 185//287 183//287 
f 191//287 189//287 453//287 
f 453//287 199//287 197//287 
f 213//287 211//287 453//287 
f 219//287 217//287 453//287 
f 453//287 229//287 227//287 
f 241//287 239//287 453//287 
f 663//287 661//287 453//287 
f 453//287 685//287 686//287 
f 453//287 687//287 597//287 
f 453//287 688//287 689//287 
f 453//287 690//287 691//287 
f 334//287 692//287 693//287 
f 334//287 694//287 695//287 
f 334//287 696//287 697//287 
f 664//287 334//287 666//287 
f 562//287 633//287 395//287 
f 528//287 525//287 298//287 
f 277//287 275//287 534//287 
f 637//287 7//287 5//287 
f 9//287 637//287 668//287 
f 17//287 15//287 638//287 
f 569//287 23//287 21//287 
f 43//287 536//287 640//287 
f 641//287 604//287 53//287 
f 61//287 59//287 642//287 
f 65//287 63//287 698//287 
f 643//287 573//287 73//287 
f 129//287 127//287 324//287 
f 670//287 645//287 147//287 
f 671//287 699//287 147//287 
f 655//287 157//287 155//287 
f 674//287 672//287 147//287 
f 678//287 675//287 147//287 
f 147//287 700//287 701//287 
f 610//287 679//287 147//287 
f 589//287 702//287 681//287 
f 589//287 703//287 704//287 
f 654//287 612//287 169//287 
f 617//287 682//287 167//287 
f 621//287 684//287 589//287 
f 594//287 591//287 453//287 
f 177//287 175//287 453//287 
f 183//287 181//287 453//287 
f 189//287 187//287 453//287 
f 197//287 195//287 453//287 
f 453//287 203//287 201//287 
f 217//287 215//287 453//287 
f 227//287 225//287 453//287 
f 453//287 245//287 243//287 
f 686//287 662//287 453//287 
f 453//287 705//287 706//287 
f 689//287 687//287 453//287 
f 691//287 707//287 453//287 
f 334//287 708//287 692//287 
f 695//287 709//287 334//287 
f 334//287 710//287 696//287 
f 665//287 711//287 334//287 
f 518//287 601//287 564//287 
f 636//287 3//287 288//287 
f 668//287 13//287 11//287 
f 21//287 19//287 639//287 
f 640//287 641//287 49//287 
f 642//287 698//287 61//287 
f 698//287 605//287 65//287 
f 81//287 79//287 574//287 
f 699//287 669//287 147//287 
f 155//287 153//287 655//287 
f 676//287 673//287 147//287 
f 680//287 700//287 147//287 
f 712//287 545//287 578//287 
f 704//287 702//287 589//287 
f 683//287 615//287 169//287 
f 623//287 658//287 589//287 
f 181//287 179//287 453//287 
f 195//287 193//287 453//287 
f 205//287 203//287 453//287 
f 231//287 229//287 453//287 
f 706//287 685//287 453//287 
f 707//287 688//287 453//287 
f 453//287 713//287 714//287 
f 453//287 715//287 716//287 
f 709//287 708//287 334//287 
f 711//287 710//287 334//287 
f 532//287 265//287 263//287 
f 638//287 15//287 13//287 
f 59//287 57//287 642//287 
f 67//287 65//287 605//287 
f 292//287 247//287 245//287 
f 153//287 151//287 655//287 
f 701//287 677//287 147//287 
f 655//287 161//287 159//287 
f 581//287 712//287 582//287 
f 656//287 703//287 589//287 
f 187//287 185//287 453//287 
f 225//287 223//287 453//287 
f 717//287 718//287 666//287 
f 453//287 719//287 705//287 
f 714//287 690//287 453//287 
f 453//287 720//287 715//287 
f 697//287 694//287 334//287 
f 666//287 721//287 722//287 
f 666//287 723//287 724//287 
f 668//287 11//287 9//287 
f 63//287 61//287 698//287 
f 292//287 249//287 247//287 
f 649//287 646//287 147//287 
f 655//287 163//287 161//287 
f 503//287 511//287 169//287 
f 201//287 199//287 453//287 
f 630//287 717//287 453//287 
f 716//287 713//287 453//287 
f 722//287 667//287 666//287 
f 666//287 718//287 723//287 
f 570//287 27//287 25//287 
f 292//287 251//287 249//287 
f 159//287 157//287 655//287 
f 175//287 173//287 453//287 
f 632//287 719//287 453//287 
f 724//287 721//287 666//287 
f 245//287 453//287 292//287 
f 578//287 582//287 712//287 
f 453//287 589//287 720//287 
f 456//287 364//287 292//287 
f 666//287 453//287 717//287 
f 644//287 655//287 151//287 
f 693//287 395//287 334//287 
o mesh2
f 725//288 144//288 146//288 
f 725//288 142//288 144//288 
f 725//288 140//288 142//288 
f 146//288 726//288 725//288 
f 725//288 727//288 140//288 
f 124//288 728//288 729//288 
f 727//288 730//288 140//288 
f 148//288 731//288 726//288 
f 732//288 733//288 734//288 
f 735//288 736//288 737//288 
f 738//288 735//288 739//288 
f 740//288 739//288 741//288 
f 729//288 742//288 124//288 
f 140//288 743//288 744//288 
f 726//288 146//288 148//288 
f 138//288 140//288 745//288 
f 136//288 138//288 746//288 
f 747//288 132//288 134//288 
f 734//288 748//288 732//288 
f 732//288 749//288 750//288 
f 732//288 751//288 752//288 
f 737//288 753//288 735//288 
f 741//288 754//288 740//288 
f 742//288 755//288 756//288 
f 729//288 757//288 742//288 
f 124//288 758//288 759//288 
f 124//288 760//288 761//288 
f 124//288 762//288 763//288 
f 730//288 743//288 140//288 
f 745//288 764//288 138//288 
f 134//288 136//288 747//288 
f 748//288 765//288 766//288 
f 750//288 733//288 732//288 
f 732//288 767//288 751//288 
f 732//288 768//288 769//288 
f 732//288 770//288 771//288 
f 753//288 772//288 735//288 
f 741//288 773//288 754//288 
f 773//288 741//288 774//288 
f 774//288 775//288 776//288 
f 775//288 777//288 778//288 
f 742//288 779//288 780//288 
f 742//288 781//288 755//288 
f 759//288 728//288 124//288 
f 763//288 760//288 124//288 
f 124//288 782//288 783//288 
f 124//288 747//288 784//288 
f 731//288 150//288 152//288 
f 744//288 785//288 140//288 
f 746//288 747//288 136//288 
f 747//288 124//288 126//288 
f 734//288 765//288 748//288 
f 732//288 786//288 767//288 
f 732//288 787//288 788//288 
f 771//288 768//288 732//288 
f 735//288 789//288 790//288 
f 772//288 791//288 735//288 
f 735//288 792//288 793//288 
f 774//288 794//288 773//288 
f 776//288 795//288 774//288 
f 778//288 796//288 775//288 
f 777//288 797//288 798//288 
f 797//288 799//288 800//288 
f 742//288 801//288 802//288 
f 742//288 803//288 779//288 
f 742//288 804//288 805//288 
f 757//288 781//288 742//288 
f 124//288 806//288 807//288 
f 783//288 762//288 124//288 
f 784//288 808//288 124//288 
f 731//288 148//288 150//288 
f 764//288 746//288 138//288 
f 126//288 128//288 747//288 
f 122//288 809//288 810//288 
f 98//288 811//288 812//288 
f 96//288 812//288 813//288 
f 732//288 814//288 815//288 
f 748//288 816//288 817//288 
f 748//288 818//288 819//288 
f 752//288 749//288 732//288 
f 769//288 787//288 732//288 
f 732//288 820//288 821//288 
f 732//288 822//288 823//288 
f 824//288 825//288 826//288 
f 791//288 789//288 735//288 
f 735//288 827//288 828//288 
f 735//288 829//288 792//288 
f 735//288 738//288 830//288 
f 795//288 794//288 774//288 
f 777//288 831//288 778//288 
f 797//288 832//288 798//288 
f 799//288 833//288 800//288 
f 834//288 835//288 836//288 
f 837//288 838//288 839//288 
f 742//288 840//288 801//288 
f 742//288 841//288 842//288 
f 805//288 803//288 742//288 
f 807//288 758//288 124//288 
f 808//288 782//288 124//288 
f 785//288 745//288 140//288 
f 128//288 130//288 747//288 
f 122//288 843//288 809//288 
f 120//288 810//288 844//288 
f 114//288 845//288 846//288 
f 112//288 846//288 847//288 
f 110//288 847//288 848//288 
f 108//288 848//288 849//288 
f 102//288 850//288 851//288 
f 100//288 851//288 811//288 
f 813//288 94//288 96//288 
f 94//288 813//288 852//288 
f 90//288 852//288 853//288 
f 854//288 170//288 172//288 
f 732//288 855//288 856//288 
f 732//288 857//288 814//288 
f 732//288 858//288 859//288 
f 860//288 861//288 862//288 
f 863//288 864//288 865//288 
f 817//288 866//288 748//288 
f 819//288 867//288 748//288 
f 748//288 868//288 869//288 
f 788//288 786//288 732//288 
f 821//288 870//288 732//288 
f 732//288 871//288 822//288 
f 825//288 872//288 873//288 
f 826//288 874//288 824//288 
f 874//288 826//288 875//288 
f 876//288 875//288 877//288 
f 828//288 736//288 735//288 
f 830//288 829//288 735//288 
f 796//288 776//288 775//288 
f 800//288 832//288 797//288 
f 799//288 878//288 879//288 
f 834//288 839//288 835//288 
f 837//288 880//288 838//288 
f 881//288 880//288 837//288 
f 742//288 882//288 883//288 
f 742//288 884//288 885//288 
f 802//288 886//288 742//288 
f 780//288 841//288 742//288 
f 761//288 806//288 124//288 
f 130//288 132//288 747//288 
f 124//288 742//288 843//288 
f 844//288 118//288 120//288 
f 118//288 844//288 887//288 
f 116//288 887//288 845//288 
f 847//288 110//288 112//288 
f 849//288 106//288 108//288 
f 106//288 849//288 888//288 
f 104//288 888//288 850//288 
f 811//288 98//288 100//288 
f 852//288 92//288 94//288 
f 853//288 88//288 90//288 
f 88//288 853//288 889//288 
f 732//288 230//288 232//288 
f 732//288 200//288 202//288 
f 732//288 890//288 854//288 
f 815//288 855//288 732//288 
f 732//288 891//288 892//288 
f 732//288 893//288 858//288 
f 732//288 894//288 895//288 
f 862//288 896//288 860//288 
f 863//288 897//288 864//288 
f 863//288 898//288 899//288 
f 748//288 900//288 898//288 
f 748//288 901//288 816//288 
f 748//288 902//288 818//288 
f 748//288 903//288 868//288 
f 748//288 904//288 905//288 
f 732//288 906//288 770//288 
f 732//288 907//288 908//288 
f 732//288 909//288 910//288 
f 823//288 820//288 732//288 
f 824//288 872//288 825//288 
f 877//288 911//288 876//288 
f 911//288 877//288 912//288 
f 913//288 912//288 914//288 
f 793//288 827//288 735//288 
f 798//288 831//288 777//288 
f 878//288 836//288 879//288 
f 839//288 834//288 837//288 
f 742//288 915//288 881//288 
f 885//288 882//288 742//288 
f 842//288 840//288 742//288 
f 152//288 154//288 731//288 
f 810//288 120//288 122//288 
f 845//288 114//288 116//288 
f 848//288 108//288 110//288 
f 850//288 102//288 104//288 
f 812//288 96//288 98//288 
f 889//288 86//288 88//288 
f 732//288 228//288 230//288 
f 732//288 224//288 226//288 
f 732//288 220//288 222//288 
f 732//288 206//288 208//288 
f 202//288 204//288 732//288 
f 732//288 172//288 174//288 
f 732//288 916//288 890//288 
f 892//288 857//288 732//288 
f 895//288 893//288 732//288 
f 860//288 917//288 861//288 
f 918//288 919//288 917//288 
f 920//288 921//288 922//288 
f 923//288 924//288 925//288 
f 899//288 897//288 863//288 
f 866//288 900//288 748//288 
f 748//288 926//288 902//288 
f 905//288 903//288 748//288 
f 908//288 906//288 732//288 
f 870//288 909//288 732//288 
f 825//288 927//288 928//288 
f 825//288 929//288 930//288 
f 825//288 931//288 932//288 
f 875//288 876//288 874//288 
f 914//288 933//288 913//288 
f 934//288 935//288 936//288 
f 735//288 937//288 938//288 
f 735//288 939//288 940//288 
f 735//288 941//288 942//288 
f 739//288 740//288 738//288 
f 836//288 878//288 834//288 
f 883//288 915//288 742//288 
f 756//288 804//288 742//288 
f 887//288 116//288 118//288 
f 888//288 104//288 106//288 
f 90//288 92//288 852//288 
f 86//288 889//288 943//288 
f 825//288 732//288 236//288 
f 232//288 234//288 732//288 
f 222//288 224//288 732//288 
f 732//288 216//288 218//288 
f 732//288 212//288 214//288 
f 204//288 206//288 732//288 
f 172//288 732//288 854//288 
f 859//288 891//288 732//288 
f 732//288 944//288 945//288 
f 732//288 946//288 947//288 
f 862//288 948//288 896//288 
f 918//288 949//288 919//288 
f 950//288 951//288 949//288 
f 952//288 953//288 954//288 
f 921//288 955//288 956//288 
f 925//288 924//288 920//288 
f 957//288 958//288 923//288 
f 959//288 958//288 957//288 
f 960//288 959//288 961//288 
f 898//288 863//288 748//288 
f 869//288 926//288 748//288 
f 748//288 962//288 963//288 
f 910//288 907//288 732//288 
f 732//288 964//288 965//288 
f 732//288 825//288 966//288 
f 825//288 967//288 968//288 
f 825//288 969//288 970//288 
f 825//288 971//288 972//288 
f 930//288 927//288 825//288 
f 825//288 973//288 931//288 
f 912//288 913//288 911//288 
f 933//288 914//288 974//288 
f 934//288 975//288 976//288 
f 934//288 977//288 935//288 
f 934//288 978//288 979//288 
f 934//288 980//288 981//288 
f 938//288 934//288 735//288 
f 735//288 982//288 983//288 
f 940//288 984//288 735//288 
f 735//288 985//288 941//288 
f 879//288 833//288 799//288 
f 886//288 884//288 742//288 
f 846//288 112//288 114//288 
f 943//288 84//288 86//288 
f 82//288 943//288 986//288 
f 80//288 986//288 987//288 
f 988//288 989//288 36//288 
f 825//288 242//288 244//288 
f 236//288 238//288 825//288 
f 226//288 228//288 732//288 
f 214//288 216//288 732//288 
f 208//288 210//288 732//288 
f 732//288 184//288 186//288 
f 732//288 178//288 180//288 
f 856//288 916//288 732//288 
f 947//288 944//288 732//288 
f 160//288 990//288 991//288 
f 160//288 992//288 993//288 
f 160//288 994//288 995//288 
f 996//288 997//288 998//288 
f 998//288 896//288 999//288 
f 917//288 860//288 918//288 
f 950//288 1000//288 951//288 
f 950//288 1001//288 1002//288 
f 1001//288 1003//288 1004//288 
f 1005//288 1006//288 952//288 
f 1007//288 1006//288 1005//288 
f 956//288 922//288 921//288 
f 925//288 957//288 923//288 
f 961//288 863//288 960//288 
f 867//288 901//288 748//288 
f 766//288 962//288 748//288 
f 732//288 1008//288 1009//288 
f 966//288 964//288 732//288 
f 968//288 1010//288 825//288 
f 972//288 969//288 825//288 
f 932//288 929//288 825//288 
f 825//288 1011//288 1012//288 
f 974//288 1013//288 933//288 
f 934//288 1014//288 1015//288 
f 936//288 975//288 934//288 
f 934//288 1016//288 978//288 
f 938//288 980//288 934//288 
f 984//288 982//288 735//288 
f 942//288 1017//288 735//288 
f 837//288 742//288 881//288 
f 851//288 100//288 102//288 
f 986//288 80//288 82//288 
f 987//288 76//288 78//288 
f 76//288 987//288 1018//288 
f 74//288 1018//288 1019//288 
f 989//288 34//288 36//288 
f 1020//288 30//288 32//288 
f 1021//288 26//288 28//288 
f 22//288 24//288 1021//288 
f 825//288 256//288 258//288 
f 825//288 252//288 254//288 
f 825//288 248//288 250//288 
f 244//288 246//288 825//288 
f 234//288 236//288 732//288 
f 210//288 212//288 732//288 
f 732//288 196//288 198//288 
f 732//288 192//288 194//288 
f 186//288 188//288 732//288 
f 732//288 176//288 178//288 
f 945//288 894//288 732//288 
f 732//288 1022//288 1023//288 
f 160//288 1024//288 1025//288 
f 160//288 1026//288 990//288 
f 993//288 1027//288 160//288 
f 995//288 1028//288 160//288 
f 160//288 1029//288 1030//288 
f 1031//288 1032//288 997//288 
f 998//288 1033//288 996//288 
f 999//288 1034//288 998//288 
f 949//288 918//288 950//288 
f 1001//288 1035//288 1002//288 
f 1003//288 1036//288 1004//288 
f 1005//288 956//288 1007//288 
f 922//288 925//288 920//288 
f 863//288 1037//288 960//288 
f 963//288 904//288 748//288 
f 965//288 1008//288 732//288 
f 825//288 1038//288 1039//288 
f 1010//288 1040//288 825//288 
f 928//288 971//288 825//288 
f 873//288 1011//288 825//288 
f 1013//288 974//288 1041//288 
f 1042//288 1041//288 1043//288 
f 1044//288 1045//288 1046//288 
f 1047//288 1048//288 1049//288 
f 1050//288 748//288 1051//288 
f 748//288 1052//288 1053//288 
f 934//288 1054//288 1014//288 
f 934//288 1055//288 1056//288 
f 976//288 1057//288 934//288 
f 934//288 1058//288 1059//288 
f 934//288 1060//288 1061//288 
f 981//288 1016//288 934//288 
f 1017//288 939//288 735//288 
f 843//288 122//288 124//288 
f 987//288 78//288 80//288 
f 1019//288 72//288 74//288 
f 54//288 1062//288 1063//288 
f 36//288 38//288 988//288 
f 32//288 989//288 1020//288 
f 28//288 1020//288 1021//288 
f 1021//288 1064//288 22//288 
f 825//288 272//288 274//288 
f 825//288 262//288 264//288 
f 254//288 256//288 825//288 
f 246//288 248//288 825//288 
f 238//288 240//288 825//288 
f 198//288 200//288 732//288 
f 732//288 190//288 192//288 
f 732//288 182//288 184//288 
f 174//288 176//288 732//288 
f 732//288 979//288 1022//288 
f 1065//288 731//288 154//288 
f 160//288 1066//288 1067//288 
f 160//288 1068//288 1069//288 
f 160//288 1070//288 1024//288 
f 1027//288 1026//288 160//288 
f 1028//288 1071//288 160//288 
f 1030//288 1072//288 160//288 
f 997//288 1073//288 1031//288 
f 1034//288 1033//288 998//288 
f 1002//288 1000//288 950//288 
f 1003//288 1074//288 1036//288 
f 1075//288 1076//288 1074//288 
f 954//288 1005//288 952//288 
f 957//288 961//288 959//288 
f 1009//288 871//288 732//288 
f 1040//288 1038//288 825//288 
f 1012//288 973//288 825//288 
f 1043//288 1077//288 1042//288 
f 1077//288 1043//288 1078//288 
f 1079//288 1078//288 1080//288 
f 1081//288 1080//288 1045//288 
f 1046//288 1082//288 1044//288 
f 1083//288 1084//288 1048//288 
f 1049//288 1085//288 1047//288 
f 1085//288 1049//288 1086//288 
f 1053//288 1051//288 748//288 
f 748//288 1087//288 1088//288 
f 1056//288 1054//288 934//288 
f 1059//288 977//288 934//288 
f 934//288 1089//288 1090//288 
f 934//288 1091//288 1092//288 
f 934//288 1093//288 1094//288 
f 1061//288 1095//288 934//288 
f 983//288 937//288 735//288 
f 82//288 84//288 943//288 
f 1019//288 70//288 72//288 
f 70//288 1019//288 1096//288 
f 66//288 1096//288 1097//288 
f 1063//288 50//288 52//288 
f 50//288 1063//288 1098//288 
f 46//288 1098//288 1099//288 
f 1099//288 988//288 40//288 
f 32//288 34//288 989//288 
f 24//288 26//288 1021//288 
f 18//288 20//288 1064//288 
f 14//288 16//288 1100//288 
f 825//288 282//288 284//288 
f 274//288 276//288 825//288 
f 825//288 260//288 262//288 
f 250//288 252//288 825//288 
f 218//288 220//288 732//288 
f 188//288 190//288 732//288 
f 1023//288 946//288 732//288 
f 166//288 854//288 1029//288 
f 1029//288 160//288 162//288 
f 154//288 156//288 1065//288 
f 1067//288 1101//288 160//288 
f 160//288 1102//288 1103//288 
f 1025//288 1068//288 160//288 
f 160//288 1104//288 1105//288 
f 1071//288 992//288 160//288 
f 1072//288 1106//288 160//288 
f 996//288 1073//288 997//288 
f 1004//288 1035//288 1001//288 
f 1075//288 1107//288 1076//288 
f 1108//288 1109//288 1107//288 
f 1110//288 1111//288 1112//288 
f 955//288 1007//288 956//288 
f 863//288 1113//288 1114//288 
f 1039//288 966//288 825//288 
f 1041//288 1042//288 1013//288 
f 1080//288 1081//288 1079//288 
f 1044//288 1115//288 1045//288 
f 1082//288 1046//288 1116//288 
f 1117//288 1116//288 1084//288 
f 1047//288 1118//288 1048//288 
f 1086//288 1119//288 1120//288 
f 1119//288 1086//288 1121//288 
f 748//288 1122//288 1052//288 
f 1088//288 1123//288 748//288 
f 748//288 1124//288 1125//288 
f 934//288 1126//288 1127//288 
f 934//288 1128//288 1129//288 
f 1057//288 1055//288 934//288 
f 1092//288 1089//288 934//288 
f 1095//288 1093//288 934//288 
f 790//288 985//288 735//288 
f 1096//288 68//288 70//288 
f 1097//288 64//288 66//288 
f 1098//288 48//288 50//288 
f 1099//288 44//288 46//288 
f 40//288 42//288 1099//288 
f 28//288 30//288 1020//288 
f 1064//288 1100//288 18//288 
f 1130//288 12//288 14//288 
f 10//288 12//288 1130//288 
f 825//288 280//288 282//288 
f 276//288 278//288 825//288 
f 825//288 268//288 270//288 
f 264//288 266//288 825//288 
f 240//288 242//288 825//288 
f 180//288 182//288 732//288 
f 854//288 166//288 168//288 
f 162//288 164//288 1029//288 
f 156//288 158//288 1065//288 
f 1103//288 1066//288 160//288 
f 1105//288 1070//288 160//288 
f 1106//288 994//288 160//288 
f 1131//288 1121//288 1132//288 
f 1133//288 1132//288 1032//288 
f 948//288 999//288 896//288 
f 1107//288 1075//288 1108//288 
f 1134//288 1135//288 1108//288 
f 1112//288 954//288 1110//288 
f 1114//288 1037//288 863//288 
f 863//288 1136//288 1137//288 
f 970//288 967//288 825//288 
f 1045//288 1115//288 1081//288 
f 1084//288 1138//288 1117//288 
f 1048//288 1118//288 1083//288 
f 1121//288 1139//288 1119//288 
f 1123//288 1122//288 748//288 
f 748//288 1140//288 1124//288 
f 748//288 863//288 1141//288 
f 1127//288 1142//288 934//288 
f 1015//288 1128//288 934//288 
f 1094//288 1091//288 934//288 
f 1018//288 74//288 76//288 
f 1097//288 62//288 64//288 
f 62//288 1097//288 1143//288 
f 58//288 1143//288 1062//288 
f 46//288 48//288 1098//288 
f 38//288 40//288 988//288 
f 1100//288 16//288 18//288 
f 1130//288 1144//288 10//288 
f 6//288 8//288 1144//288 
f 1//288 4//288 1145//288 
f 278//288 280//288 825//288 
f 266//288 268//288 825//288 
f 194//288 196//288 732//288 
f 1029//288 164//288 166//288 
f 1101//288 1065//288 160//288 
f 991//288 1104//288 160//288 
f 1032//288 1146//288 1133//288 
f 1074//288 1003//288 1075//288 
f 1108//288 1112//288 1134//288 
f 953//288 1110//288 954//288 
f 865//288 1136//288 863//288 
f 1116//288 1117//288 1082//288 
f 1086//288 1120//288 1085//288 
f 1125//288 1087//288 748//288 
f 1141//288 1147//288 748//288 
f 934//288 1148//288 1149//288 
f 934//288 1150//288 1151//288 
f 1129//288 1126//288 934//288 
f 1090//288 1152//288 934//288 
f 66//288 68//288 1096//288 
f 1143//288 58//288 60//288 
f 1062//288 54//288 56//288 
f 42//288 44//288 1099//288 
f 1100//288 1130//288 14//288 
f 1144//288 1145//288 6//288 
f 1145//288 825//288 1//288 
f 270//288 272//288 825//288 
f 168//288 170//288 854//288 
f 1069//288 1102//288 160//288 
f 1132//288 1133//288 1131//288 
f 1135//288 1109//288 1108//288 
f 1137//288 1113//288 863//288 
f 1083//288 1138//288 1084//288 
f 1050//288 1153//288 1154//288 
f 1050//288 1155//288 1156//288 
f 1147//288 1140//288 748//288 
f 934//288 1157//288 1158//288 
f 1151//288 1148//288 934//288 
f 1152//288 1058//288 934//288 
f 1060//288 934//288 1050//288 
f 1143//288 60//288 62//288 
f 1063//288 52//288 54//288 
f 8//288 10//288 1144//288 
f 825//288 2//288 1//288 
f 284//288 286//288 825//288 
f 158//288 160//288 1065//288 
f 1031//288 1146//288 1032//288 
f 1078//288 1079//288 1077//288 
f 1154//288 1159//288 1050//288 
f 1051//288 1155//288 1050//288 
f 1149//288 1157//288 934//288 
f 1050//288 1160//288 1060//288 
f 1062//288 56//288 58//288 
f 4//288 6//288 1145//288 
f 258//288 260//288 825//288 
f 1111//288 1134//288 1112//288 
f 1156//288 1153//288 1050//288 
f 1142//288 1150//288 934//288 
f 20//288 22//288 1064//288 
f 1131//288 1139//288 1121//288 
f 1158//288 735//288 934//288 
f 286//288 2//288 825//288 
f 979//288 732//288 934//288 
f 1159//288 1160//288 1050//288 
o mesh3
f 453//289 934//289 732//289 
f 732//289 292//289 453//289 
o mesh4
f 292//290 732//290 748//290 
f 748//290 334//290 292//290 
o mesh5
f 334//291 748//291 1050//291 
f 1050//291 666//291 334//291 
o mesh6
f 666//292 1050//292 934//292 
f 934//292 453//292 666//292 
o mesh7
f 1119//293 1139//294 415//294 
f 1120//295 1119//293 414//296 
f 1085//297 1120//295 472//298 
f 1047//299 1085//297 418//300 
f 1118//301 1047//299 417//302 
f 1083//303 1118//301 474//304 
f 1138//305 1083//303 475//306 
f 1117//307 1138//305 523//308 
f 1082//309 1117//307 522//310 
f 1044//311 1082//309 421//312 
f 1115//313 1044//311 420//314 
f 1081//315 1115//313 477//316 
f 1079//317 1081//315 478//318 
f 1077//319 1079//317 526//320 
f 1042//321 1077//319 525//322 
f 1013//323 1042//321 528//324 
f 933//325 1013//323 527//326 
f 913//327 933//325 423//328 
f 911//329 913//327 356//330 
f 876//331 911//329 355//332 
f 874//333 876//331 309//334 
f 824//335 874//333 308//336 
f 872//337 824//335 310//338 
f 873//339 872//337 299//340 
f 1011//341 873//339 358//342 
f 1012//343 1011//341 357//344 
f 973//345 1012//343 480//346 
f 931//347 973//345 479//348 
f 932//349 931//347 481//350 
f 929//351 932//349 425//352 
f 930//353 929//351 424//354 
f 927//355 930//353 427//356 
f 928//357 927//355 426//358 
f 971//359 928//357 311//360 
f 972//361 971//359 359//362 
f 969//363 972//361 483//364 
f 970//365 969//363 482//366 
f 967//367 970//365 485//368 
f 968//369 967//367 484//370 
f 1010//371 968//369 429//372 
f 1040//373 1010//371 428//374 
f 1038//375 1040//373 486//376 
f 1039//377 1038//375 529//378 
f 966//379 1039//377 531//380 
f 964//381 966//379 530//382 
f 965//383 964//381 431//384 
f 1008//385 965//383 430//386 
f 1009//387 1008//385 487//388 
f 871//389 1009//387 488//390 
f 822//391 871//389 432//392 
f 823//393 822//391 300//394 
f 820//395 823//393 294//396 
f 821//397 820//395 293//398 
f 870//399 821//397 296//400 
f 909//401 870//399 295//402 
f 910//403 909//401 301//404 
f 907//405 910//403 313//406 
f 908//407 907//405 312//408 
f 906//409 908//407 361//410 
f 770//411 906//409 360//412 
f 771//413 770//411 489//414 
f 768//415 771//413 315//416 
f 769//417 768//415 314//418 
f 787//419 769//417 317//420 
f 788//421 787//419 316//422 
f 786//423 788//421 363//424 
f 767//425 786//423 362//426 
f 751//427 767//425 319//428 
f 752//429 751//427 318//430 
f 749//431 752//429 321//432 
f 750//433 749//431 320//434 
f 733//435 750//433 365//436 
f 734//437 733//435 364//438 
f 765//439 734//437 456//440 
f 766//441 765//439 512//442 
f 962//443 766//441 514//444 
f 963//445 962//443 513//446 
f 904//447 963//445 560//448 
f 905//449 904//447 559//450 
f 903//451 905//449 390//452 
f 868//453 903//451 389//454 
f 869//455 868//453 391//456 
f 926//457 869//455 336//458 
f 902//459 926//457 335//460 
f 818//461 902//459 515//462 
f 819//463 818//461 516//464 
f 867//465 819//463 393//466 
f 901//467 867//465 392//468 
f 816//469 901//467 457//470 
f 817//471 816//469 394//472 
f 866//473 817//471 338//474 
f 900//475 866//473 337//476 
f 898//477 900//475 458//478 
f 899//479 898//477 459//480 
f 897//481 899//479 397//482 
f 864//483 897//481 396//484 
f 865//485 864//483 460//486 
f 1136//487 865//485 462//488 
f 1137//489 1136//487 461//490 
f 1113//491 1137//489 634//492 
f 1114//493 1113//491 633//494 
f 1037//495 1114//493 562//496 
f 960//497 1037//495 561//498 
f 959//499 960//497 398//500 
f 958//501 959//499 400//502 
f 923//503 958//501 463//504 
f 924//505 923//503 339//506 
f 920//507 924//505 401//508 
f 921//509 920//507 342//510 
f 955//511 921//509 402//512 
f 1007//513 955//511 465//514 
f 1006//515 1007//513 464//516 
f 952//517 1006//515 563//518 
f 953//519 952//517 466//520 
f 1110//521 953//519 517//522 
f 1111//523 1110//521 599//524 
f 1134//525 1111//523 635//526 
f 1135//527 1134//525 564//528 
f 1109//529 1135//527 601//530 
f 1107//531 1109//529 600//532 
f 1076//533 1107//531 519//534 
f 1074//535 1076//533 520//536 
f 1036//537 1074//535 470//538 
f 1004//539 1036//537 404//540 
f 1035//541 1004//539 304//542 
f 1002//543 1035//541 303//544 
f 1000//545 1002//543 347//546 
f 951//547 1000//545 346//548 
f 949//549 951//547 405//550 
f 919//551 949//549 348//552 
f 917//553 919//551 349//554 
f 861//555 917//553 306//556 
f 862//557 861//555 307//558 
f 948//559 862//557 291//560 
f 999//561 948//559 297//562 
f 1034//563 999//561 350//564 
f 1033//565 1034//563 352//566 
f 996//567 1033//565 354//568 
f 1073//569 996//567 353//570 
f 1031//571 1073//569 407//572 
f 1146//573 1031//571 408//574 
f 1133//575 1146//573 410//576 
f 1131//577 1133//575 409//578 
f 1139//294 1131//577 412//577 
f 412//577 415//294 1139//294 
f 409//578 412//577 1131//577 
f 410//576 409//578 1133//575 
f 408//574 410//576 1146//573 
f 407//572 408//574 1031//571 
f 353//570 407//572 1073//569 
f 354//568 353//570 996//567 
f 352//566 354//568 1033//565 
f 350//564 352//566 1034//563 
f 297//562 350//564 999//561 
f 291//560 297//562 948//559 
f 307//558 291//560 862//557 
f 306//556 307//558 861//555 
f 349//554 306//556 917//553 
f 348//552 349//554 919//551 
f 405//550 348//552 949//549 
f 346//548 405//550 951//547 
f 347//546 346//548 1000//545 
f 303//544 347//546 1002//543 
f 304//542 303//544 1035//541 
f 404//540 304//542 1004//539 
f 470//538 404//540 1036//537 
f 520//536 470//538 1074//535 
f 519//534 520//536 1076//533 
f 600//532 519//534 1107//531 
f 601//530 600//532 1109//529 
f 564//528 601//530 1135//527 
f 635//526 564//528 1134//525 
f 599//524 635//526 1111//523 
f 517//522 599//524 1110//521 
f 466//520 517//522 953//519 
f 563//518 466//520 952//517 
f 464//516 563//518 1006//515 
f 465//514 464//516 1007//513 
f 402//512 465//514 955//511 
f 342//510 402//512 921//509 
f 401//508 342//510 920//507 
f 339//506 401//508 924//505 
f 463//504 339//506 923//503 
f 400//502 463//504 958//501 
f 398//500 400//502 959//499 
f 561//498 398//500 960//497 
f 562//496 561//498 1037//495 
f 633//494 562//496 1114//493 
f 634//492 633//494 1113//491 
f 461//490 634//492 1137//489 
f 462//488 461//490 1136//487 
f 460//486 462//488 865//485 
f 396//484 460//486 864//483 
f 397//482 396//484 897//481 
f 459//480 397//482 899//479 
f 458//478 459//480 898//477 
f 337//476 458//478 900//475 
f 338//474 337//476 866//473 
f 394//472 338//474 817//471 
f 457//470 394//472 816//469 
f 392//468 457//470 901//467 
f 393//466 392//468 867//465 
f 516//464 393//466 819//463 
f 515//462 516//464 818//461 
f 335//460 515//462 902//459 
f 336//458 335//460 926//457 
f 391//456 336//458 869//455 
f 389//454 391//456 868//453 
f 390//452 389//454 903//451 
f 559//450 390//452 905//449 
f 560//448 559//450 904//447 
f 513//446 560//448 963//445 
f 514//444 513//446 962//443 
f 512//442 514//444 766//441 
f 456//440 512//442 765//439 
f 364//438 456//440 734//437 
f 365//436 364//438 733//435 
f 320//434 365//436 750//433 
f 321//432 320//434 749//431 
f 318//430 321//432 752//429 
f 319//428 318//430 751//427 
f 362//426 319//428 767//425 
f 363//424 362//426 786//423 
f 316//422 363//424 788//421 
f 317//420 316//422 787//419 
f 314//418 317//420 769//417 
f 315//416 314//418 768//415 
f 489//414 315//416 771//413 
f 360//412 489//414 770//411 
f 361//410 360//412 906//409 
f 312//408 361//410 908//407 
f 313//406 312//408 907//405 
f 301//404 313//406 910//403 
f 295//402 301//404 909//401 
f 296//400 295//402 870//399 
f 293//398 296//400 821//397 
f 294//396 293//398 820//395 
f 300//394 294//396 823//393 
f 432//392 300//394 822//391 
f 488//390 432//392 871//389 
f 487//388 488//390 1009//387 
f 430//386 487//388 1008//385 
f 431//384 430//386 965//383 
f 530//382 431//384 964//381 
f 531//380 530//382 966//379 
f 529//378 531//380 1039//377 
f 486//376 529//378 1038//375 
f 428//374 486//376 1040//373 
f 429//372 428//374 1010//371 
f 484//370 429//372 968//369 
f 485//368 484//370 967//367 
f 482//366 485//368 970//365 
f 483//364 482//366 969//363 
f 359//362 483//364 972//361 
f 311//360 359//362 971//359 
f 426//358 311//360 928//357 
f 427//356 426//358 927//355 
f 424//354 427//356 930//353 
f 425//352 424//354 929//351 
f 481//350 425//352 932//349 
f 479//348 481//350 931//347 
f 480//346 479//348 973//345 
f 357//344 480//346 1012//343 
f 358//342 357//344 1011//341 
f 299//340 358//342 873//339 
f 310//338 299//340 872//337 
f 308//336 310//338 824//335 
f 309//334 308//336 874//333 
f 355//332 309//334 876//331 
f 356//330 355//332 911//329 
f 423//328 356//330 913//327 
f 527//326 423//328 933//325 
f 528//324 527//326 1013//323 
f 525//322 528//324 1042//321 
f 526//320 525//322 1077//319 
f 478//318 526//320 1079//317 
f 477//316 478//318 1081//315 
f 420//314 477//316 1115//313 
f 421//312 420//314 1044//311 
f 522//310 421//312 1082//309 
f 523//308 522//310 1117//307 
f 475//306 523//308 1138//305 
f 474//304 475//306 1083//303 
f 417//302 474//304 1118//301 
f 418//300 417//302 1047//299 
f 472//298 418//300 1085//297 
f 414//296 472//298 1120//295 
f 415//294 414//296 1119//293 
o mesh8
f 726//579 731//580 644//580 
f 725//581 726//579 547//582 
f 727//583 725//581 546//584 
f 730//585 727//583 579//586 
f 743//587 730//585 608//588 
f 744//589 743//587 645//590 
f 785//591 744//589 670//592 
f 745//593 785//591 669//594 
f 764//595 745//593 699//596 
f 746//597 764//595 671//598 
f 747//599 746//597 647//600 
f 784//601 747//599 646//602 
f 808//603 784//601 649//604 
f 782//605 808//603 648//606 
f 783//607 782//605 672//608 
f 762//609 783//607 674//610 
f 763//611 762//609 673//612 
f 760//613 763//611 676//614 
f 761//615 760//613 675//616 
f 806//617 761//615 678//618 
f 807//619 806//617 677//620 
f 758//621 807//619 701//622 
f 759//623 758//621 700//624 
f 728//625 759//623 680//626 
f 729//627 728//625 679//628 
f 757//629 729//627 610//630 
f 781//631 757//629 609//632 
f 755//633 781//631 650//634 
f 756//635 755//633 326//636 
f 804//637 756//635 370//638 
f 805//639 804//637 325//640 
f 803//641 805//639 372//642 
f 779//643 803//641 371//644 
f 780//645 779//643 373//646 
f 841//647 780//645 328//648 
f 842//649 841//647 327//650 
f 840//651 842//649 441//652 
f 801//653 840//651 440//654 
f 802//655 801//653 442//656 
f 886//657 802//655 375//658 
f 884//659 886//657 374//660 
f 885//661 884//659 494//662 
f 882//663 885//661 496//664 
f 883//665 882//663 495//666 
f 915//667 883//665 540//668 
f 881//669 915//667 576//670 
f 880//671 881//669 577//672 
f 838//673 880//671 607//674 
f 839//675 838//673 541//676 
f 835//677 839//675 499//678 
f 836//679 835//677 542//680 
f 879//681 836//679 501//682 
f 833//683 879//681 544//684 
f 800//685 833//683 543//686 
f 832//687 800//685 378//688 
f 798//689 832//687 377//690 
f 831//691 798//689 381//692 
f 778//693 831//691 380//694 
f 796//695 778//693 384//696 
f 776//697 796//695 383//698 
f 795//699 776//697 444//700 
f 794//701 795//699 446//702 
f 773//703 794//701 448//704 
f 754//705 773//703 447//706 
f 740//707 754//705 330//708 
f 738//709 740//707 329//710 
f 830//711 738//709 332//712 
f 829//713 830//711 450//714 
f 792//715 829//713 449//716 
f 793//717 792//715 387//718 
f 827//719 793//717 386//720 
f 828//721 827//719 452//722 
f 736//723 828//721 545//724 
f 737//725 736//723 712//726 
f 753//727 737//725 581//728 
f 772//729 753//727 580//730 
f 791//731 772//729 651//732 
f 789//733 791//731 681//734 
f 790//735 789//733 702//736 
f 985//737 790//735 704//738 
f 941//739 985//737 703//740 
f 942//741 941//739 656//742 
f 1017//743 942//741 619//744 
f 939//745 1017//743 618//746 
f 940//747 939//745 684//748 
f 984//749 940//747 621//750 
f 982//751 984//749 620//752 
f 983//753 982//751 657//754 
f 937//755 983//753 659//756 
f 938//757 937//755 658//758 
f 980//759 938//757 623//760 
f 981//761 980//759 622//762 
f 1016//763 981//761 625//764 
f 978//765 1016//763 624//766 
f 979//767 978//765 626//768 
f 1022//769 979//767 590//770 
f 1023//771 1022//769 627//772 
f 946//773 1023//771 592//774 
f 947//775 946//773 591//776 
f 944//777 947//775 594//778 
f 945//779 944//777 593//780 
f 894//781 945//779 628//782 
f 895//783 894//781 660//784 
f 893//785 895//783 507//786 
f 858//787 893//785 506//788 
f 859//789 858//787 508//790 
f 891//791 859//789 455//792 
f 892//793 891//791 454//794 
f 857//795 892//793 553//796 
f 814//797 857//795 552//798 
f 815//799 814//797 554//800 
f 855//801 815//799 510//802 
f 856//803 855//801 509//804 
f 916//805 856//803 556//806 
f 890//807 916//805 555//808 
f 854//809 890//807 595//810 
f 1029//811 854//809 511//812 
f 1030//813 1029//811 503//814 
f 1072//815 1030//813 502//816 
f 1106//817 1072//815 548//818 
f 994//819 1106//817 550//820 
f 995//821 994//819 549//822 
f 1028//823 995//821 505//824 
f 1071//825 1028//823 504//826 
f 992//827 1071//825 551//828 
f 993//829 992//827 583//830 
f 1027//831 993//829 585//832 
f 1026//833 1027//831 584//834 
f 990//835 1026//833 611//836 
f 991//837 990//835 652//838 
f 1104//839 991//837 613//840 
f 1105//841 1104//839 612//842 
f 1070//843 1105//841 654//844 
f 1024//845 1070//843 653//846 
f 1025//847 1024//845 614//848 
f 1068//849 1025//847 587//850 
f 1069//851 1068//849 586//852 
f 1102//853 1069//851 616//854 
f 1103//855 1102//853 615//856 
f 1066//857 1103//855 683//858 
f 1067//859 1066//857 682//860 
f 1101//861 1067//859 617//862 
f 1065//863 1101//861 588//864 
f 731//580 1065//863 655//863 
f 655//863 644//580 731//580 
f 588//864 655//863 1065//863 
f 617//862 588//864 1101//861 
f 682//860 617//862 1067//859 
f 683//858 682//860 1066//857 
f 615//856 683//858 1103//855 
f 616//854 615//856 1102//853 
f 586//852 616//854 1069//851 
f 587//850 586//852 1068//849 
f 614//848 587//850 1025//847 
f 653//846 614//848 1024//845 
f 654//844 653//846 1070//843 
f 612//842 654//844 1105//841 
f 613//840 612//842 1104//839 
f 652//838 613//840 991//837 
f 611//836 652//838 990//835 
f 584//834 611//836 1026//833 
f 585//832 584//834 1027//831 
f 583//830 585//832 993//829 
f 551//828 583//830 992//827 
f 504//826 551//828 1071//825 
f 505//824 504//826 1028//823 
f 549//822 505//824 995//821 
f 550//820 549//822 994//819 
f 548//818 550//820 1106//817 
f 502//816 548//818 1072//815 
f 503//814 502//816 1030//813 
f 511//812 503//814 1029//811 
f 595//810 511//812 854//809 
f 555//808 595//810 890//807 
f 556//806 555//808 916//805 
f 509//804 556//806 856//803 
f 510//802 509//804 855//801 
f 554//800 510//802 815//799 
f 552//798 554//800 814//797 
f 553//796 552//798 857//795 
f 454//794 553//796 892//793 
f 455//792 454//794 891//791 
f 508//790 455//792 859//789 
f 506//788 508//790 858//787 
f 507//786 506//788 893//785 
f 660//784 507//786 895//783 
f 628//782 660//784 894//781 
f 593//780 628//782 945//779 
f 594//778 593//780 944//777 
f 591//776 594//778 947//775 
f 592//774 591//776 946//773 
f 627//772 592//774 1023//771 
f 590//770 627//772 1022//769 
f 626//768 590//770 979//767 
f 624//766 626//768 978//765 
f 625//764 624//766 1016//763 
f 622//762 625//764 981//761 
f 623//760 622//762 980//759 
f 658//758 623//760 938//757 
f 659//756 658//758 937//755 
f 657//754 659//756 983//753 
f 620//752 657//754 982//751 
f 621//750 620//752 984//749 
f 684//748 621//750 940//747 
f 618//746 684//748 939//745 
f 619//744 618//746 1017//743 
f 656//742 619//744 942//741 
f 703//740 656//742 941//739 
f 704//738 703//740 985//737 
f 702//736 704//738 790//735 
f 681//734 702//736 789//733 
f 651//732 681//734 791//731 
f 580//730 651//732 772//729 
f 581//728 580//730 753//727 
f 712//726 581//728 737//725 
f 545//724 712//726 736//723 
f 452//722 545//724 828//721 
f 386//720 452//722 827//719 
f 387//718 386//720 793//717 
f 449//716 387//718 792//715 
f 450//714 449//716 829//713 
f 332//712 450//714 830//711 
f 329//710 332//712 738//709 
f 330//708 329//710 740//707 
f 447//706 330//708 754//705 
f 448//704 447//706 773//703 
f 446//702 448//704 794//701 
f 444//700 446//702 795//699 
f 383//698 444//700 776//697 
f 384//696 383//698 796//695 
f 380//694 384//696 778//693 
f 381//692 380//694 831//691 
f 377//690 381//692 798//689 
f 378//688 377//690 832//687 
f 543//686 378//688 800//685 
f 544//684 543//686 833//683 
f 501//682 544//684 879//681 
f 542//680 501//682 836//679 
f 499//678 542//680 835//677 
f 541//676 499//678 839//675 
f 607//674 541//676 838//673 
f 577//672 607//674 880//671 
f 576//670 577//672 881//669 
f 540//668 576//670 915//667 
f 495//666 540//668 883//665 
f 496//664 495//666 882//663 
f 494//662 496//664 885//661 
f 374//660 494//662 884//659 
f 375//658 374//660 886//657 
f 442//656 375//658 802//655 
f 440//654 442//656 801//653 
f 441//652 440//654 840//651 
f 327//650 441//652 842//649 
f 328//648 327//650 841//647 
f 373//646 328//648 780//645 
f 371//644 373//646 779//643 
f 372//642 371//644 803//641 
f 325//640 372//642 805//639 
f 370//638 325//640 804//637 
f 326//636 370//638 756//635 
f 650//634 326//636 755//633 
f 609//632 650//634 781//631 
f 610//630 609//632 757//629 
f 679//628 610//630 729//627 
f 680//626 679//628 728//625 
f 700//624 680//626 759//623 
f 701//622 700//624 758//621 
f 677//620 701//622 807//619 
f 678//618 677//620 806//617 
f 675//616 678//618 761//615 
f 676//614 675//616 760//613 
f 673//612 676//614 763//611 
f 674//610 673//612 762//609 
f 672//608 674//610 783//607 
f 648//606 672//608 782//605 
f 649//604 648//606 808//603 
f 646//602 649//604 784//601 
f 647//600 646//602 747//599 
f 671//598 647//600 746//597 
f 699//596 671//598 764//595 
f 669//594 699//596 745//593 
f 670//592 669//594 785//591 
f 645//590 670//592 744//589 
f 608//588 645//590 743//587 
f 579//586 608//588 730//585 
f 546//584 579//586 727//583 
f 547//582 546//584 725//581 
f 644//580 547//582 726//579 
o mesh9
f 1078//865 532//865 298//866 
f 1080//866 298//866 476//867 
f 1045//867 476//867 422//868 
f 1046//868 422//868 524//869 
f 1116//869 524//869 521//870 
f 1084//870 521//870 473//871 
f 1048//871 473//871 419//872 
f 1049//872 419//872 471//873 
f 1086//873 471//873 416//874 
f 1121//874 416//874 413//875 
f 1132//875 413//875 411//876 
f 1032//876 411//876 406//877 
f 997//877 406//877 351//878 
f 998//878 351//878 290//879 
f 896//879 290//879 289//880 
f 860//880 289//880 305//881 
f 918//881 305//881 345//882 
f 950//882 345//882 302//883 
f 1001//883 302//883 344//884 
f 1003//884 344//884 469//885 
f 1075//885 469//885 518//886 
f 1108//886 518//886 565//887 
f 1112//887 565//887 468//888 
f 954//888 468//888 467//889 
f 1005//889 467//889 403//890 
f 956//890 403//890 343//891 
f 922//891 343//891 341//892 
f 925//892 341//892 340//893 
f 957//893 340//893 399//894 
f 961//894 399//894 395//895 
f 863//895 395//895 693//896 
f 1141//896 693//896 692//897 
f 1147//897 692//897 708//898 
f 1140//898 708//898 709//899 
f 1124//899 709//899 695//900 
f 1125//900 695//900 694//901 
f 1087//901 694//901 697//902 
f 1088//902 697//902 696//903 
f 1123//903 696//903 710//904 
f 1122//904 710//904 711//905 
f 1052//905 711//905 665//906 
f 1053//906 665//906 664//907 
f 1051//907 664//907 667//908 
f 1155//908 667//908 722//909 
f 1156//909 722//909 721//910 
f 1153//910 721//910 724//911 
f 1154//911 724//911 723//912 
f 1159//912 723//912 718//913 
f 1160//913 718//913 717//914 
f 1060//914 717//914 630//915 
f 1061//915 630//915 629//916 
f 1095//916 629//916 661//917 
f 1093//917 661//917 663//918 
f 1094//918 663//918 662//919 
f 1091//919 662//919 686//920 
f 1092//920 686//920 685//921 
f 1089//921 685//921 706//922 
f 1090//922 706//922 705//923 
f 1152//923 705//923 719//924 
f 1058//924 719//924 632//925 
f 1059//925 632//925 631//926 
f 977//926 631//926 596//927 
f 935//927 596//927 558//928 
f 936//928 558//928 557//929 
f 975//929 557//929 598//930 
f 976//930 598//930 597//931 
f 1057//931 597//931 687//932 
f 1055//932 687//932 689//933 
f 1056//933 689//933 688//934 
f 1054//934 688//934 707//935 
f 1014//935 707//935 691//936 
f 1015//936 691//936 690//937 
f 1128//937 690//937 714//938 
f 1129//938 714//938 713//939 
f 1126//939 713//939 716//940 
f 1127//940 716//940 715//941 
f 1142//941 715//941 720//942 
f 1150//942 720//942 589//943 
f 1151//943 589//943 582//944 
f 1148//944 582//944 578//945 
f 1149//945 578//945 451//946 
f 1157//946 451//946 388//947 
f 1158//947 388//947 385//948 
f 735//948 385//948 333//949 
f 739//949 333//949 331//950 
f 741//950 331//950 445//951 
f 774//951 445//951 382//952 
f 775//952 382//952 379//953 
f 777//953 379//953 376//954 
f 797//954 376//954 443//955 
f 799//955 443//955 500//956 
f 878//956 500//956 498//957 
f 834//957 498//957 497//958 
f 837//958 497//958 324//959 
f 742//959 324//959 539//960 
f 843//960 539//960 493//961 
f 809//961 493//961 439//962 
f 810//962 439//962 492//963 
f 844//963 492//963 538//964 
f 887//964 538//964 491//965 
f 845//965 491//965 438//966 
f 846//966 438//966 437//967 
f 847//967 437//967 436//968 
f 848//968 436//968 435//969 
f 849//969 435//969 490//970 
f 888//970 490//970 434//971 
f 850//971 434//971 369//972 
f 851//972 369//972 368//973 
f 811//973 368//973 323//974 
f 812//974 323//974 322//975 
f 813//975 322//975 367//976 
f 852//976 367//976 366//977 
f 853//977 366//977 433//978 
f 889//978 433//978 537//979 
f 943//979 537//979 575//980 
f 986//980 575//980 574//981 
f 987//981 574//981 606//982 
f 1018//982 606//982 573//983 
f 1019//983 573//983 643//984 
f 1096//984 643//984 605//985 
f 1097//985 605//985 698//986 
f 1143//986 698//986 642//987 
f 1062//987 642//987 604//988 
f 1063//988 604//988 641//989 
f 1098//989 641//989 640//990 
f 1099//990 640//990 536//991 
f 988//991 536//991 572//992 
f 989//992 572//992 571//993 
f 1020//993 571//993 570//994 
f 1021//994 570//994 569//995 
f 1064//995 569//995 639//996 
f 1100//996 639//996 638//997 
f 1130//997 638//997 668//998 
f 1144//998 668//998 637//999 
f 1145//999 637//999 636//1000 
f 825//1000 636//1000 568//1001 
f 826//1001 568//1001 567//1002 
f 875//1002 567//1002 566//1003 
f 877//1003 566//1003 535//1004 
f 912//1004 535//1004 534//1005 
f 914//1005 534//1005 603//1006 
f 974//1006 603//1006 602//1007 
f 1041//1007 602//1007 533//1008 
f 1043//1008 533//1008 532//865 
f 532//865 1078//865 1043//1008 
f 533//1008 1043//1008 1041//1007 
f 602//1007 1041//1007 974//1006 
f 603//1006 974//1006 914//1005 
f 534//1005 914//1005 912//1004 
f 535//1004 912//1004 877//1003 
f 566//1003 877//1003 875//1002 
f 567//1002 875//1002 826//1001 
f 568//1001 826//1001 825//1000 
f 636//1000 825//1000 1145//999 
f 637//999 1145//999 1144//998 
f 668//998 1144//998 1130//997 
f 638//997 1130//997 1100//996 
f 639//996 1100//996 1064//995 
f 569//995 1064//995 1021//994 
f 570//994 1021//994 1020//993 
f 571//993 1020//993 989//992 
f 572//992 989//992 988//991 
f 536//991 988//991 1099//990 
f 640//990 1099//990 1098//989 
f 641//989 1098//989 1063//988 
f 604//988 1063//988 1062//987 
f 642//987 1062//987 1143//986 
f 698//986 1143//986 1097//985 
f 605//985 1097//985 1096//984 
f 643//984 1096//984 1019//983 
f 573//983 1019//983 1018//982 
f 606//982 1018//982 987//981 
f 574//981 987//981 986//980 
f 575//980 986//980 943//979 
f 537//979 943//979 889//978 
f 433//978 889//978 853//977 
f 366//977 853//977 852//976 
f 367//976 852//976 813//975 
f 322//975 813//975 812//974 
f 323//974 812//974 811//973 
f 368//973 811//973 851//972 
f 369//972 851//972 850//971 
f 434//971 850//971 888//970 
f 490//970 888//970 849//969 
f 435//969 849//969 848//968 
f 436//968 848//968 847//967 
f 437//967 847//967 846//966 
f 438//966 846//966 845//965 
f 491//965 845//965 887//964 
f 538//964 887//964 844//963 
f 492//963 844//963 810//962 
f 439//962 810//962 809//961 
f 493//961 809//961 843//960 
f 539//960 843//960 742//959 
f 324//959 742//959 837//958 
f 497//958 837//958 834//957 
f 498//957 834//957 878//956 
f 500//956 878//956 799//955 
f 443//955 799//955 797//954 
f 376//954 797//954 777//953 
f 379//953 777//953 775//952 
f 382//952 775//952 774//951 
f 445//951 774//951 741//950 
f 331//950 741//950 739//949 
f 333//949 739//949 735//948 
f 385//948 735//948 1158//947 
f 388//947 1158//947 1157//946 
f 451//946 1157//946 1149//945 
f 578//945 1149//945 1148//944 
f 582//944 1148//944 1151//943 
f 589//943 1151//943 1150//942 
f 720//942 1150//942 1142//941 
f 715//941 1142//941 1127//940 
f 716//940 1127//940 1126//939 
f 713//939 1126//939 1129//938 
f 714//938 1129//938 1128//937 
f 690//937 1128//937 1015//936 
f 691//936 1015//936 1014//935 
f 707//935 1014//935 1054//934 
f 688//934 1054//934 1056//933 
f 689//933 1056//933 1055//932 
f 687//932 1055//932 1057//931 
f 597//931 1057//931 976//930 
f 598//930 976//930 975//929 
f 557//929 975//929 936//928 
f 558//928 936//928 935//927 
f 596//927 935//927 977//926 
f 631//926 977//926 1059//925 
f 632//925 1059//925 1058//924 
f 719//924 1058//924 1152//923 
f 705//923 1152//923 1090//922 
f 706//922 1090//922 1089//921 
f 685//921 1089//921 1092//920 
f 686//920 1092//920 1091//919 
f 662//919 1091//919 1094//918 
f 663//918 1094//918 1093//917 
f 661//917 1093//917 1095//916 
f 629//916 1095//916 1061//915 
f 630//915 1061//915 1060//914 
f 717//914 1060//914 1160//913 
f 718//913 1160//913 1159//912 
f 723//912 1159//912 1154//911 
f 724//911 1154//911 1153//910 
f 721//910 1153//910 1156//909 
f 722//909 1156//909 1155//908 
f 667//908 1155//908 1051//907 
f 664//907 1051//907 1053//906 
f 665//906 1053//906 1052//905 
f 711//905 1052//905 1122//904 
f 710//904 1122//904 1123//903 
f 696//903 1123//903 1088//902 
f 697//902 1088//902 1087//901 
f 694//901 1087//901 1125//900 
f 695//900 1125//900 1124//899 
f 709//899 1124//899 1140//898 
f 708//898 1140//898 1147//897 
f 692//897 1147//897 1141//896 
f 693//896 1141//896 863//895 
f 395//895 863//895 961//894 
f 399//894 961//894 957//893 
f 340//893 957//893 925//892 
f 341//892 925//892 922//891 
f 343//891 922//891 956//890 
f 403//890 956//890 1005//889 
f 467//889 1005//889 954//888 
f 468//888 954//888 1112//887 
f 565//887 1112//887 1108//886 
f 518//886 1108//886 1075//885 
f 469//885 1075//885 1003//884 
f 344//884 1003//884 1001//883 
f 302//883 1001//883 950//882 
f 345//882 950//882 918//881 
f 305//881 918//881 860//880 
f 289//880 860//880 896//879 
f 290//879 896//879 998//878 
f 351//878 998//878 997//877 
f 406//877 997//877 1032//876 
f 411//876 1032//876 1132//875 
f 413//875 1132//875 1121//874 
f 416//874 1121//874 1086//873 
f 471//873 1086//873 1049//872 
f 419//872 1049//872 1048//871 
f 473//871 1048//871 1084//870 
f 521//870 1084//870 1116//869 
f 524//869 1116//869 1046//868 
f 422//868 1046//868 1045//867 
f 476//867 1045//867 1080//866 
f 298//866 1080//866 1078//865 
